2026-03-03 15:20:53,615 - __main__ - INFO - Starting Employee Productivity API...
2026-03-03 15:20:53,617 - __main__ - INFO - Loading model and preprocessor using model_utils...
2026-03-03 15:20:53,622 - __main__ - ERROR - Error loading model: Failed to load model. Error: No file or directory found at Performance Productivity Model/advanced_feedback_model.h5
2026-03-03 15:20:53,650 - __main__ - ERROR - Traceback (most recent call last):
  File "F:\Current\2025 Slit_July Active\HR group G4 PP1--Done\ReactWeb_AppV26\Performance_Productivity\model_utils.py", line 7, in load_feedback_model
    model = load_model(model_path)
  File "C:\Users\AroosoftMars\AppData\Local\Programs\Python\Python38\lib\site-packages\keras\saving\saving_api.py", line 212, in load_model
    return legacy_sm_saving_lib.load_model(
  File "C:\Users\AroosoftMars\AppData\Local\Programs\Python\Python38\lib\site-packages\keras\utils\traceback_utils.py", line 70, in error_handler
    raise e.with_traceback(filtered_tb) from None
  File "C:\Users\AroosoftMars\AppData\Local\Programs\Python\Python38\lib\site-packages\keras\saving\legacy\save.py", line 230, in load_model
    raise IOError(
OSError: No file or directory found at Performance Productivity Model/advanced_feedback_model.h5

During handling of the above exception, another exception occurred:

Traceback (most recent call last):
  File "Performance_Productivity/Api.py", line 52, in load_model_and_preprocessor
    model = load_feedback_model()
  File "F:\Current\2025 Slit_July Active\HR group G4 PP1--Done\ReactWeb_AppV26\Performance_Productivity\model_utils.py", line 11, in load_feedback_model
    raise FileNotFoundError(f"Failed to load model. Error: {e}")
FileNotFoundError: Failed to load model. Error: No file or directory found at Performance Productivity Model/advanced_feedback_model.h5

2026-03-03 15:20:53,667 - werkzeug - INFO - [31m[1mWARNING: This is a development server. Do not use it in a production deployment. Use a production WSGI server instead.[0m
 * Running on all addresses (0.0.0.0)
 * Running on http://127.0.0.1:5002
 * Running on http://10.175.192.163:5002
2026-03-03 15:20:53,667 - werkzeug - INFO - [33mPress CTRL+C to quit[0m
2026-03-03 15:20:53,671 - werkzeug - INFO -  * Restarting with watchdog (windowsapi)
2026-03-03 15:20:56,855 - __main__ - INFO - Starting Employee Productivity API...
2026-03-03 15:20:56,858 - __main__ - INFO - Loading model and preprocessor using model_utils...
2026-03-03 15:20:56,858 - __main__ - ERROR - Error loading model: Failed to load model. Error: No file or directory found at Performance Productivity Model/advanced_feedback_model.h5
2026-03-03 15:20:56,859 - __main__ - ERROR - Traceback (most recent call last):
  File "F:\Current\2025 Slit_July Active\HR group G4 PP1--Done\ReactWeb_AppV26\Performance_Productivity\model_utils.py", line 7, in load_feedback_model
    model = load_model(model_path)
  File "C:\Users\AroosoftMars\AppData\Local\Programs\Python\Python38\lib\site-packages\keras\saving\saving_api.py", line 212, in load_model
    return legacy_sm_saving_lib.load_model(
  File "C:\Users\AroosoftMars\AppData\Local\Programs\Python\Python38\lib\site-packages\keras\utils\traceback_utils.py", line 70, in error_handler
    raise e.with_traceback(filtered_tb) from None
  File "C:\Users\AroosoftMars\AppData\Local\Programs\Python\Python38\lib\site-packages\keras\saving\legacy\save.py", line 230, in load_model
    raise IOError(
OSError: No file or directory found at Performance Productivity Model/advanced_feedback_model.h5

During handling of the above exception, another exception occurred:

Traceback (most recent call last):
  File "F:\Current\2025 Slit_July Active\HR group G4 PP1--Done\ReactWeb_AppV26\Performance_Productivity\Api.py", line 52, in load_model_and_preprocessor
    model = load_feedback_model()
  File "F:\Current\2025 Slit_July Active\HR group G4 PP1--Done\ReactWeb_AppV26\Performance_Productivity\model_utils.py", line 11, in load_feedback_model
    raise FileNotFoundError(f"Failed to load model. Error: {e}")
FileNotFoundError: Failed to load model. Error: No file or directory found at Performance Productivity Model/advanced_feedback_model.h5

2026-03-03 15:20:56,874 - werkzeug - WARNING -  * Debugger is active!
2026-03-03 15:20:56,883 - werkzeug - INFO -  * Debugger PIN: 123-501-001
2026-03-03 15:21:02,684 - werkzeug - INFO - 127.0.0.1 - - [03/Mar/2026 15:21:02] "GET /api/test HTTP/1.1" 200 -
2026-03-03 22:22:07,554 - __main__ - INFO - Starting Employee Productivity API...
2026-03-03 22:22:07,558 - __main__ - INFO - Loading model and preprocessor using model_utils...
2026-03-03 22:22:07,562 - __main__ - ERROR - Error loading model: Failed to load model. Error: No file or directory found at Performance Productivity Model/advanced_feedback_model.h5
2026-03-03 22:22:07,621 - __main__ - ERROR - Traceback (most recent call last):
  File "C:\Users\pavat\Desktop\HRReactWeb_AppV26\HRReactWeb_AppV26\Performance_Productivity\model_utils.py", line 7, in load_feedback_model
    model = load_model(model_path)
  File "C:\Users\pavat\Desktop\MyFinal\Lib\Python38\lib\site-packages\keras\utils\traceback_utils.py", line 67, in error_handler
    raise e.with_traceback(filtered_tb) from None
  File "C:\Users\pavat\Desktop\MyFinal\Lib\Python38\lib\site-packages\keras\saving\save.py", line 209, in load_model
    raise IOError(f'No file or directory found at {filepath}')
OSError: No file or directory found at Performance Productivity Model/advanced_feedback_model.h5

During handling of the above exception, another exception occurred:

Traceback (most recent call last):
  File "Performance_Productivity/Api.py", line 52, in load_model_and_preprocessor
    model = load_feedback_model()
  File "C:\Users\pavat\Desktop\HRReactWeb_AppV26\HRReactWeb_AppV26\Performance_Productivity\model_utils.py", line 11, in load_feedback_model
    raise FileNotFoundError(f"Failed to load model. Error: {e}")
FileNotFoundError: Failed to load model. Error: No file or directory found at Performance Productivity Model/advanced_feedback_model.h5

2026-03-03 22:22:07,649 - werkzeug - INFO - [31m[1mWARNING: This is a development server. Do not use it in a production deployment. Use a production WSGI server instead.[0m
 * Running on all addresses (0.0.0.0)
 * Running on http://127.0.0.1:5002
 * Running on http://192.168.8.155:5002
2026-03-03 22:22:07,649 - werkzeug - INFO - [33mPress CTRL+C to quit[0m
2026-03-03 22:22:07,667 - werkzeug - INFO -  * Restarting with watchdog (windowsapi)
2026-03-03 22:22:16,800 - __main__ - INFO - Starting Employee Productivity API...
2026-03-03 22:22:16,802 - __main__ - INFO - Loading model and preprocessor using model_utils...
2026-03-03 22:22:16,802 - __main__ - ERROR - Error loading model: Failed to load model. Error: No file or directory found at Performance Productivity Model/advanced_feedback_model.h5
2026-03-03 22:22:16,803 - __main__ - ERROR - Traceback (most recent call last):
  File "C:\Users\pavat\Desktop\HRReactWeb_AppV26\HRReactWeb_AppV26\Performance_Productivity\model_utils.py", line 7, in load_feedback_model
    model = load_model(model_path)
  File "C:\Users\pavat\Desktop\MyFinal\Lib\Python38\lib\site-packages\keras\utils\traceback_utils.py", line 67, in error_handler
    raise e.with_traceback(filtered_tb) from None
  File "C:\Users\pavat\Desktop\MyFinal\Lib\Python38\lib\site-packages\keras\saving\save.py", line 209, in load_model
    raise IOError(f'No file or directory found at {filepath}')
OSError: No file or directory found at Performance Productivity Model/advanced_feedback_model.h5

During handling of the above exception, another exception occurred:

Traceback (most recent call last):
  File "C:\Users\pavat\Desktop\HRReactWeb_AppV26\HRReactWeb_AppV26\Performance_Productivity\Api.py", line 52, in load_model_and_preprocessor
    model = load_feedback_model()
  File "C:\Users\pavat\Desktop\HRReactWeb_AppV26\HRReactWeb_AppV26\Performance_Productivity\model_utils.py", line 11, in load_feedback_model
    raise FileNotFoundError(f"Failed to load model. Error: {e}")
FileNotFoundError: Failed to load model. Error: No file or directory found at Performance Productivity Model/advanced_feedback_model.h5

2026-03-03 22:22:16,808 - werkzeug - WARNING -  * Debugger is active!
2026-03-03 22:22:16,812 - werkzeug - INFO -  * Debugger PIN: 796-502-977
2026-03-03 22:22:54,985 - __main__ - INFO - Starting Employee Productivity API...
2026-03-03 22:22:54,987 - __main__ - INFO - Loading model and preprocessor using model_utils...
2026-03-03 22:22:54,987 - __main__ - ERROR - Error loading model: Failed to load model. Error: No file or directory found at Performance Productivity Model/advanced_feedback_model.h5
2026-03-03 22:22:54,988 - __main__ - ERROR - Traceback (most recent call last):
  File "C:\Users\pavat\Desktop\HRReactWeb_AppV26\HRReactWeb_AppV26\Performance_Productivity\model_utils.py", line 7, in load_feedback_model
    model = load_model(model_path)
  File "C:\Users\pavat\Desktop\MyFinal\Lib\Python38\lib\site-packages\keras\utils\traceback_utils.py", line 67, in error_handler
    raise e.with_traceback(filtered_tb) from None
  File "C:\Users\pavat\Desktop\MyFinal\Lib\Python38\lib\site-packages\keras\saving\save.py", line 209, in load_model
    raise IOError(f'No file or directory found at {filepath}')
OSError: No file or directory found at Performance Productivity Model/advanced_feedback_model.h5

During handling of the above exception, another exception occurred:

Traceback (most recent call last):
  File "Performance_Productivity/Api.py", line 52, in load_model_and_preprocessor
    model = load_feedback_model()
  File "C:\Users\pavat\Desktop\HRReactWeb_AppV26\HRReactWeb_AppV26\Performance_Productivity\model_utils.py", line 11, in load_feedback_model
    raise FileNotFoundError(f"Failed to load model. Error: {e}")
FileNotFoundError: Failed to load model. Error: No file or directory found at Performance Productivity Model/advanced_feedback_model.h5

2026-03-03 22:22:55,006 - werkzeug - INFO - [31m[1mWARNING: This is a development server. Do not use it in a production deployment. Use a production WSGI server instead.[0m
 * Running on all addresses (0.0.0.0)
 * Running on http://127.0.0.1:5002
 * Running on http://192.168.8.155:5002
2026-03-03 22:22:55,007 - werkzeug - INFO - [33mPress CTRL+C to quit[0m
2026-03-03 22:22:55,020 - werkzeug - INFO -  * Restarting with watchdog (windowsapi)
2026-03-03 22:23:01,720 - __main__ - INFO - Starting Employee Productivity API...
2026-03-03 22:23:01,722 - __main__ - INFO - Loading model and preprocessor using model_utils...
2026-03-03 22:23:01,723 - __main__ - ERROR - Error loading model: Failed to load model. Error: No file or directory found at Performance Productivity Model/advanced_feedback_model.h5
2026-03-03 22:23:01,724 - __main__ - ERROR - Traceback (most recent call last):
  File "C:\Users\pavat\Desktop\HRReactWeb_AppV26\HRReactWeb_AppV26\Performance_Productivity\model_utils.py", line 7, in load_feedback_model
    model = load_model(model_path)
  File "C:\Users\pavat\Desktop\MyFinal\Lib\Python38\lib\site-packages\keras\utils\traceback_utils.py", line 67, in error_handler
    raise e.with_traceback(filtered_tb) from None
  File "C:\Users\pavat\Desktop\MyFinal\Lib\Python38\lib\site-packages\keras\saving\save.py", line 209, in load_model
    raise IOError(f'No file or directory found at {filepath}')
OSError: No file or directory found at Performance Productivity Model/advanced_feedback_model.h5

During handling of the above exception, another exception occurred:

Traceback (most recent call last):
  File "C:\Users\pavat\Desktop\HRReactWeb_AppV26\HRReactWeb_AppV26\Performance_Productivity\Api.py", line 52, in load_model_and_preprocessor
    model = load_feedback_model()
  File "C:\Users\pavat\Desktop\HRReactWeb_AppV26\HRReactWeb_AppV26\Performance_Productivity\model_utils.py", line 11, in load_feedback_model
    raise FileNotFoundError(f"Failed to load model. Error: {e}")
FileNotFoundError: Failed to load model. Error: No file or directory found at Performance Productivity Model/advanced_feedback_model.h5

2026-03-03 22:23:01,729 - werkzeug - WARNING -  * Debugger is active!
2026-03-03 22:23:01,734 - werkzeug - INFO -  * Debugger PIN: 796-502-977
2026-03-03 23:50:07,540 - __main__ - INFO - Starting Employee Productivity API...
2026-03-03 23:50:07,542 - __main__ - INFO - Loading model and preprocessor using model_utils...
2026-03-03 23:50:07,547 - __main__ - ERROR - Error loading model: Failed to load model. Error: No file or directory found at Performance Productivity Model/advanced_feedback_model.h5
2026-03-03 23:50:07,549 - __main__ - ERROR - Traceback (most recent call last):
  File "C:\Users\pavat\Desktop\HRReactWeb_AppV26\HRReactWeb_AppV26\Performance_Productivity\model_utils.py", line 7, in load_feedback_model
    model = load_model(model_path)
  File "C:\Users\pavat\Desktop\MyFinal\Lib\Python38\lib\site-packages\keras\utils\traceback_utils.py", line 67, in error_handler
    raise e.with_traceback(filtered_tb) from None
  File "C:\Users\pavat\Desktop\MyFinal\Lib\Python38\lib\site-packages\keras\saving\save.py", line 209, in load_model
    raise IOError(f'No file or directory found at {filepath}')
OSError: No file or directory found at Performance Productivity Model/advanced_feedback_model.h5

During handling of the above exception, another exception occurred:

Traceback (most recent call last):
  File "Performance_Productivity/Api.py", line 52, in load_model_and_preprocessor
    model = load_feedback_model()
  File "C:\Users\pavat\Desktop\HRReactWeb_AppV26\HRReactWeb_AppV26\Performance_Productivity\model_utils.py", line 11, in load_feedback_model
    raise FileNotFoundError(f"Failed to load model. Error: {e}")
FileNotFoundError: Failed to load model. Error: No file or directory found at Performance Productivity Model/advanced_feedback_model.h5

2026-03-03 23:50:07,560 - werkzeug - INFO - [31m[1mWARNING: This is a development server. Do not use it in a production deployment. Use a production WSGI server instead.[0m
 * Running on all addresses (0.0.0.0)
 * Running on http://127.0.0.1:5002
 * Running on http://192.168.8.155:5002
2026-03-03 23:50:07,560 - werkzeug - INFO - [33mPress CTRL+C to quit[0m
2026-03-03 23:50:07,567 - werkzeug - INFO -  * Restarting with watchdog (windowsapi)
2026-03-03 23:50:12,161 - __main__ - INFO - Starting Employee Productivity API...
2026-03-03 23:50:12,162 - __main__ - INFO - Loading model and preprocessor using model_utils...
2026-03-03 23:50:12,163 - __main__ - ERROR - Error loading model: Failed to load model. Error: No file or directory found at Performance Productivity Model/advanced_feedback_model.h5
2026-03-03 23:50:12,163 - __main__ - ERROR - Traceback (most recent call last):
  File "C:\Users\pavat\Desktop\HRReactWeb_AppV26\HRReactWeb_AppV26\Performance_Productivity\model_utils.py", line 7, in load_feedback_model
    model = load_model(model_path)
  File "C:\Users\pavat\Desktop\MyFinal\Lib\Python38\lib\site-packages\keras\utils\traceback_utils.py", line 67, in error_handler
    raise e.with_traceback(filtered_tb) from None
  File "C:\Users\pavat\Desktop\MyFinal\Lib\Python38\lib\site-packages\keras\saving\save.py", line 209, in load_model
    raise IOError(f'No file or directory found at {filepath}')
OSError: No file or directory found at Performance Productivity Model/advanced_feedback_model.h5

During handling of the above exception, another exception occurred:

Traceback (most recent call last):
  File "C:\Users\pavat\Desktop\HRReactWeb_AppV26\HRReactWeb_AppV26\Performance_Productivity\Api.py", line 52, in load_model_and_preprocessor
    model = load_feedback_model()
  File "C:\Users\pavat\Desktop\HRReactWeb_AppV26\HRReactWeb_AppV26\Performance_Productivity\model_utils.py", line 11, in load_feedback_model
    raise FileNotFoundError(f"Failed to load model. Error: {e}")
FileNotFoundError: Failed to load model. Error: No file or directory found at Performance Productivity Model/advanced_feedback_model.h5

2026-03-03 23:50:12,167 - werkzeug - WARNING -  * Debugger is active!
2026-03-03 23:50:12,170 - werkzeug - INFO -  * Debugger PIN: 796-502-977
2026-03-03 23:50:34,914 - werkzeug - INFO - 127.0.0.1 - - [03/Mar/2026 23:50:34] "GET /api/test HTTP/1.1" 200 -
2026-03-03 23:50:44,554 - __main__ - INFO - Loading model and preprocessor using model_utils...
2026-03-03 23:50:44,555 - __main__ - ERROR - Error loading model: Failed to load model. Error: No file or directory found at Performance Productivity Model/advanced_feedback_model.h5
2026-03-03 23:50:44,557 - __main__ - ERROR - Traceback (most recent call last):
  File "C:\Users\pavat\Desktop\HRReactWeb_AppV26\HRReactWeb_AppV26\Performance_Productivity\model_utils.py", line 7, in load_feedback_model
    model = load_model(model_path)
  File "C:\Users\pavat\Desktop\MyFinal\Lib\Python38\lib\site-packages\keras\utils\traceback_utils.py", line 67, in error_handler
    raise e.with_traceback(filtered_tb) from None
  File "C:\Users\pavat\Desktop\MyFinal\Lib\Python38\lib\site-packages\keras\saving\save.py", line 209, in load_model
    raise IOError(f'No file or directory found at {filepath}')
OSError: No file or directory found at Performance Productivity Model/advanced_feedback_model.h5

During handling of the above exception, another exception occurred:

Traceback (most recent call last):
  File "C:\Users\pavat\Desktop\HRReactWeb_AppV26\HRReactWeb_AppV26\Performance_Productivity\Api.py", line 52, in load_model_and_preprocessor
    model = load_feedback_model()
  File "C:\Users\pavat\Desktop\HRReactWeb_AppV26\HRReactWeb_AppV26\Performance_Productivity\model_utils.py", line 11, in load_feedback_model
    raise FileNotFoundError(f"Failed to load model. Error: {e}")
FileNotFoundError: Failed to load model. Error: No file or directory found at Performance Productivity Model/advanced_feedback_model.h5

2026-03-03 23:50:44,558 - werkzeug - INFO - 127.0.0.1 - - [03/Mar/2026 23:50:44] "[35m[1mPOST /api/predict/batch HTTP/1.1[0m" 500 -
2026-03-03 23:52:37,808 - werkzeug - INFO -  * Detected change in 'C:\\Users\\pavat\\Desktop\\MyFinal\\Lib\\Python38\\Lib\\site-packages\\flask_cors\\__init__.py', reloading
2026-03-03 23:52:39,125 - werkzeug - INFO -  * Restarting with watchdog (windowsapi)
2026-03-03 23:52:43,955 - __main__ - INFO - Starting Employee Productivity API...
2026-03-03 23:52:43,956 - __main__ - INFO - Loading model and preprocessor using model_utils...
2026-03-03 23:52:43,956 - __main__ - ERROR - Error loading model: Failed to load model. Error: No file or directory found at Performance Productivity Model/advanced_feedback_model.h5
2026-03-03 23:52:43,956 - __main__ - ERROR - Traceback (most recent call last):
  File "C:\Users\pavat\Desktop\HRReactWeb_AppV26\HRReactWeb_AppV26\Performance_Productivity\model_utils.py", line 7, in load_feedback_model
    model = load_model(model_path)
  File "C:\Users\pavat\Desktop\MyFinal\Lib\Python38\lib\site-packages\keras\utils\traceback_utils.py", line 67, in error_handler
    raise e.with_traceback(filtered_tb) from None
  File "C:\Users\pavat\Desktop\MyFinal\Lib\Python38\lib\site-packages\keras\saving\save.py", line 209, in load_model
    raise IOError(f'No file or directory found at {filepath}')
OSError: No file or directory found at Performance Productivity Model/advanced_feedback_model.h5

During handling of the above exception, another exception occurred:

Traceback (most recent call last):
  File "C:\Users\pavat\Desktop\HRReactWeb_AppV26\HRReactWeb_AppV26\Performance_Productivity\Api.py", line 52, in load_model_and_preprocessor
    model = load_feedback_model()
  File "C:\Users\pavat\Desktop\HRReactWeb_AppV26\HRReactWeb_AppV26\Performance_Productivity\model_utils.py", line 11, in load_feedback_model
    raise FileNotFoundError(f"Failed to load model. Error: {e}")
FileNotFoundError: Failed to load model. Error: No file or directory found at Performance Productivity Model/advanced_feedback_model.h5

2026-03-03 23:52:43,959 - werkzeug - WARNING -  * Debugger is active!
2026-03-03 23:52:43,963 - werkzeug - INFO -  * Debugger PIN: 796-502-977
2026-03-03 23:55:07,058 - werkzeug - INFO -  * Detected change in 'C:\\Users\\pavat\\Desktop\\HRReactWeb_AppV26\\HRReactWeb_AppV26\\Performance_Productivity\\predict_main.py', reloading
2026-03-03 23:55:08,178 - werkzeug - INFO -  * Restarting with watchdog (windowsapi)
2026-03-03 23:55:12,386 - __main__ - INFO - Starting Employee Productivity API...
2026-03-03 23:55:12,387 - __main__ - INFO - Loading model and preprocessor using model_utils...
2026-03-03 23:55:12,387 - __main__ - ERROR - Error loading model: Failed to load model. Error: No file or directory found at Performance Productivity Model/advanced_feedback_model.h5
2026-03-03 23:55:12,387 - __main__ - ERROR - Traceback (most recent call last):
  File "C:\Users\pavat\Desktop\HRReactWeb_AppV26\HRReactWeb_AppV26\Performance_Productivity\model_utils.py", line 7, in load_feedback_model
    model = load_model(model_path)
  File "C:\Users\pavat\Desktop\MyFinal\Lib\Python38\lib\site-packages\keras\utils\traceback_utils.py", line 67, in error_handler
    raise e.with_traceback(filtered_tb) from None
  File "C:\Users\pavat\Desktop\MyFinal\Lib\Python38\lib\site-packages\keras\saving\save.py", line 209, in load_model
    raise IOError(f'No file or directory found at {filepath}')
OSError: No file or directory found at Performance Productivity Model/advanced_feedback_model.h5

During handling of the above exception, another exception occurred:

Traceback (most recent call last):
  File "C:\Users\pavat\Desktop\HRReactWeb_AppV26\HRReactWeb_AppV26\Performance_Productivity\Api.py", line 52, in load_model_and_preprocessor
    model = load_feedback_model()
  File "C:\Users\pavat\Desktop\HRReactWeb_AppV26\HRReactWeb_AppV26\Performance_Productivity\model_utils.py", line 11, in load_feedback_model
    raise FileNotFoundError(f"Failed to load model. Error: {e}")
FileNotFoundError: Failed to load model. Error: No file or directory found at Performance Productivity Model/advanced_feedback_model.h5

2026-03-03 23:55:12,391 - werkzeug - WARNING -  * Debugger is active!
2026-03-03 23:55:12,393 - werkzeug - INFO -  * Debugger PIN: 796-502-977
2026-03-03 23:57:45,117 - werkzeug - INFO - 127.0.0.1 - - [03/Mar/2026 23:57:45] "[33mGET / HTTP/1.1[0m" 404 -
2026-03-03 23:57:45,128 - werkzeug - INFO - 127.0.0.1 - - [03/Mar/2026 23:57:45] "[33mGET / HTTP/1.1[0m" 404 -
2026-03-03 23:57:45,194 - werkzeug - INFO - 127.0.0.1 - - [03/Mar/2026 23:57:45] "[33mGET /favicon.ico HTTP/1.1[0m" 404 -
2026-03-03 23:57:45,198 - werkzeug - INFO - 127.0.0.1 - - [03/Mar/2026 23:57:45] "[33mGET /favicon.ico HTTP/1.1[0m" 404 -
2026-03-03 23:58:00,492 - werkzeug - INFO - 192.168.8.155 - - [03/Mar/2026 23:58:00] "[33mGET / HTTP/1.1[0m" 404 -
2026-03-03 23:58:00,504 - werkzeug - INFO - 192.168.8.155 - - [03/Mar/2026 23:58:00] "[33mGET / HTTP/1.1[0m" 404 -
2026-03-03 23:58:00,580 - werkzeug - INFO - 192.168.8.155 - - [03/Mar/2026 23:58:00] "[33mGET /favicon.ico HTTP/1.1[0m" 404 -
2026-03-03 23:58:00,584 - werkzeug - INFO - 192.168.8.155 - - [03/Mar/2026 23:58:00] "[33mGET /favicon.ico HTTP/1.1[0m" 404 -
2026-03-03 23:59:00,082 - werkzeug - INFO -  * Detected change in 'C:\\Users\\pavat\\Desktop\\MyFinal\\Lib\\Python38\\Lib\\site-packages\\tensorflow\\_api\\v2\\compat\\v2\\debugging\\__init__.py', reloading
2026-03-03 23:59:00,119 - werkzeug - INFO -  * Detected change in 'C:\\Users\\pavat\\Desktop\\MyFinal\\Lib\\Python38\\Lib\\site-packages\\tensorflow\\_api\\v2\\compat\\v2\\errors\\__init__.py', reloading
2026-03-03 23:59:00,620 - werkzeug - INFO -  * Restarting with watchdog (windowsapi)
2026-03-03 23:59:05,221 - __main__ - INFO - Starting Employee Productivity API...
2026-03-03 23:59:05,222 - __main__ - INFO - Loading model and preprocessor using model_utils...
2026-03-03 23:59:05,222 - __main__ - ERROR - Error loading model: Failed to load model. Error: No file or directory found at Performance Productivity Model/advanced_feedback_model.h5
2026-03-03 23:59:05,223 - __main__ - ERROR - Traceback (most recent call last):
  File "C:\Users\pavat\Desktop\HRReactWeb_AppV26\HRReactWeb_AppV26\Performance_Productivity\model_utils.py", line 7, in load_feedback_model
    model = load_model(model_path)
  File "C:\Users\pavat\Desktop\MyFinal\Lib\Python38\lib\site-packages\keras\utils\traceback_utils.py", line 67, in error_handler
    raise e.with_traceback(filtered_tb) from None
  File "C:\Users\pavat\Desktop\MyFinal\Lib\Python38\lib\site-packages\keras\saving\save.py", line 209, in load_model
    raise IOError(f'No file or directory found at {filepath}')
OSError: No file or directory found at Performance Productivity Model/advanced_feedback_model.h5

During handling of the above exception, another exception occurred:

Traceback (most recent call last):
  File "C:\Users\pavat\Desktop\HRReactWeb_AppV26\HRReactWeb_AppV26\Performance_Productivity\Api.py", line 52, in load_model_and_preprocessor
    model = load_feedback_model()
  File "C:\Users\pavat\Desktop\HRReactWeb_AppV26\HRReactWeb_AppV26\Performance_Productivity\model_utils.py", line 11, in load_feedback_model
    raise FileNotFoundError(f"Failed to load model. Error: {e}")
FileNotFoundError: Failed to load model. Error: No file or directory found at Performance Productivity Model/advanced_feedback_model.h5

2026-03-03 23:59:05,227 - werkzeug - WARNING -  * Debugger is active!
2026-03-03 23:59:05,230 - werkzeug - INFO -  * Debugger PIN: 796-502-977
2026-03-04 00:08:18,345 - werkzeug - INFO - 127.0.0.1 - - [04/Mar/2026 00:08:18] "GET /api/test HTTP/1.1" 200 -
2026-03-04 13:42:26,641 - __main__ - INFO - Starting Employee Productivity API...
2026-03-04 13:42:26,644 - __main__ - INFO - Loading model and preprocessor using model_utils...
2026-03-04 13:42:26,649 - __main__ - ERROR - Error loading model: Failed to load model. Error: No file or directory found at Performance Productivity Model/advanced_feedback_model.h5
2026-03-04 13:42:26,682 - __main__ - ERROR - Traceback (most recent call last):
  File "C:\Users\pavat\Desktop\HRReactWeb_AppV26\HRReactWeb_AppV26\Performance_Productivity\model_utils.py", line 7, in load_feedback_model
    model = load_model(model_path)
  File "C:\Users\pavat\Desktop\MyFinal\Lib\Python38\lib\site-packages\keras\utils\traceback_utils.py", line 67, in error_handler
    raise e.with_traceback(filtered_tb) from None
  File "C:\Users\pavat\Desktop\MyFinal\Lib\Python38\lib\site-packages\keras\saving\save.py", line 209, in load_model
    raise IOError(f'No file or directory found at {filepath}')
OSError: No file or directory found at Performance Productivity Model/advanced_feedback_model.h5

During handling of the above exception, another exception occurred:

Traceback (most recent call last):
  File "Performance_Productivity/Api.py", line 52, in load_model_and_preprocessor
    model = load_feedback_model()
  File "C:\Users\pavat\Desktop\HRReactWeb_AppV26\HRReactWeb_AppV26\Performance_Productivity\model_utils.py", line 11, in load_feedback_model
    raise FileNotFoundError(f"Failed to load model. Error: {e}")
FileNotFoundError: Failed to load model. Error: No file or directory found at Performance Productivity Model/advanced_feedback_model.h5

2026-03-04 13:42:26,682 - __main__ - WARNING -  API starting without model
2026-03-04 13:42:26,694 - werkzeug - INFO - [31m[1mWARNING: This is a development server. Do not use it in a production deployment. Use a production WSGI server instead.[0m
 * Running on all addresses (0.0.0.0)
 * Running on http://127.0.0.1:5002
 * Running on http://172.28.20.130:5002
2026-03-04 13:42:26,694 - werkzeug - INFO - [33mPress CTRL+C to quit[0m
2026-03-04 13:42:49,041 - __main__ - INFO - Loading model and preprocessor using model_utils...
2026-03-04 13:42:49,042 - __main__ - ERROR - Error loading model: Failed to load model. Error: No file or directory found at Performance Productivity Model/advanced_feedback_model.h5
2026-03-04 13:42:49,043 - __main__ - ERROR - Traceback (most recent call last):
  File "C:\Users\pavat\Desktop\HRReactWeb_AppV26\HRReactWeb_AppV26\Performance_Productivity\model_utils.py", line 7, in load_feedback_model
    model = load_model(model_path)
  File "C:\Users\pavat\Desktop\MyFinal\Lib\Python38\lib\site-packages\keras\utils\traceback_utils.py", line 67, in error_handler
    raise e.with_traceback(filtered_tb) from None
  File "C:\Users\pavat\Desktop\MyFinal\Lib\Python38\lib\site-packages\keras\saving\save.py", line 209, in load_model
    raise IOError(f'No file or directory found at {filepath}')
OSError: No file or directory found at Performance Productivity Model/advanced_feedback_model.h5

During handling of the above exception, another exception occurred:

Traceback (most recent call last):
  File "Performance_Productivity/Api.py", line 52, in load_model_and_preprocessor
    model = load_feedback_model()
  File "C:\Users\pavat\Desktop\HRReactWeb_AppV26\HRReactWeb_AppV26\Performance_Productivity\model_utils.py", line 11, in load_feedback_model
    raise FileNotFoundError(f"Failed to load model. Error: {e}")
FileNotFoundError: Failed to load model. Error: No file or directory found at Performance Productivity Model/advanced_feedback_model.h5

2026-03-04 13:42:49,043 - werkzeug - INFO - 127.0.0.1 - - [04/Mar/2026 13:42:49] "[35m[1mPOST /api/predict/batch HTTP/1.1[0m" 500 -
2026-03-04 13:43:04,331 - werkzeug - INFO - 172.28.20.130 - - [04/Mar/2026 13:43:04] "[33mGET / HTTP/1.1[0m" 404 -
2026-03-04 13:43:04,363 - werkzeug - INFO - 172.28.20.130 - - [04/Mar/2026 13:43:04] "[33mGET /favicon.ico HTTP/1.1[0m" 404 -
2026-03-04 13:43:15,865 - werkzeug - INFO - 127.0.0.1 - - [04/Mar/2026 13:43:15] "[33mGET / HTTP/1.1[0m" 404 -
2026-03-04 13:43:15,899 - werkzeug - INFO - 127.0.0.1 - - [04/Mar/2026 13:43:15] "[33mGET /favicon.ico HTTP/1.1[0m" 404 -
2026-03-04 13:43:30,938 - __main__ - INFO - Loading model and preprocessor using model_utils...
2026-03-04 13:43:30,941 - __main__ - ERROR - Error loading model: Failed to load model. Error: No file or directory found at Performance Productivity Model/advanced_feedback_model.h5
2026-03-04 13:43:30,942 - __main__ - ERROR - Traceback (most recent call last):
  File "C:\Users\pavat\Desktop\HRReactWeb_AppV26\HRReactWeb_AppV26\Performance_Productivity\model_utils.py", line 7, in load_feedback_model
    model = load_model(model_path)
  File "C:\Users\pavat\Desktop\MyFinal\Lib\Python38\lib\site-packages\keras\utils\traceback_utils.py", line 67, in error_handler
    raise e.with_traceback(filtered_tb) from None
  File "C:\Users\pavat\Desktop\MyFinal\Lib\Python38\lib\site-packages\keras\saving\save.py", line 209, in load_model
    raise IOError(f'No file or directory found at {filepath}')
OSError: No file or directory found at Performance Productivity Model/advanced_feedback_model.h5

During handling of the above exception, another exception occurred:

Traceback (most recent call last):
  File "Performance_Productivity/Api.py", line 52, in load_model_and_preprocessor
    model = load_feedback_model()
  File "C:\Users\pavat\Desktop\HRReactWeb_AppV26\HRReactWeb_AppV26\Performance_Productivity\model_utils.py", line 11, in load_feedback_model
    raise FileNotFoundError(f"Failed to load model. Error: {e}")
FileNotFoundError: Failed to load model. Error: No file or directory found at Performance Productivity Model/advanced_feedback_model.h5

2026-03-04 13:43:30,943 - werkzeug - INFO - 127.0.0.1 - - [04/Mar/2026 13:43:30] "[35m[1mPOST /api/predict/batch HTTP/1.1[0m" 500 -
2026-03-04 13:43:31,962 - __main__ - INFO - Loading model and preprocessor using model_utils...
2026-03-04 13:43:31,962 - __main__ - ERROR - Error loading model: Failed to load model. Error: No file or directory found at Performance Productivity Model/advanced_feedback_model.h5
2026-03-04 13:43:31,963 - __main__ - ERROR - Traceback (most recent call last):
  File "C:\Users\pavat\Desktop\HRReactWeb_AppV26\HRReactWeb_AppV26\Performance_Productivity\model_utils.py", line 7, in load_feedback_model
    model = load_model(model_path)
  File "C:\Users\pavat\Desktop\MyFinal\Lib\Python38\lib\site-packages\keras\utils\traceback_utils.py", line 67, in error_handler
    raise e.with_traceback(filtered_tb) from None
  File "C:\Users\pavat\Desktop\MyFinal\Lib\Python38\lib\site-packages\keras\saving\save.py", line 209, in load_model
    raise IOError(f'No file or directory found at {filepath}')
OSError: No file or directory found at Performance Productivity Model/advanced_feedback_model.h5

During handling of the above exception, another exception occurred:

Traceback (most recent call last):
  File "Performance_Productivity/Api.py", line 52, in load_model_and_preprocessor
    model = load_feedback_model()
  File "C:\Users\pavat\Desktop\HRReactWeb_AppV26\HRReactWeb_AppV26\Performance_Productivity\model_utils.py", line 11, in load_feedback_model
    raise FileNotFoundError(f"Failed to load model. Error: {e}")
FileNotFoundError: Failed to load model. Error: No file or directory found at Performance Productivity Model/advanced_feedback_model.h5

2026-03-04 13:43:31,963 - werkzeug - INFO - 127.0.0.1 - - [04/Mar/2026 13:43:31] "[35m[1mPOST /api/predict/batch HTTP/1.1[0m" 500 -
2026-03-04 13:43:37,836 - __main__ - INFO - Loading model and preprocessor using model_utils...
2026-03-04 13:43:37,837 - __main__ - ERROR - Error loading model: Failed to load model. Error: No file or directory found at Performance Productivity Model/advanced_feedback_model.h5
2026-03-04 13:43:37,837 - __main__ - ERROR - Traceback (most recent call last):
  File "C:\Users\pavat\Desktop\HRReactWeb_AppV26\HRReactWeb_AppV26\Performance_Productivity\model_utils.py", line 7, in load_feedback_model
    model = load_model(model_path)
  File "C:\Users\pavat\Desktop\MyFinal\Lib\Python38\lib\site-packages\keras\utils\traceback_utils.py", line 67, in error_handler
    raise e.with_traceback(filtered_tb) from None
  File "C:\Users\pavat\Desktop\MyFinal\Lib\Python38\lib\site-packages\keras\saving\save.py", line 209, in load_model
    raise IOError(f'No file or directory found at {filepath}')
OSError: No file or directory found at Performance Productivity Model/advanced_feedback_model.h5

During handling of the above exception, another exception occurred:

Traceback (most recent call last):
  File "Performance_Productivity/Api.py", line 52, in load_model_and_preprocessor
    model = load_feedback_model()
  File "C:\Users\pavat\Desktop\HRReactWeb_AppV26\HRReactWeb_AppV26\Performance_Productivity\model_utils.py", line 11, in load_feedback_model
    raise FileNotFoundError(f"Failed to load model. Error: {e}")
FileNotFoundError: Failed to load model. Error: No file or directory found at Performance Productivity Model/advanced_feedback_model.h5

2026-03-04 13:43:37,838 - werkzeug - INFO - 127.0.0.1 - - [04/Mar/2026 13:43:37] "[35m[1mPOST /api/predict/batch HTTP/1.1[0m" 500 -
2026-03-04 13:49:08,581 - __main__ - INFO - Starting Employee Productivity API...
2026-03-04 13:49:08,582 - __main__ - INFO - Loading model and preprocessor using model_utils...
2026-03-04 13:49:08,582 - __main__ - ERROR - Error loading model: Failed to load model. Error: No file or directory found at Performance Productivity Model/advanced_feedback_model.h5
2026-03-04 13:49:08,584 - __main__ - ERROR - Traceback (most recent call last):
  File "C:\Users\pavat\Desktop\HRReactWeb_AppV26\HRReactWeb_AppV26\Performance_Productivity\model_utils.py", line 7, in load_feedback_model
    model = load_model(model_path)
  File "C:\Users\pavat\Desktop\MyFinal\Lib\Python38\lib\site-packages\keras\utils\traceback_utils.py", line 67, in error_handler
    raise e.with_traceback(filtered_tb) from None
  File "C:\Users\pavat\Desktop\MyFinal\Lib\Python38\lib\site-packages\keras\saving\save.py", line 209, in load_model
    raise IOError(f'No file or directory found at {filepath}')
OSError: No file or directory found at Performance Productivity Model/advanced_feedback_model.h5

During handling of the above exception, another exception occurred:

Traceback (most recent call last):
  File "Performance_Productivity/Api.py", line 52, in load_model_and_preprocessor
    model = load_feedback_model()
  File "C:\Users\pavat\Desktop\HRReactWeb_AppV26\HRReactWeb_AppV26\Performance_Productivity\model_utils.py", line 11, in load_feedback_model
    raise FileNotFoundError(f"Failed to load model. Error: {e}")
FileNotFoundError: Failed to load model. Error: No file or directory found at Performance Productivity Model/advanced_feedback_model.h5

2026-03-04 13:49:08,584 - __main__ - WARNING -  API starting without model
2026-03-04 13:49:08,589 - werkzeug - INFO - [31m[1mWARNING: This is a development server. Do not use it in a production deployment. Use a production WSGI server instead.[0m
 * Running on all addresses (0.0.0.0)
 * Running on http://127.0.0.1:5002
 * Running on http://172.28.20.130:5002
2026-03-04 13:49:08,590 - werkzeug - INFO - [33mPress CTRL+C to quit[0m
2026-03-04 13:49:44,663 - werkzeug - INFO - 127.0.0.1 - - [04/Mar/2026 13:49:44] "GET /api/test HTTP/1.1" 200 -
2026-03-04 13:49:56,982 - __main__ - INFO - Loading model and preprocessor using model_utils...
2026-03-04 13:49:56,982 - __main__ - ERROR - Error loading model: Failed to load model. Error: No file or directory found at Performance Productivity Model/advanced_feedback_model.h5
2026-03-04 13:49:56,983 - __main__ - ERROR - Traceback (most recent call last):
  File "C:\Users\pavat\Desktop\HRReactWeb_AppV26\HRReactWeb_AppV26\Performance_Productivity\model_utils.py", line 7, in load_feedback_model
    model = load_model(model_path)
  File "C:\Users\pavat\Desktop\MyFinal\Lib\Python38\lib\site-packages\keras\utils\traceback_utils.py", line 67, in error_handler
    raise e.with_traceback(filtered_tb) from None
  File "C:\Users\pavat\Desktop\MyFinal\Lib\Python38\lib\site-packages\keras\saving\save.py", line 209, in load_model
    raise IOError(f'No file or directory found at {filepath}')
OSError: No file or directory found at Performance Productivity Model/advanced_feedback_model.h5

During handling of the above exception, another exception occurred:

Traceback (most recent call last):
  File "Performance_Productivity/Api.py", line 52, in load_model_and_preprocessor
    model = load_feedback_model()
  File "C:\Users\pavat\Desktop\HRReactWeb_AppV26\HRReactWeb_AppV26\Performance_Productivity\model_utils.py", line 11, in load_feedback_model
    raise FileNotFoundError(f"Failed to load model. Error: {e}")
FileNotFoundError: Failed to load model. Error: No file or directory found at Performance Productivity Model/advanced_feedback_model.h5

2026-03-04 13:49:56,983 - werkzeug - INFO - 127.0.0.1 - - [04/Mar/2026 13:49:56] "[35m[1mPOST /api/predict/batch HTTP/1.1[0m" 500 -
2026-03-04 13:54:36,431 - __main__ - INFO - Loading model and preprocessor using model_utils...
2026-03-04 13:54:36,433 - __main__ - ERROR - Error loading model: Failed to load model. Error: No file or directory found at Performance Productivity Model/advanced_feedback_model.h5
2026-03-04 13:54:36,434 - __main__ - ERROR - Traceback (most recent call last):
  File "C:\Users\pavat\Desktop\HRReactWeb_AppV26\HRReactWeb_AppV26\Performance_Productivity\model_utils.py", line 7, in load_feedback_model
    model = load_model(model_path)
  File "C:\Users\pavat\Desktop\MyFinal\Lib\Python38\lib\site-packages\keras\utils\traceback_utils.py", line 67, in error_handler
    raise e.with_traceback(filtered_tb) from None
  File "C:\Users\pavat\Desktop\MyFinal\Lib\Python38\lib\site-packages\keras\saving\save.py", line 209, in load_model
    raise IOError(f'No file or directory found at {filepath}')
OSError: No file or directory found at Performance Productivity Model/advanced_feedback_model.h5

During handling of the above exception, another exception occurred:

Traceback (most recent call last):
  File "Performance_Productivity/Api.py", line 52, in load_model_and_preprocessor
    model = load_feedback_model()
  File "C:\Users\pavat\Desktop\HRReactWeb_AppV26\HRReactWeb_AppV26\Performance_Productivity\model_utils.py", line 11, in load_feedback_model
    raise FileNotFoundError(f"Failed to load model. Error: {e}")
FileNotFoundError: Failed to load model. Error: No file or directory found at Performance Productivity Model/advanced_feedback_model.h5

2026-03-04 13:54:36,434 - werkzeug - INFO - 127.0.0.1 - - [04/Mar/2026 13:54:36] "[35m[1mPOST /api/predict/preview HTTP/1.1[0m" 500 -
2026-03-04 14:13:32,502 - __main__ - INFO - Starting Employee Productivity API...
2026-03-04 14:13:32,503 - __main__ - INFO - Loading model and preprocessor using model_utils...
2026-03-04 14:13:32,504 - __main__ - ERROR - Error loading model: Failed to load model. Error: No file or directory found at Performance Productivity Model/advanced_feedback_model.h5
2026-03-04 14:13:32,504 - __main__ - ERROR - Traceback (most recent call last):
  File "C:\Users\pavat\Desktop\HRReactWeb_AppV26\HRReactWeb_AppV26\Performance_Productivity\model_utils.py", line 7, in load_feedback_model
    model = load_model(model_path)
  File "C:\Users\pavat\Desktop\MyFinal\Lib\Python38\lib\site-packages\keras\utils\traceback_utils.py", line 67, in error_handler
    raise e.with_traceback(filtered_tb) from None
  File "C:\Users\pavat\Desktop\MyFinal\Lib\Python38\lib\site-packages\keras\saving\save.py", line 209, in load_model
    raise IOError(f'No file or directory found at {filepath}')
OSError: No file or directory found at Performance Productivity Model/advanced_feedback_model.h5

During handling of the above exception, another exception occurred:

Traceback (most recent call last):
  File "Performance_Productivity/Api.py", line 52, in load_model_and_preprocessor
    model = load_feedback_model()
  File "C:\Users\pavat\Desktop\HRReactWeb_AppV26\HRReactWeb_AppV26\Performance_Productivity\model_utils.py", line 11, in load_feedback_model
    raise FileNotFoundError(f"Failed to load model. Error: {e}")
FileNotFoundError: Failed to load model. Error: No file or directory found at Performance Productivity Model/advanced_feedback_model.h5

2026-03-04 14:13:32,504 - __main__ - WARNING -  API starting without model
2026-03-04 14:13:32,510 - werkzeug - INFO - [31m[1mWARNING: This is a development server. Do not use it in a production deployment. Use a production WSGI server instead.[0m
 * Running on all addresses (0.0.0.0)
 * Running on http://127.0.0.1:5002
 * Running on http://172.20.10.2:5002
2026-03-04 14:13:32,510 - werkzeug - INFO - [33mPress CTRL+C to quit[0m
2026-03-04 14:14:19,618 - __main__ - INFO - Starting Employee Productivity API...
2026-03-04 14:14:19,619 - __main__ - INFO - Loading model and preprocessor using model_utils...
2026-03-04 14:14:19,619 - __main__ - ERROR - Error loading model: Failed to load model. Error: No file or directory found at advanced_feedback_model.h5
2026-03-04 14:14:19,619 - __main__ - ERROR - Traceback (most recent call last):
  File "C:\Users\pavat\Desktop\HRReactWeb_AppV26\HRReactWeb_AppV26\Performance_Productivity\model_utils.py", line 7, in load_feedback_model
    model = load_model(model_path)
  File "C:\Users\pavat\Desktop\MyFinal\Lib\Python38\lib\site-packages\keras\utils\traceback_utils.py", line 67, in error_handler
    raise e.with_traceback(filtered_tb) from None
  File "C:\Users\pavat\Desktop\MyFinal\Lib\Python38\lib\site-packages\keras\saving\save.py", line 209, in load_model
    raise IOError(f'No file or directory found at {filepath}')
OSError: No file or directory found at advanced_feedback_model.h5

During handling of the above exception, another exception occurred:

Traceback (most recent call last):
  File "Performance_Productivity/Api.py", line 52, in load_model_and_preprocessor
    model = load_feedback_model()
  File "C:\Users\pavat\Desktop\HRReactWeb_AppV26\HRReactWeb_AppV26\Performance_Productivity\model_utils.py", line 11, in load_feedback_model
    raise FileNotFoundError(f"Failed to load model. Error: {e}")
FileNotFoundError: Failed to load model. Error: No file or directory found at advanced_feedback_model.h5

2026-03-04 14:14:19,619 - __main__ - WARNING -  API starting without model
2026-03-04 14:14:19,626 - werkzeug - INFO - [31m[1mWARNING: This is a development server. Do not use it in a production deployment. Use a production WSGI server instead.[0m
 * Running on all addresses (0.0.0.0)
 * Running on http://127.0.0.1:5002
 * Running on http://172.20.10.2:5002
2026-03-04 14:14:19,626 - werkzeug - INFO - [33mPress CTRL+C to quit[0m
2026-03-04 14:14:57,814 - __main__ - INFO - Starting Employee Productivity API...
2026-03-04 14:14:57,815 - __main__ - INFO - Loading model and preprocessor using model_utils...
2026-03-04 14:14:57,983 - __main__ - ERROR - Error loading model: Failed to load preprocessor. Error: [Errno 2] No such file or directory: 'preprocessor.pkl'
2026-03-04 14:14:58,023 - __main__ - ERROR - Traceback (most recent call last):
  File "C:\Users\pavat\Desktop\HRReactWeb_AppV26\HRReactWeb_AppV26\Performance_Productivity\model_utils.py", line 16, in load_preprocessor
    preprocessor = joblib.load(preprocessor_path)
  File "C:\Users\pavat\Desktop\MyFinal\Lib\Python38\lib\site-packages\joblib\numpy_pickle.py", line 650, in load
    with open(filename, 'rb') as f:
FileNotFoundError: [Errno 2] No such file or directory: 'preprocessor.pkl'

During handling of the above exception, another exception occurred:

Traceback (most recent call last):
  File "Performance_Productivity/Api.py", line 53, in load_model_and_preprocessor
    preprocessor = load_preprocessor()
  File "C:\Users\pavat\Desktop\HRReactWeb_AppV26\HRReactWeb_AppV26\Performance_Productivity\model_utils.py", line 20, in load_preprocessor
    raise FileNotFoundError(f"Failed to load preprocessor. Error: {e}")
FileNotFoundError: Failed to load preprocessor. Error: [Errno 2] No such file or directory: 'preprocessor.pkl'

2026-03-04 14:14:58,023 - __main__ - WARNING -  API starting without model
2026-03-04 14:14:58,035 - werkzeug - INFO - [31m[1mWARNING: This is a development server. Do not use it in a production deployment. Use a production WSGI server instead.[0m
 * Running on all addresses (0.0.0.0)
 * Running on http://127.0.0.1:5002
 * Running on http://172.20.10.2:5002
2026-03-04 14:14:58,035 - werkzeug - INFO - [33mPress CTRL+C to quit[0m
2026-03-04 14:16:40,586 - werkzeug - INFO - 127.0.0.1 - - [04/Mar/2026 14:16:40] "GET /api/test HTTP/1.1" 200 -
2026-03-04 14:16:52,198 - werkzeug - INFO - 127.0.0.1 - - [04/Mar/2026 14:16:52] "GET /api/test HTTP/1.1" 200 -
2026-03-04 14:16:54,824 - werkzeug - INFO - 127.0.0.1 - - [04/Mar/2026 14:16:54] "GET /api/test HTTP/1.1" 200 -
2026-03-04 14:17:17,088 - __main__ - INFO - Loading model and preprocessor using model_utils...
2026-03-04 14:17:17,400 - __main__ - ERROR - Error loading model: Failed to load preprocessor. Error: [Errno 2] No such file or directory: 'preprocessor.pkl'
2026-03-04 14:17:17,402 - __main__ - ERROR - Traceback (most recent call last):
  File "C:\Users\pavat\Desktop\HRReactWeb_AppV26\HRReactWeb_AppV26\Performance_Productivity\model_utils.py", line 16, in load_preprocessor
    preprocessor = joblib.load(preprocessor_path)
  File "C:\Users\pavat\Desktop\MyFinal\Lib\Python38\lib\site-packages\joblib\numpy_pickle.py", line 650, in load
    with open(filename, 'rb') as f:
FileNotFoundError: [Errno 2] No such file or directory: 'preprocessor.pkl'

During handling of the above exception, another exception occurred:

Traceback (most recent call last):
  File "Performance_Productivity/Api.py", line 53, in load_model_and_preprocessor
    preprocessor = load_preprocessor()
  File "C:\Users\pavat\Desktop\HRReactWeb_AppV26\HRReactWeb_AppV26\Performance_Productivity\model_utils.py", line 20, in load_preprocessor
    raise FileNotFoundError(f"Failed to load preprocessor. Error: {e}")
FileNotFoundError: Failed to load preprocessor. Error: [Errno 2] No such file or directory: 'preprocessor.pkl'

2026-03-04 14:17:17,403 - werkzeug - INFO - 127.0.0.1 - - [04/Mar/2026 14:17:17] "[35m[1mPOST /api/predict/batch HTTP/1.1[0m" 500 -
2026-03-04 14:22:41,088 - __main__ - INFO - Starting Employee Productivity API...
2026-03-04 14:22:41,088 - __main__ - INFO - Loading model and preprocessor using model_utils...
2026-03-04 14:22:41,501 - __main__ - INFO -  Model and preprocessor loaded successfully.
2026-03-04 14:22:41,505 - werkzeug - INFO - [31m[1mWARNING: This is a development server. Do not use it in a production deployment. Use a production WSGI server instead.[0m
 * Running on all addresses (0.0.0.0)
 * Running on http://127.0.0.1:5002
 * Running on http://172.20.10.2:5002
2026-03-04 14:22:41,505 - werkzeug - INFO - [33mPress CTRL+C to quit[0m
2026-03-04 14:28:12,887 - __main__ - INFO - Starting Employee Productivity API...
2026-03-04 14:28:12,888 - __main__ - INFO - Loading model and preprocessor using model_utils...
2026-03-04 14:28:13,281 - __main__ - INFO -  Model and preprocessor loaded successfully.
2026-03-04 14:28:13,285 - werkzeug - INFO - [31m[1mWARNING: This is a development server. Do not use it in a production deployment. Use a production WSGI server instead.[0m
 * Running on all addresses (0.0.0.0)
 * Running on http://127.0.0.1:5002
 * Running on http://172.28.20.130:5002
2026-03-04 14:28:13,285 - werkzeug - INFO - [33mPress CTRL+C to quit[0m
2026-03-04 16:56:02,343 - __main__ - INFO - Starting Employee Productivity API...
2026-03-04 16:56:02,345 - __main__ - INFO - Loading model and preprocessor using model_utils...
2026-03-04 16:56:02,917 - __main__ - INFO -  Model and preprocessor loaded successfully.
2026-03-04 16:56:02,920 - werkzeug - INFO - [31m[1mWARNING: This is a development server. Do not use it in a production deployment. Use a production WSGI server instead.[0m
 * Running on all addresses (0.0.0.0)
 * Running on http://127.0.0.1:5002
 * Running on http://172.28.20.130:5002
2026-03-04 16:56:02,920 - werkzeug - INFO - [33mPress CTRL+C to quit[0m
2026-03-04 16:56:33,017 - werkzeug - INFO - 127.0.0.1 - - [04/Mar/2026 16:56:33] "GET /api/test HTTP/1.1" 200 -
2026-03-04 16:56:40,509 - __main__ - INFO - CSV loaded with 25 rows and columns: ['role_level', 'position', 'age', 'experience_years', 'avg_task_completion', 'attendance_rate', 'projects_handled', 'overtime_hours', 'training_hours', 'FeedBack']
2026-03-04 16:56:40,515 - __main__ - INFO - Processing 25 employees...
2026-03-04 16:56:41,745 - werkzeug - INFO - 127.0.0.1 - - [04/Mar/2026 16:56:41] "POST /api/predict/batch HTTP/1.1" 200 -
2026-03-04 16:56:47,321 - werkzeug - INFO - 127.0.0.1 - - [04/Mar/2026 16:56:47] "POST /api/predict/preview HTTP/1.1" 200 -
2026-03-04 17:04:32,206 - werkzeug - INFO - 127.0.0.1 - - [04/Mar/2026 17:04:32] "GET /api/test HTTP/1.1" 200 -
2026-03-04 17:04:53,219 - werkzeug - INFO - 127.0.0.1 - - [04/Mar/2026 17:04:53] "POST /api/predict/preview HTTP/1.1" 200 -
2026-03-04 17:05:24,269 - __main__ - INFO - CSV loaded with 25 rows and columns: ['role_level', 'position', 'age', 'experience_years', 'avg_task_completion', 'attendance_rate', 'projects_handled', 'overtime_hours', 'training_hours', 'FeedBack']
2026-03-04 17:05:24,269 - __main__ - INFO - Processing 25 employees...
2026-03-04 17:05:24,337 - werkzeug - INFO - 127.0.0.1 - - [04/Mar/2026 17:05:24] "POST /api/predict/batch HTTP/1.1" 200 -
2026-03-04 17:05:29,454 - __main__ - ERROR - Download error: [WinError 2] The system cannot find the file specified: 'C:\\Users\\pavat\\Desktop\\HRReactWeb_AppV26\\HRReactWeb_AppV26\\Performance_Productivity\\results\\productivity_results_20260304_170524.csv'
2026-03-04 17:05:29,455 - werkzeug - INFO - 127.0.0.1 - - [04/Mar/2026 17:05:29] "[35m[1mGET /api/download/productivity_results_20260304_170524.csv HTTP/1.1[0m" 500 -
2026-03-04 17:05:29,501 - werkzeug - INFO - 127.0.0.1 - - [04/Mar/2026 17:05:29] "[33mGET /favicon.ico HTTP/1.1[0m" 404 -
2026-03-04 17:17:23,112 - werkzeug - INFO - 127.0.0.1 - - [04/Mar/2026 17:17:23] "GET /api/test HTTP/1.1" 200 -
2026-03-04 17:17:38,892 - werkzeug - INFO - 127.0.0.1 - - [04/Mar/2026 17:17:38] "POST /api/predict/preview HTTP/1.1" 200 -
2026-03-04 17:17:41,796 - __main__ - INFO - CSV loaded with 25 rows and columns: ['role_level', 'position', 'age', 'experience_years', 'avg_task_completion', 'attendance_rate', 'projects_handled', 'overtime_hours', 'training_hours', 'FeedBack']
2026-03-04 17:17:41,797 - __main__ - INFO - Processing 25 employees...
2026-03-04 17:17:41,857 - werkzeug - INFO - 127.0.0.1 - - [04/Mar/2026 17:17:41] "POST /api/predict/batch HTTP/1.1" 200 -
2026-03-04 17:20:11,442 - __main__ - ERROR - Download error: [WinError 2] The system cannot find the file specified: 'C:\\Users\\pavat\\Desktop\\HRReactWeb_AppV26\\HRReactWeb_AppV26\\Performance_Productivity\\results\\productivity_results_20260304_171741.csv'
2026-03-04 17:20:11,443 - werkzeug - INFO - 127.0.0.1 - - [04/Mar/2026 17:20:11] "[35m[1mGET /api/download/productivity_results_20260304_171741.csv HTTP/1.1[0m" 500 -
2026-03-04 17:20:11,479 - werkzeug - INFO - 127.0.0.1 - - [04/Mar/2026 17:20:11] "[33mGET /favicon.ico HTTP/1.1[0m" 404 -
2026-03-04 17:20:46,679 - werkzeug - INFO - 127.0.0.1 - - [04/Mar/2026 17:20:46] "GET /api/test HTTP/1.1" 200 -
2026-03-04 17:21:03,879 - werkzeug - INFO - 127.0.0.1 - - [04/Mar/2026 17:21:03] "POST /api/predict/preview HTTP/1.1" 200 -
2026-03-04 17:21:11,053 - __main__ - INFO - CSV loaded with 25 rows and columns: ['role_level', 'position', 'age', 'experience_years', 'avg_task_completion', 'attendance_rate', 'projects_handled', 'overtime_hours', 'training_hours', 'FeedBack']
2026-03-04 17:21:11,054 - __main__ - INFO - Processing 25 employees...
2026-03-04 17:21:11,147 - werkzeug - INFO - 127.0.0.1 - - [04/Mar/2026 17:21:11] "POST /api/predict/batch HTTP/1.1" 200 -
2026-03-04 17:55:55,392 - werkzeug - INFO - 127.0.0.1 - - [04/Mar/2026 17:55:55] "GET /api/test HTTP/1.1" 200 -
2026-03-04 17:56:03,625 - werkzeug - INFO - 127.0.0.1 - - [04/Mar/2026 17:56:03] "POST /api/predict/preview HTTP/1.1" 200 -
2026-03-04 17:56:12,279 - __main__ - INFO - CSV loaded with 25 rows and columns: ['role_level', 'position', 'age', 'experience_years', 'avg_task_completion', 'attendance_rate', 'projects_handled', 'overtime_hours', 'training_hours', 'FeedBack']
2026-03-04 17:56:12,279 - __main__ - INFO - Processing 25 employees...
2026-03-04 17:56:12,357 - werkzeug - INFO - 127.0.0.1 - - [04/Mar/2026 17:56:12] "POST /api/predict/batch HTTP/1.1" 200 -
2026-03-04 17:56:15,518 - __main__ - ERROR - Download error: [WinError 2] The system cannot find the file specified: 'C:\\Users\\pavat\\Desktop\\HRReactWeb_AppV26\\HRReactWeb_AppV26\\Performance_Productivity\\results\\productivity_results_20260304_175612.csv'
2026-03-04 17:56:15,518 - werkzeug - INFO - 127.0.0.1 - - [04/Mar/2026 17:56:15] "[35m[1mGET /api/download/productivity_results_20260304_175612.csv HTTP/1.1[0m" 500 -
2026-03-04 17:56:15,548 - werkzeug - INFO - 127.0.0.1 - - [04/Mar/2026 17:56:15] "[33mGET /favicon.ico HTTP/1.1[0m" 404 -
2026-03-04 17:57:05,338 - werkzeug - INFO - 127.0.0.1 - - [04/Mar/2026 17:57:05] "GET /api/test HTTP/1.1" 200 -
2026-03-04 17:57:14,187 - werkzeug - INFO - 127.0.0.1 - - [04/Mar/2026 17:57:14] "POST /api/predict/preview HTTP/1.1" 200 -
2026-03-04 17:57:16,074 - __main__ - INFO - CSV loaded with 25 rows and columns: ['role_level', 'position', 'age', 'experience_years', 'avg_task_completion', 'attendance_rate', 'projects_handled', 'overtime_hours', 'training_hours', 'FeedBack']
2026-03-04 17:57:16,074 - __main__ - INFO - Processing 25 employees...
2026-03-04 17:57:16,140 - werkzeug - INFO - 127.0.0.1 - - [04/Mar/2026 17:57:16] "POST /api/predict/batch HTTP/1.1" 200 -
2026-03-04 17:57:19,355 - __main__ - ERROR - Download error: [WinError 2] The system cannot find the file specified: 'C:\\Users\\pavat\\Desktop\\HRReactWeb_AppV26\\HRReactWeb_AppV26\\Performance_Productivity\\results\\productivity_results_20260304_175716.csv'
2026-03-04 17:57:19,355 - werkzeug - INFO - 127.0.0.1 - - [04/Mar/2026 17:57:19] "[35m[1mGET /api/download/productivity_results_20260304_175716.csv HTTP/1.1[0m" 500 -
2026-03-04 17:58:23,316 - __main__ - INFO - Starting Employee Productivity API...
2026-03-04 17:58:23,318 - __main__ - INFO - Loading model and preprocessor using model_utils...
2026-03-04 17:58:24,280 - __main__ - INFO -  Model and preprocessor loaded successfully.
2026-03-04 17:58:24,292 - werkzeug - INFO - [31m[1mWARNING: This is a development server. Do not use it in a production deployment. Use a production WSGI server instead.[0m
 * Running on all addresses (0.0.0.0)
 * Running on http://127.0.0.1:5002
 * Running on http://192.168.1.12:5002
2026-03-04 17:58:24,292 - werkzeug - INFO - [33mPress CTRL+C to quit[0m
2026-03-04 17:58:24,303 - werkzeug - INFO -  * Restarting with watchdog (windowsapi)
2026-03-04 17:58:27,971 - __main__ - INFO - Starting Employee Productivity API...
2026-03-04 17:58:27,972 - __main__ - INFO - Loading model and preprocessor using model_utils...
2026-03-04 17:58:28,366 - __main__ - INFO -  Model and preprocessor loaded successfully.
2026-03-04 17:58:28,369 - werkzeug - WARNING -  * Debugger is active!
2026-03-04 17:58:28,371 - werkzeug - INFO -  * Debugger PIN: 796-502-977
2026-03-04 17:58:33,898 - __main__ - INFO - Results folder absolute path: C:\Users\pavat\Desktop\HRReactWeb_AppV26\HRReactWeb_AppV26\results
2026-03-04 17:58:33,899 - __main__ - INFO - Download requested - filename: productivity_results_20260304_175716.csv
2026-03-04 17:58:33,899 - __main__ - INFO - Full file path: C:\Users\pavat\Desktop\HRReactWeb_AppV26\HRReactWeb_AppV26\results\productivity_results_20260304_175716.csv
2026-03-04 17:58:33,900 - __main__ - INFO - File found, size: 1884 bytes
2026-03-04 17:58:33,903 - werkzeug - INFO - 127.0.0.1 - - [04/Mar/2026 17:58:33] "GET /api/download/productivity_results_20260304_175716.csv HTTP/1.1" 200 -
2026-03-04 17:58:34,289 - werkzeug - INFO - 127.0.0.1 - - [04/Mar/2026 17:58:34] "GET /api/test HTTP/1.1" 200 -
2026-03-04 17:58:41,232 - werkzeug - INFO - 127.0.0.1 - - [04/Mar/2026 17:58:41] "GET /api/test HTTP/1.1" 200 -
2026-03-04 17:58:49,125 - werkzeug - INFO -  * Detected change in 'C:\\Users\\pavat\\Desktop\\MyFinal\\Lib\\Python38\\Lib\\site-packages\\keras\\engine\\training.py', reloading
2026-03-04 17:58:49,285 - werkzeug - INFO - 127.0.0.1 - - [04/Mar/2026 17:58:49] "POST /api/predict/preview HTTP/1.1" 200 -
2026-03-04 17:58:50,200 - werkzeug - INFO -  * Restarting with watchdog (windowsapi)
2026-03-04 17:58:55,672 - __main__ - INFO - Starting Employee Productivity API...
2026-03-04 17:58:55,674 - __main__ - INFO - Loading model and preprocessor using model_utils...
2026-03-04 17:58:56,319 - __main__ - INFO -  Model and preprocessor loaded successfully.
2026-03-04 17:58:56,325 - werkzeug - WARNING -  * Debugger is active!
2026-03-04 17:58:56,329 - werkzeug - INFO -  * Debugger PIN: 796-502-977
2026-03-04 17:58:56,360 - __main__ - INFO - CSV loaded with 25 rows and columns: ['role_level', 'position', 'age', 'experience_years', 'avg_task_completion', 'attendance_rate', 'projects_handled', 'overtime_hours', 'training_hours', 'FeedBack']
2026-03-04 17:58:56,360 - __main__ - INFO - Processing 25 employees...
2026-03-04 17:58:56,383 - werkzeug - INFO -  * Detected change in 'C:\\Users\\pavat\\Desktop\\MyFinal\\Lib\\Python38\\Lib\\site-packages\\sklearn\\preprocessing\\_encoders.py', reloading
2026-03-04 17:58:56,595 - werkzeug - INFO - 127.0.0.1 - - [04/Mar/2026 17:58:56] "POST /api/predict/batch HTTP/1.1" 200 -
2026-03-04 17:58:57,800 - werkzeug - INFO -  * Restarting with watchdog (windowsapi)
2026-03-04 17:59:03,660 - __main__ - INFO - Starting Employee Productivity API...
2026-03-04 17:59:03,662 - __main__ - INFO - Loading model and preprocessor using model_utils...
2026-03-04 17:59:04,315 - __main__ - INFO -  Model and preprocessor loaded successfully.
2026-03-04 17:59:04,318 - werkzeug - WARNING -  * Debugger is active!
2026-03-04 17:59:04,321 - werkzeug - INFO -  * Debugger PIN: 796-502-977
2026-03-04 17:59:22,598 - __main__ - INFO - Results folder absolute path: C:\Users\pavat\Desktop\HRReactWeb_AppV26\HRReactWeb_AppV26\results
2026-03-04 17:59:22,598 - __main__ - INFO - Download requested - filename: productivity_results_20260304_175856.csv
2026-03-04 17:59:22,599 - __main__ - INFO - Full file path: C:\Users\pavat\Desktop\HRReactWeb_AppV26\HRReactWeb_AppV26\results\productivity_results_20260304_175856.csv
2026-03-04 17:59:22,599 - __main__ - INFO - File found, size: 1884 bytes
2026-03-04 17:59:22,600 - werkzeug - INFO - 127.0.0.1 - - [04/Mar/2026 17:59:22] "GET /api/download/productivity_results_20260304_175856.csv HTTP/1.1" 200 -
2026-03-04 18:02:01,909 - werkzeug - INFO -  * Detected change in 'C:\\Users\\pavat\\Desktop\\HRReactWeb_AppV26\\HRReactWeb_AppV26\\Employee_Retention\\base_config.py', reloading
2026-03-04 18:02:02,316 - werkzeug - INFO -  * Detected change in 'C:\\Users\\pavat\\Desktop\\HRReactWeb_AppV26\\HRReactWeb_AppV26\\Employee_Retention\\predictionV2.py', reloading
2026-03-04 18:02:02,394 - werkzeug - INFO -  * Detected change in 'C:\\Users\\pavat\\Desktop\\MyFinal\\Lib\\Python38\\Lib\\site-packages\\django\\__init__.py', reloading
2026-03-04 18:02:02,435 - werkzeug - INFO -  * Detected change in 'C:\\Users\\pavat\\Desktop\\MyFinal\\Lib\\Python38\\Lib\\site-packages\\django\\apps\\__init__.py', reloading
2026-03-04 18:02:03,105 - werkzeug - INFO -  * Restarting with watchdog (windowsapi)
2026-03-04 18:02:07,472 - __main__ - INFO - Starting Employee Productivity API...
2026-03-04 18:02:07,473 - __main__ - INFO - Loading model and preprocessor using model_utils...
2026-03-04 18:02:07,871 - __main__ - INFO -  Model and preprocessor loaded successfully.
2026-03-04 18:02:07,874 - werkzeug - WARNING -  * Debugger is active!
2026-03-04 18:02:07,877 - werkzeug - INFO -  * Debugger PIN: 796-502-977
2026-03-04 18:02:14,949 - werkzeug - INFO -  * Detected change in 'C:\\Users\\pavat\\Desktop\\HRReactWeb_AppV26\\HRReactWeb_AppV26\\Employee_Retention\\base_config.py', reloading
2026-03-04 18:02:14,950 - werkzeug - INFO -  * Detected change in 'C:\\Users\\pavat\\Desktop\\HRReactWeb_AppV26\\HRReactWeb_AppV26\\Employee_Retention\\base_config.py', reloading
2026-03-04 18:02:14,950 - werkzeug - INFO -  * Detected change in 'C:\\Users\\pavat\\Desktop\\HRReactWeb_AppV26\\HRReactWeb_AppV26\\Employee_Retention\\base_config.py', reloading
2026-03-04 18:02:14,951 - werkzeug - INFO -  * Detected change in 'C:\\Users\\pavat\\Desktop\\HRReactWeb_AppV26\\HRReactWeb_AppV26\\Employee_Retention\\base_config.py', reloading
2026-03-04 18:02:15,519 - werkzeug - INFO -  * Restarting with watchdog (windowsapi)
2026-03-04 18:02:21,871 - __main__ - INFO - Starting Employee Productivity API...
2026-03-04 18:02:21,873 - __main__ - INFO - Loading model and preprocessor using model_utils...
2026-03-04 18:02:22,491 - __main__ - INFO -  Model and preprocessor loaded successfully.
2026-03-04 18:02:22,496 - werkzeug - WARNING -  * Debugger is active!
2026-03-04 18:02:22,500 - werkzeug - INFO -  * Debugger PIN: 796-502-977
2026-03-04 18:02:42,652 - werkzeug - INFO -  * Detected change in 'C:\\Users\\pavat\\Desktop\\MyFinal\\Lib\\Python38\\Lib\\site-packages\\sklearn\\base.py', reloading
2026-03-04 18:02:43,313 - werkzeug - INFO -  * Restarting with watchdog (windowsapi)
2026-03-04 18:02:49,963 - __main__ - INFO - Starting Employee Productivity API...
2026-03-04 18:02:49,965 - __main__ - INFO - Loading model and preprocessor using model_utils...
2026-03-04 18:02:50,720 - __main__ - INFO -  Model and preprocessor loaded successfully.
2026-03-04 18:02:50,730 - werkzeug - WARNING -  * Debugger is active!
2026-03-04 18:02:50,735 - werkzeug - INFO -  * Debugger PIN: 796-502-977
2026-03-04 18:04:47,111 - werkzeug - INFO -  * Detected change in 'C:\\Users\\pavat\\Desktop\\MyFinal\\Lib\\Python38\\Lib\\site-packages\\official\\modeling\\hyperparams\\__init__.py', reloading
2026-03-04 18:04:47,128 - werkzeug - INFO -  * Detected change in 'C:\\Users\\pavat\\Desktop\\MyFinal\\Lib\\Python38\\Lib\\site-packages\\generic_utils\\__init__.py', reloading
2026-03-04 18:04:47,617 - werkzeug - INFO -  * Restarting with watchdog (windowsapi)
2026-03-04 18:04:51,709 - __main__ - INFO - Starting Employee Productivity API...
2026-03-04 18:04:51,710 - __main__ - INFO - Loading model and preprocessor using model_utils...
2026-03-04 18:04:52,089 - __main__ - INFO -  Model and preprocessor loaded successfully.
2026-03-04 18:04:52,092 - werkzeug - WARNING -  * Debugger is active!
2026-03-04 18:04:52,095 - werkzeug - INFO -  * Debugger PIN: 796-502-977
2026-03-04 18:05:12,427 - werkzeug - INFO -  * Detected change in 'C:\\Users\\pavat\\Desktop\\HRReactWeb_AppV26\\HRReactWeb_AppV26\\Cv_Screen\\config.py', reloading
2026-03-04 18:05:12,427 - werkzeug - INFO -  * Detected change in 'C:\\Users\\pavat\\Desktop\\HRReactWeb_AppV26\\HRReactWeb_AppV26\\Cv_Screen\\config.py', reloading
2026-03-04 18:05:12,428 - werkzeug - INFO -  * Detected change in 'C:\\Users\\pavat\\Desktop\\HRReactWeb_AppV26\\HRReactWeb_AppV26\\Cv_Screen\\config.py', reloading
2026-03-04 18:05:13,780 - werkzeug - INFO -  * Restarting with watchdog (windowsapi)
2026-03-04 18:05:19,632 - __main__ - INFO - Starting Employee Productivity API...
2026-03-04 18:05:19,634 - __main__ - INFO - Loading model and preprocessor using model_utils...
2026-03-04 18:05:20,261 - __main__ - INFO -  Model and preprocessor loaded successfully.
2026-03-04 18:05:20,265 - werkzeug - WARNING -  * Debugger is active!
2026-03-04 18:05:20,267 - werkzeug - INFO -  * Debugger PIN: 796-502-977
2026-03-04 18:05:53,336 - werkzeug - INFO -  * Detected change in 'C:\\Users\\pavat\\Desktop\\HRReactWeb_AppV26\\HRReactWeb_AppV26\\Employee_Retention\\API.py', reloading
2026-03-04 18:05:53,336 - werkzeug - INFO -  * Detected change in 'C:\\Users\\pavat\\Desktop\\HRReactWeb_AppV26\\HRReactWeb_AppV26\\Employee_Retention\\API.py', reloading
2026-03-04 18:05:53,337 - werkzeug - INFO -  * Detected change in 'C:\\Users\\pavat\\Desktop\\HRReactWeb_AppV26\\HRReactWeb_AppV26\\Employee_Retention\\API.py', reloading
2026-03-04 18:05:53,338 - werkzeug - INFO -  * Detected change in 'C:\\Users\\pavat\\Desktop\\HRReactWeb_AppV26\\HRReactWeb_AppV26\\Employee_Retention\\API.py', reloading
2026-03-04 18:05:54,181 - werkzeug - INFO -  * Restarting with watchdog (windowsapi)
2026-03-04 18:05:59,863 - __main__ - INFO - Starting Employee Productivity API...
2026-03-04 18:05:59,867 - __main__ - INFO - Loading model and preprocessor using model_utils...
2026-03-04 18:06:00,651 - __main__ - INFO -  Model and preprocessor loaded successfully.
2026-03-04 18:06:00,658 - werkzeug - WARNING -  * Debugger is active!
2026-03-04 18:06:00,663 - werkzeug - INFO -  * Debugger PIN: 796-502-977
2026-03-04 18:09:03,126 - werkzeug - INFO - 127.0.0.1 - - [04/Mar/2026 18:09:03] "GET /api/test HTTP/1.1" 200 -
2026-03-04 18:09:26,341 - werkzeug - INFO -  * Detected change in 'C:\\Users\\pavat\\Desktop\\MyFinal\\Lib\\Python38\\Lib\\site-packages\\plotly\\__init__.py', reloading
2026-03-04 18:09:26,366 - werkzeug - INFO -  * Detected change in 'C:\\Users\\pavat\\Desktop\\HRReactWeb_AppV26\\HRReactWeb_AppV26\\Cv_Screen\\Data_Validators.py', reloading
2026-03-04 18:09:26,367 - werkzeug - INFO -  * Detected change in 'C:\\Users\\pavat\\Desktop\\HRReactWeb_AppV26\\HRReactWeb_AppV26\\Cv_Screen\\Train.py', reloading
2026-03-04 18:09:26,782 - werkzeug - INFO -  * Restarting with watchdog (windowsapi)
2026-03-04 18:09:31,904 - __main__ - INFO - Starting Employee Productivity API...
2026-03-04 18:09:31,906 - __main__ - INFO - Loading model and preprocessor using model_utils...
2026-03-04 18:09:32,453 - __main__ - INFO -  Model and preprocessor loaded successfully.
2026-03-04 18:09:32,457 - werkzeug - WARNING -  * Debugger is active!
2026-03-04 18:09:32,460 - werkzeug - INFO -  * Debugger PIN: 796-502-977
2026-03-04 18:09:46,341 - werkzeug - INFO -  * Detected change in 'C:\\Users\\pavat\\Desktop\\HRReactWeb_AppV26\\HRReactWeb_AppV26\\Dynamic_Interview\\Config.py', reloading
2026-03-04 18:09:46,341 - werkzeug - INFO -  * Detected change in 'C:\\Users\\pavat\\Desktop\\HRReactWeb_AppV26\\HRReactWeb_AppV26\\Dynamic_Interview\\Config.py', reloading
2026-03-04 18:09:46,342 - werkzeug - INFO -  * Detected change in 'C:\\Users\\pavat\\Desktop\\HRReactWeb_AppV26\\HRReactWeb_AppV26\\Dynamic_Interview\\Config.py', reloading
2026-03-04 18:09:46,343 - werkzeug - INFO -  * Detected change in 'C:\\Users\\pavat\\Desktop\\HRReactWeb_AppV26\\HRReactWeb_AppV26\\Dynamic_Interview\\Config.py', reloading
2026-03-04 18:09:47,144 - werkzeug - INFO -  * Restarting with watchdog (windowsapi)
2026-03-04 18:09:53,338 - __main__ - INFO - Starting Employee Productivity API...
2026-03-04 18:09:53,339 - __main__ - INFO - Loading model and preprocessor using model_utils...
2026-03-04 18:09:53,930 - __main__ - INFO -  Model and preprocessor loaded successfully.
2026-03-04 18:09:53,936 - werkzeug - WARNING -  * Debugger is active!
2026-03-04 18:09:53,941 - werkzeug - INFO -  * Debugger PIN: 796-502-977
2026-03-04 18:10:22,239 - werkzeug - INFO -  * Detected change in 'C:\\Users\\pavat\\Desktop\\MyFinal\\Lib\\Python38\\Lib\\site-packages\\openai\\api_resources\\chat_completion.py', reloading
2026-03-04 18:10:22,255 - werkzeug - INFO -  * Detected change in 'C:\\Users\\pavat\\Desktop\\MyFinal\\Lib\\Python38\\Lib\\site-packages\\openai\\api_resources\\abstract\\engine_api_resource.py', reloading
2026-03-04 18:10:22,274 - werkzeug - INFO -  * Detected change in 'C:\\Users\\pavat\\Desktop\\MyFinal\\Lib\\Python38\\Lib\\site-packages\\openai\\api_resources\\abstract\\api_resource.py', reloading
2026-03-04 18:10:22,287 - werkzeug - INFO -  * Detected change in 'C:\\Users\\pavat\\Desktop\\MyFinal\\Lib\\Python38\\Lib\\site-packages\\openai\\openai_object.py', reloading
2026-03-04 18:10:22,710 - werkzeug - INFO -  * Restarting with watchdog (windowsapi)
2026-03-04 18:10:27,670 - __main__ - INFO - Starting Employee Productivity API...
2026-03-04 18:10:27,671 - __main__ - INFO - Loading model and preprocessor using model_utils...
2026-03-04 18:10:28,049 - __main__ - INFO -  Model and preprocessor loaded successfully.
2026-03-04 18:10:28,052 - werkzeug - WARNING -  * Debugger is active!
2026-03-04 18:10:28,055 - werkzeug - INFO -  * Debugger PIN: 796-502-977
2026-03-04 18:10:33,254 - werkzeug - INFO -  * Detected change in 'C:\\Users\\pavat\\Desktop\\MyFinal\\Lib\\Python38\\Lib\\site-packages\\torch\\nn\\__init__.py', reloading
2026-03-04 18:10:33,261 - werkzeug - INFO -  * Detected change in 'C:\\Users\\pavat\\Desktop\\HRReactWeb_AppV26\\HRReactWeb_AppV26\\Dynamic_Interview\\TrainModel.py', reloading
2026-03-04 18:10:34,556 - werkzeug - INFO -  * Restarting with watchdog (windowsapi)
2026-03-04 18:10:38,813 - __main__ - INFO - Starting Employee Productivity API...
2026-03-04 18:10:38,814 - __main__ - INFO - Loading model and preprocessor using model_utils...
2026-03-04 18:10:39,168 - __main__ - INFO -  Model and preprocessor loaded successfully.
2026-03-04 18:10:39,171 - werkzeug - WARNING -  * Debugger is active!
2026-03-04 18:10:39,174 - werkzeug - INFO -  * Debugger PIN: 796-502-977
2026-03-04 18:11:03,499 - werkzeug - INFO -  * Detected change in 'C:\\Users\\pavat\\Desktop\\HRReactWeb_AppV26\\HRReactWeb_AppV26\\Dynamic_Interview\\InterviewDataProcessor.py', reloading
2026-03-04 18:11:03,499 - werkzeug - INFO -  * Detected change in 'C:\\Users\\pavat\\Desktop\\HRReactWeb_AppV26\\HRReactWeb_AppV26\\Dynamic_Interview\\InterviewDataProcessor.py', reloading
2026-03-04 18:11:03,500 - werkzeug - INFO -  * Detected change in 'C:\\Users\\pavat\\Desktop\\HRReactWeb_AppV26\\HRReactWeb_AppV26\\Dynamic_Interview\\InterviewDataProcessor.py', reloading
2026-03-04 18:11:03,501 - werkzeug - INFO -  * Detected change in 'C:\\Users\\pavat\\Desktop\\HRReactWeb_AppV26\\HRReactWeb_AppV26\\Dynamic_Interview\\InterviewDataProcessor.py', reloading
2026-03-04 18:11:04,938 - werkzeug - INFO -  * Restarting with watchdog (windowsapi)
2026-03-04 18:11:10,823 - __main__ - INFO - Starting Employee Productivity API...
2026-03-04 18:11:10,825 - __main__ - INFO - Loading model and preprocessor using model_utils...
2026-03-04 18:11:11,426 - __main__ - INFO -  Model and preprocessor loaded successfully.
2026-03-04 18:11:11,429 - werkzeug - WARNING -  * Debugger is active!
2026-03-04 18:11:11,432 - werkzeug - INFO -  * Debugger PIN: 796-502-977
2026-03-04 18:11:17,103 - werkzeug - INFO -  * Detected change in 'C:\\Users\\pavat\\Desktop\\HRReactWeb_AppV26\\HRReactWeb_AppV26\\Dynamic_Interview\\InterviewDataProcessor.py', reloading
2026-03-04 18:11:17,104 - werkzeug - INFO -  * Detected change in 'C:\\Users\\pavat\\Desktop\\HRReactWeb_AppV26\\HRReactWeb_AppV26\\Dynamic_Interview\\InterviewDataProcessor.py', reloading
2026-03-04 18:11:17,104 - werkzeug - INFO -  * Detected change in 'C:\\Users\\pavat\\Desktop\\HRReactWeb_AppV26\\HRReactWeb_AppV26\\Dynamic_Interview\\InterviewDataProcessor.py', reloading
2026-03-04 18:11:17,105 - werkzeug - INFO -  * Detected change in 'C:\\Users\\pavat\\Desktop\\HRReactWeb_AppV26\\HRReactWeb_AppV26\\Dynamic_Interview\\InterviewDataProcessor.py', reloading
2026-03-04 18:11:17,889 - werkzeug - INFO -  * Restarting with watchdog (windowsapi)
2026-03-04 18:11:22,865 - __main__ - INFO - Starting Employee Productivity API...
2026-03-04 18:11:22,867 - __main__ - INFO - Loading model and preprocessor using model_utils...
2026-03-04 18:11:23,293 - __main__ - INFO -  Model and preprocessor loaded successfully.
2026-03-04 18:11:23,297 - werkzeug - WARNING -  * Debugger is active!
2026-03-04 18:11:23,299 - werkzeug - INFO -  * Debugger PIN: 796-502-977
2026-03-04 18:12:50,046 - werkzeug - INFO -  * Detected change in 'C:\\Users\\pavat\\Desktop\\HRReactWeb_AppV26\\HRReactWeb_AppV26\\Dynamic_Interview\\Config.py', reloading
2026-03-04 18:12:50,047 - werkzeug - INFO -  * Detected change in 'C:\\Users\\pavat\\Desktop\\HRReactWeb_AppV26\\HRReactWeb_AppV26\\Dynamic_Interview\\Config.py', reloading
2026-03-04 18:12:50,047 - werkzeug - INFO -  * Detected change in 'C:\\Users\\pavat\\Desktop\\HRReactWeb_AppV26\\HRReactWeb_AppV26\\Dynamic_Interview\\Config.py', reloading
2026-03-04 18:12:50,806 - werkzeug - INFO -  * Restarting with watchdog (windowsapi)
2026-03-04 18:12:56,044 - __main__ - INFO - Starting Employee Productivity API...
2026-03-04 18:12:56,046 - __main__ - INFO - Loading model and preprocessor using model_utils...
2026-03-04 18:12:56,523 - __main__ - INFO -  Model and preprocessor loaded successfully.
2026-03-04 18:12:56,527 - werkzeug - WARNING -  * Debugger is active!
2026-03-04 18:12:56,529 - werkzeug - INFO -  * Debugger PIN: 796-502-977
2026-03-04 18:13:21,049 - werkzeug - INFO -  * Detected change in 'C:\\Users\\pavat\\Desktop\\HRReactWeb_AppV26\\HRReactWeb_AppV26\\Dynamic_Interview\\Config.py', reloading
2026-03-04 18:13:21,050 - werkzeug - INFO -  * Detected change in 'C:\\Users\\pavat\\Desktop\\HRReactWeb_AppV26\\HRReactWeb_AppV26\\Dynamic_Interview\\Config.py', reloading
2026-03-04 18:13:22,423 - werkzeug - INFO -  * Restarting with watchdog (windowsapi)
2026-03-04 18:13:28,417 - __main__ - INFO - Starting Employee Productivity API...
2026-03-04 18:13:28,418 - __main__ - INFO - Loading model and preprocessor using model_utils...
2026-03-04 18:13:28,945 - __main__ - INFO -  Model and preprocessor loaded successfully.
2026-03-04 18:13:28,949 - werkzeug - WARNING -  * Debugger is active!
2026-03-04 18:13:28,952 - werkzeug - INFO -  * Debugger PIN: 796-502-977
2026-03-04 18:13:42,059 - werkzeug - INFO -  * Detected change in 'C:\\Users\\pavat\\Desktop\\HRReactWeb_AppV26\\HRReactWeb_AppV26\\Dynamic_Interview\\Config.py', reloading
2026-03-04 18:13:42,060 - werkzeug - INFO -  * Detected change in 'C:\\Users\\pavat\\Desktop\\HRReactWeb_AppV26\\HRReactWeb_AppV26\\Dynamic_Interview\\Config.py', reloading
2026-03-04 18:13:42,060 - werkzeug - INFO -  * Detected change in 'C:\\Users\\pavat\\Desktop\\HRReactWeb_AppV26\\HRReactWeb_AppV26\\Dynamic_Interview\\Config.py', reloading
2026-03-04 18:13:42,061 - werkzeug - INFO -  * Detected change in 'C:\\Users\\pavat\\Desktop\\HRReactWeb_AppV26\\HRReactWeb_AppV26\\Dynamic_Interview\\Config.py', reloading
2026-03-04 18:13:42,475 - werkzeug - INFO -  * Restarting with watchdog (windowsapi)
2026-03-04 18:13:48,974 - __main__ - INFO - Starting Employee Productivity API...
2026-03-04 18:13:48,976 - __main__ - INFO - Loading model and preprocessor using model_utils...
2026-03-04 18:13:49,496 - __main__ - INFO -  Model and preprocessor loaded successfully.
2026-03-04 18:13:49,500 - werkzeug - WARNING -  * Debugger is active!
2026-03-04 18:13:49,502 - werkzeug - INFO -  * Debugger PIN: 796-502-977
2026-03-04 18:14:51,383 - werkzeug - INFO -  * Detected change in 'C:\\Users\\pavat\\Desktop\\MyFinal\\Lib\\Python38\\Lib\\site-packages\\sklearn\\__init__.py', reloading
2026-03-04 18:14:51,402 - werkzeug - INFO -  * Detected change in 'C:\\Users\\pavat\\Desktop\\MyFinal\\Lib\\Python38\\Lib\\site-packages\\sklearn\\preprocessing\\__init__.py', reloading
2026-03-04 18:14:51,403 - werkzeug - INFO -  * Detected change in 'C:\\Users\\pavat\\Desktop\\MyFinal\\Lib\\Python38\\Lib\\site-packages\\sklearn\\metrics\\__init__.py', reloading
2026-03-04 18:14:51,403 - werkzeug - INFO -  * Detected change in 'C:\\Users\\pavat\\Desktop\\MyFinal\\Lib\\Python38\\Lib\\site-packages\\sklearn\\impute\\__init__.py', reloading
2026-03-04 18:14:51,404 - werkzeug - INFO -  * Detected change in 'C:\\Users\\pavat\\Desktop\\MyFinal\\Lib\\Python38\\Lib\\site-packages\\sklearn\\compose\\__init__.py', reloading
2026-03-04 18:14:51,440 - werkzeug - INFO -  * Detected change in 'C:\\Users\\pavat\\Desktop\\MyFinal\\Lib\\Python38\\Lib\\site-packages\\sklearn\\ensemble\\__init__.py', reloading
2026-03-04 18:14:51,464 - werkzeug - INFO -  * Detected change in 'C:\\Users\\pavat\\Desktop\\MyFinal\\Lib\\Python38\\Lib\\site-packages\\sklearn\\model_selection\\__init__.py', reloading
2026-03-04 18:14:52,719 - werkzeug - INFO -  * Restarting with watchdog (windowsapi)
2026-03-04 18:14:57,111 - __main__ - INFO - Starting Employee Productivity API...
2026-03-04 18:14:57,113 - __main__ - INFO - Loading model and preprocessor using model_utils...
2026-03-04 18:14:57,534 - __main__ - INFO -  Model and preprocessor loaded successfully.
2026-03-04 18:14:57,538 - werkzeug - WARNING -  * Debugger is active!
2026-03-04 18:14:57,540 - werkzeug - INFO -  * Debugger PIN: 796-502-977
2026-03-04 18:21:59,020 - werkzeug - INFO -  * Detected change in 'C:\\Users\\pavat\\Desktop\\HRReactWeb_AppV26\\HRReactWeb_AppV26\\Dynamic_Interview\\Config.py', reloading
2026-03-04 18:21:59,021 - werkzeug - INFO -  * Detected change in 'C:\\Users\\pavat\\Desktop\\HRReactWeb_AppV26\\HRReactWeb_AppV26\\Dynamic_Interview\\Config.py', reloading
2026-03-04 18:21:59,021 - werkzeug - INFO -  * Detected change in 'C:\\Users\\pavat\\Desktop\\HRReactWeb_AppV26\\HRReactWeb_AppV26\\Dynamic_Interview\\Config.py', reloading
2026-03-04 18:21:59,022 - werkzeug - INFO -  * Detected change in 'C:\\Users\\pavat\\Desktop\\HRReactWeb_AppV26\\HRReactWeb_AppV26\\Dynamic_Interview\\Config.py', reloading
2026-03-04 18:22:00,171 - werkzeug - INFO -  * Restarting with watchdog (windowsapi)
2026-03-04 18:22:06,449 - __main__ - INFO - Starting Employee Productivity API...
2026-03-04 18:22:06,452 - __main__ - INFO - Loading model and preprocessor using model_utils...
2026-03-04 18:22:07,113 - __main__ - INFO -  Model and preprocessor loaded successfully.
2026-03-04 18:22:07,119 - werkzeug - WARNING -  * Debugger is active!
2026-03-04 18:22:07,125 - werkzeug - INFO -  * Debugger PIN: 796-502-977
2026-03-04 18:24:04,929 - werkzeug - INFO -  * Detected change in 'C:\\Users\\pavat\\Desktop\\HRReactWeb_AppV26\\HRReactWeb_AppV26\\Employee_Retention\\API.py', reloading
2026-03-04 18:24:04,929 - werkzeug - INFO -  * Detected change in 'C:\\Users\\pavat\\Desktop\\HRReactWeb_AppV26\\HRReactWeb_AppV26\\Employee_Retention\\API.py', reloading
2026-03-04 18:24:04,930 - werkzeug - INFO -  * Detected change in 'C:\\Users\\pavat\\Desktop\\HRReactWeb_AppV26\\HRReactWeb_AppV26\\Employee_Retention\\API.py', reloading
2026-03-04 18:24:04,931 - werkzeug - INFO -  * Detected change in 'C:\\Users\\pavat\\Desktop\\HRReactWeb_AppV26\\HRReactWeb_AppV26\\Employee_Retention\\API.py', reloading
2026-03-04 18:24:05,950 - werkzeug - INFO -  * Restarting with watchdog (windowsapi)
2026-03-04 18:24:11,280 - __main__ - INFO - Starting Employee Productivity API...
2026-03-04 18:24:11,282 - __main__ - INFO - Loading model and preprocessor using model_utils...
2026-03-04 18:24:11,981 - __main__ - INFO -  Model and preprocessor loaded successfully.
2026-03-04 18:24:11,986 - werkzeug - WARNING -  * Debugger is active!
2026-03-04 18:24:11,992 - werkzeug - INFO -  * Debugger PIN: 796-502-977
2026-03-04 18:42:37,345 - werkzeug - INFO - 127.0.0.1 - - [04/Mar/2026 18:42:37] "GET /api/test HTTP/1.1" 200 -
2026-03-04 18:42:51,603 - werkzeug - INFO - 127.0.0.1 - - [04/Mar/2026 18:42:51] "POST /api/predict/preview HTTP/1.1" 200 -
2026-03-04 18:42:55,031 - __main__ - INFO - CSV loaded with 25 rows and columns: ['role_level', 'position', 'age', 'experience_years', 'avg_task_completion', 'attendance_rate', 'projects_handled', 'overtime_hours', 'training_hours', 'FeedBack']
2026-03-04 18:42:55,031 - __main__ - INFO - Processing 25 employees...
2026-03-04 18:42:55,097 - werkzeug - INFO - 127.0.0.1 - - [04/Mar/2026 18:42:55] "POST /api/predict/batch HTTP/1.1" 200 -
2026-03-04 18:43:32,380 - werkzeug - INFO - 127.0.0.1 - - [04/Mar/2026 18:43:32] "GET /api/test HTTP/1.1" 200 -
2026-03-04 18:43:49,294 - werkzeug - INFO - 127.0.0.1 - - [04/Mar/2026 18:43:49] "POST /api/predict/preview HTTP/1.1" 200 -
2026-03-04 18:43:55,462 - __main__ - INFO - CSV loaded with 25 rows and columns: ['role_level', 'position', 'age', 'experience_years', 'avg_task_completion', 'attendance_rate', 'projects_handled', 'overtime_hours', 'training_hours', 'FeedBack']
2026-03-04 18:43:55,462 - __main__ - INFO - Processing 25 employees...
2026-03-04 18:43:55,528 - werkzeug - INFO - 127.0.0.1 - - [04/Mar/2026 18:43:55] "POST /api/predict/batch HTTP/1.1" 200 -
2026-03-04 18:44:15,370 - __main__ - INFO - Results folder absolute path: C:\Users\pavat\Desktop\HRReactWeb_AppV26\HRReactWeb_AppV26\results
2026-03-04 18:44:15,370 - __main__ - INFO - Download requested - filename: productivity_results_20260304_184355.csv
2026-03-04 18:44:15,370 - __main__ - INFO - Full file path: C:\Users\pavat\Desktop\HRReactWeb_AppV26\HRReactWeb_AppV26\results\productivity_results_20260304_184355.csv
2026-03-04 18:44:15,370 - __main__ - INFO - File found, size: 1884 bytes
2026-03-04 18:44:15,371 - werkzeug - INFO - 127.0.0.1 - - [04/Mar/2026 18:44:15] "GET /api/download/productivity_results_20260304_184355.csv HTTP/1.1" 200 -
2026-03-04 18:49:48,236 - werkzeug - INFO -  * Detected change in 'C:\\Users\\pavat\\Desktop\\HRReactWeb_AppV26\\HRReactWeb_AppV26\\Employee_Retention\\API.py', reloading
2026-03-04 18:49:48,237 - werkzeug - INFO -  * Detected change in 'C:\\Users\\pavat\\Desktop\\HRReactWeb_AppV26\\HRReactWeb_AppV26\\Employee_Retention\\API.py', reloading
2026-03-04 18:49:48,237 - werkzeug - INFO -  * Detected change in 'C:\\Users\\pavat\\Desktop\\HRReactWeb_AppV26\\HRReactWeb_AppV26\\Employee_Retention\\API.py', reloading
2026-03-04 18:49:48,238 - werkzeug - INFO -  * Detected change in 'C:\\Users\\pavat\\Desktop\\HRReactWeb_AppV26\\HRReactWeb_AppV26\\Employee_Retention\\API.py', reloading
2026-03-04 18:49:49,289 - werkzeug - INFO -  * Restarting with watchdog (windowsapi)
2026-03-04 18:49:54,044 - __main__ - INFO - Starting Employee Productivity API...
2026-03-04 18:49:54,045 - __main__ - INFO - Loading model and preprocessor using model_utils...
2026-03-04 18:49:54,500 - __main__ - INFO -  Model and preprocessor loaded successfully.
2026-03-04 18:49:54,504 - werkzeug - WARNING -  * Debugger is active!
2026-03-04 18:49:54,507 - werkzeug - INFO -  * Debugger PIN: 796-502-977
2026-03-04 18:53:29,669 - werkzeug - INFO -  * Detected change in 'C:\\Users\\pavat\\Desktop\\HRReactWeb_AppV26\\HRReactWeb_AppV26\\Employee_Retention\\API.py', reloading
2026-03-04 18:53:30,726 - werkzeug - INFO -  * Restarting with watchdog (windowsapi)
2026-03-04 18:53:37,544 - __main__ - INFO - Starting Employee Productivity API...
2026-03-04 18:53:37,548 - __main__ - INFO - Loading model and preprocessor using model_utils...
2026-03-04 18:53:38,430 - __main__ - INFO -  Model and preprocessor loaded successfully.
2026-03-04 18:53:38,436 - werkzeug - WARNING -  * Debugger is active!
2026-03-04 18:53:38,440 - werkzeug - INFO -  * Debugger PIN: 796-502-977
2026-03-04 18:55:55,424 - werkzeug - INFO -  * Detected change in 'C:\\Users\\pavat\\Desktop\\HRReactWeb_AppV26\\HRReactWeb_AppV26\\Employee_Retention\\API.py', reloading
2026-03-04 18:55:55,425 - werkzeug - INFO -  * Detected change in 'C:\\Users\\pavat\\Desktop\\HRReactWeb_AppV26\\HRReactWeb_AppV26\\Employee_Retention\\API.py', reloading
2026-03-04 18:55:56,796 - werkzeug - INFO -  * Restarting with watchdog (windowsapi)
2026-03-04 18:56:01,316 - __main__ - INFO - Starting Employee Productivity API...
2026-03-04 18:56:01,317 - __main__ - INFO - Loading model and preprocessor using model_utils...
2026-03-04 18:56:01,774 - __main__ - INFO -  Model and preprocessor loaded successfully.
2026-03-04 18:56:01,779 - werkzeug - WARNING -  * Debugger is active!
2026-03-04 18:56:01,782 - werkzeug - INFO -  * Debugger PIN: 796-502-977
2026-03-04 18:58:12,693 - werkzeug - INFO -  * Detected change in 'C:\\Users\\pavat\\Desktop\\HRReactWeb_AppV26\\HRReactWeb_AppV26\\Employee_Retention\\base_config.py', reloading
2026-03-04 18:58:12,699 - werkzeug - INFO -  * Detected change in 'C:\\Users\\pavat\\Desktop\\HRReactWeb_AppV26\\HRReactWeb_AppV26\\Employee_Retention\\base_config.py', reloading
2026-03-04 18:58:12,700 - werkzeug - INFO -  * Detected change in 'C:\\Users\\pavat\\Desktop\\HRReactWeb_AppV26\\HRReactWeb_AppV26\\Employee_Retention\\base_config.py', reloading
2026-03-04 18:58:13,971 - werkzeug - INFO -  * Restarting with watchdog (windowsapi)
2026-03-04 18:58:21,193 - __main__ - INFO - Starting Employee Productivity API...
2026-03-04 18:58:21,196 - __main__ - INFO - Loading model and preprocessor using model_utils...
2026-03-04 18:58:21,915 - __main__ - INFO -  Model and preprocessor loaded successfully.
2026-03-04 18:58:21,924 - werkzeug - WARNING -  * Debugger is active!
2026-03-04 18:58:21,929 - werkzeug - INFO -  * Debugger PIN: 796-502-977
2026-03-04 18:58:22,741 - werkzeug - INFO -  * Detected change in 'C:\\Users\\pavat\\Desktop\\MyFinal\\Lib\\Python38\\Lib\\site-packages\\tensorflow\\python\\framework\\registry.py', reloading
2026-03-04 18:58:22,742 - werkzeug - INFO -  * Detected change in 'C:\\Users\\pavat\\Desktop\\MyFinal\\Lib\\Python38\\Lib\\site-packages\\tensorflow\\python\\framework\\ops.py', reloading
2026-03-04 18:58:22,744 - werkzeug - INFO -  * Detected change in 'C:\\Users\\pavat\\Desktop\\MyFinal\\Lib\\Python38\\Lib\\site-packages\\tensorflow\\python\\ops\\array_ops.py', reloading
2026-03-04 18:58:22,763 - werkzeug - INFO -  * Detected change in 'C:\\Users\\pavat\\Desktop\\MyFinal\\Lib\\Python38\\Lib\\site-packages\\tensorflow\\python\\ops\\list_ops.py', reloading
2026-03-04 18:58:22,792 - werkzeug - INFO -  * Detected change in 'C:\\Users\\pavat\\Desktop\\MyFinal\\Lib\\Python38\\Lib\\site-packages\\tensorflow\\python\\ops\\math_ops.py', reloading
2026-03-04 18:58:22,818 - werkzeug - INFO -  * Detected change in 'C:\\Users\\pavat\\Desktop\\MyFinal\\Lib\\Python38\\Lib\\site-packages\\tensorflow\\python\\ops\\control_flow_ops.py', reloading
2026-03-04 18:58:22,822 - werkzeug - INFO -  * Detected change in 'C:\\Users\\pavat\\Desktop\\MyFinal\\Lib\\Python38\\Lib\\site-packages\\tensorflow\\python\\ops\\check_ops.py', reloading
2026-03-04 18:58:22,832 - werkzeug - INFO -  * Detected change in 'C:\\Users\\pavat\\Desktop\\MyFinal\\Lib\\Python38\\Lib\\site-packages\\tensorflow\\python\\ops\\ragged\\ragged_tensor.py', reloading
2026-03-04 18:58:22,905 - werkzeug - INFO -  * Detected change in 'C:\\Users\\pavat\\Desktop\\MyFinal\\Lib\\Python38\\Lib\\site-packages\\tensorflow\\python\\ops\\resource_variable_ops.py', reloading
2026-03-04 18:58:22,922 - werkzeug - INFO -  * Detected change in 'C:\\Users\\pavat\\Desktop\\MyFinal\\Lib\\Python38\\Lib\\site-packages\\tensorflow\\python\\ops\\bitwise_ops.py', reloading
2026-03-04 18:58:22,926 - werkzeug - INFO -  * Detected change in 'C:\\Users\\pavat\\Desktop\\MyFinal\\Lib\\Python38\\Lib\\site-packages\\tensorflow\\python\\ops\\stateless_random_ops.py', reloading
2026-03-04 18:58:22,929 - werkzeug - INFO -  * Detected change in 'C:\\Users\\pavat\\Desktop\\MyFinal\\Lib\\Python38\\Lib\\site-packages\\tensorflow\\python\\ops\\random_ops.py', reloading
2026-03-04 18:58:22,941 - werkzeug - INFO -  * Detected change in 'C:\\Users\\pavat\\Desktop\\MyFinal\\Lib\\Python38\\Lib\\site-packages\\tensorflow\\python\\ops\\io_ops.py', reloading
2026-03-04 18:58:22,950 - werkzeug - INFO -  * Detected change in 'C:\\Users\\pavat\\Desktop\\MyFinal\\Lib\\Python38\\Lib\\site-packages\\tensorflow\\python\\ops\\string_ops.py', reloading
2026-03-04 18:58:23,451 - werkzeug - INFO -  * Restarting with watchdog (windowsapi)
2026-03-04 18:58:29,983 - __main__ - INFO - Starting Employee Productivity API...
2026-03-04 18:58:29,985 - __main__ - INFO - Loading model and preprocessor using model_utils...
2026-03-04 18:58:30,643 - __main__ - INFO -  Model and preprocessor loaded successfully.
2026-03-04 18:58:30,650 - werkzeug - WARNING -  * Debugger is active!
2026-03-04 18:58:30,654 - werkzeug - INFO -  * Debugger PIN: 796-502-977
2026-03-04 18:58:54,095 - werkzeug - INFO -  * Detected change in 'C:\\Users\\pavat\\Desktop\\HRReactWeb_AppV26\\HRReactWeb_AppV26\\Employee_Retention\\base_config.py', reloading
2026-03-04 18:58:54,095 - werkzeug - INFO -  * Detected change in 'C:\\Users\\pavat\\Desktop\\HRReactWeb_AppV26\\HRReactWeb_AppV26\\Employee_Retention\\base_config.py', reloading
2026-03-04 18:58:55,406 - werkzeug - INFO -  * Restarting with watchdog (windowsapi)
2026-03-04 18:58:59,758 - __main__ - INFO - Starting Employee Productivity API...
2026-03-04 18:58:59,760 - __main__ - INFO - Loading model and preprocessor using model_utils...
2026-03-04 18:59:00,505 - __main__ - INFO -  Model and preprocessor loaded successfully.
2026-03-04 18:59:00,513 - werkzeug - WARNING -  * Debugger is active!
2026-03-04 18:59:00,518 - werkzeug - INFO -  * Debugger PIN: 796-502-977
2026-03-04 18:59:22,269 - __main__ - INFO - Starting Employee Productivity API...
2026-03-04 18:59:22,272 - __main__ - INFO - Loading model and preprocessor using model_utils...
2026-03-04 18:59:23,082 - __main__ - INFO -  Model and preprocessor loaded successfully.
2026-03-04 18:59:23,093 - werkzeug - INFO - [31m[1mWARNING: This is a development server. Do not use it in a production deployment. Use a production WSGI server instead.[0m
 * Running on all addresses (0.0.0.0)
 * Running on http://127.0.0.1:5002
 * Running on http://192.168.1.12:5002
2026-03-04 18:59:23,093 - werkzeug - INFO - [33mPress CTRL+C to quit[0m
2026-03-04 18:59:23,103 - werkzeug - INFO -  * Restarting with watchdog (windowsapi)
2026-03-04 18:59:28,643 - __main__ - INFO - Starting Employee Productivity API...
2026-03-04 18:59:28,644 - __main__ - INFO - Loading model and preprocessor using model_utils...
2026-03-04 18:59:29,229 - __main__ - INFO -  Model and preprocessor loaded successfully.
2026-03-04 18:59:29,234 - werkzeug - WARNING -  * Debugger is active!
2026-03-04 18:59:29,237 - werkzeug - INFO -  * Debugger PIN: 796-502-977
2026-03-04 19:07:28,656 - werkzeug - INFO -  * Detected change in 'C:\\Users\\pavat\\Desktop\\HRReactWeb_AppV26\\HRReactWeb_AppV26\\Employee_Retention\\API.py', reloading
2026-03-04 19:07:30,084 - werkzeug - INFO -  * Restarting with watchdog (windowsapi)
2026-03-04 19:07:36,080 - __main__ - INFO - Starting Employee Productivity API...
2026-03-04 19:07:36,081 - __main__ - INFO - Loading model and preprocessor using model_utils...
2026-03-04 19:07:36,589 - __main__ - INFO -  Model and preprocessor loaded successfully.
2026-03-04 19:07:36,594 - werkzeug - WARNING -  * Debugger is active!
2026-03-04 19:07:36,597 - werkzeug - INFO -  * Debugger PIN: 796-502-977
2026-03-04 19:12:06,633 - werkzeug - INFO -  * Detected change in 'C:\\Users\\pavat\\Desktop\\HRReactWeb_AppV26\\HRReactWeb_AppV26\\Employee_Retention\\API.py', reloading
2026-03-04 19:12:06,634 - werkzeug - INFO -  * Detected change in 'C:\\Users\\pavat\\Desktop\\HRReactWeb_AppV26\\HRReactWeb_AppV26\\Employee_Retention\\API.py', reloading
2026-03-04 19:12:06,634 - werkzeug - INFO -  * Detected change in 'C:\\Users\\pavat\\Desktop\\HRReactWeb_AppV26\\HRReactWeb_AppV26\\Employee_Retention\\API.py', reloading
2026-03-04 19:12:07,591 - werkzeug - INFO -  * Restarting with watchdog (windowsapi)
2026-03-04 19:12:13,944 - __main__ - INFO - Starting Employee Productivity API...
2026-03-04 19:12:13,945 - __main__ - INFO - Loading model and preprocessor using model_utils...
2026-03-04 19:12:14,583 - __main__ - INFO -  Model and preprocessor loaded successfully.
2026-03-04 19:12:14,593 - werkzeug - WARNING -  * Debugger is active!
2026-03-04 19:12:14,599 - werkzeug - INFO -  * Debugger PIN: 796-502-977
2026-03-04 19:14:24,035 - werkzeug - INFO -  * Detected change in 'C:\\Users\\pavat\\Desktop\\MyFinal\\Lib\\Python38\\Lib\\site-packages\\pandocfilters-1.4.3.dist-info.zip', reloading
2026-03-04 19:14:24,268 - werkzeug - INFO -  * Detected change in 'C:\\Users\\pavat\\Desktop\\MyFinal\\Lib\\Python38\\Lib\\site-packages\\pandas\\api\\extensions\\__init__.py', reloading
2026-03-04 19:14:24,286 - werkzeug - INFO -  * Detected change in 'C:\\Users\\pavat\\Desktop\\MyFinal\\Lib\\Python38\\Lib\\site-packages\\pandas\\api\\indexers\\__init__.py', reloading
2026-03-04 19:14:24,815 - werkzeug - INFO -  * Restarting with watchdog (windowsapi)
2026-03-04 19:14:36,051 - __main__ - INFO - Starting Employee Productivity API...
2026-03-04 19:14:36,054 - __main__ - INFO - Loading model and preprocessor using model_utils...
2026-03-04 19:14:37,412 - __main__ - INFO -  Model and preprocessor loaded successfully.
2026-03-04 19:14:37,429 - werkzeug - WARNING -  * Debugger is active!
2026-03-04 19:14:37,444 - werkzeug - INFO -  * Debugger PIN: 796-502-977
2026-03-04 19:14:37,527 - werkzeug - INFO -  * Detected change in 'C:\\Users\\pavat\\Desktop\\MyFinal\\Lib\\Python38\\Lib\\site-packages\\pandas\\tests\\frame\\constructors\\test_from_records.py', reloading
2026-03-04 19:14:37,621 - werkzeug - INFO -  * Detected change in 'C:\\Users\\pavat\\Desktop\\MyFinal\\Lib\\Python38\\Lib\\site-packages\\pandas\\tests\\frame\\indexing\\test_coercion.py', reloading
2026-03-04 19:14:37,649 - werkzeug - INFO -  * Detected change in 'C:\\Users\\pavat\\Desktop\\MyFinal\\Lib\\Python38\\Lib\\site-packages\\pandas\\tests\\frame\\indexing\\test_delitem.py', reloading
2026-03-04 19:14:37,674 - werkzeug - INFO -  * Detected change in 'C:\\Users\\pavat\\Desktop\\MyFinal\\Lib\\Python38\\Lib\\site-packages\\pandas\\tests\\frame\\indexing\\test_get.py', reloading
2026-03-04 19:14:37,695 - werkzeug - INFO -  * Detected change in 'C:\\Users\\pavat\\Desktop\\MyFinal\\Lib\\Python38\\Lib\\site-packages\\pandas\\tests\\frame\\indexing\\test_getitem.py', reloading
2026-03-04 19:14:37,722 - werkzeug - INFO -  * Detected change in 'C:\\Users\\pavat\\Desktop\\MyFinal\\Lib\\Python38\\Lib\\site-packages\\pandas\\tests\\frame\\indexing\\test_get_value.py', reloading
2026-03-04 19:14:37,743 - werkzeug - INFO -  * Detected change in 'C:\\Users\\pavat\\Desktop\\MyFinal\\Lib\\Python38\\Lib\\site-packages\\pandas\\tests\\frame\\indexing\\test_indexing.py', reloading
2026-03-04 19:14:37,775 - werkzeug - INFO -  * Detected change in 'C:\\Users\\pavat\\Desktop\\MyFinal\\Lib\\Python38\\Lib\\site-packages\\pandas\\tests\\frame\\indexing\\test_insert.py', reloading
2026-03-04 19:14:37,800 - werkzeug - INFO -  * Detected change in 'C:\\Users\\pavat\\Desktop\\MyFinal\\Lib\\Python38\\Lib\\site-packages\\pandas\\tests\\frame\\indexing\\test_lookup.py', reloading
2026-03-04 19:14:37,825 - werkzeug - INFO -  * Detected change in 'C:\\Users\\pavat\\Desktop\\MyFinal\\Lib\\Python38\\Lib\\site-packages\\pandas\\tests\\frame\\indexing\\test_mask.py', reloading
2026-03-04 19:14:37,851 - werkzeug - INFO -  * Detected change in 'C:\\Users\\pavat\\Desktop\\MyFinal\\Lib\\Python38\\Lib\\site-packages\\pandas\\tests\\frame\\indexing\\test_setitem.py', reloading
2026-03-04 19:14:37,885 - werkzeug - INFO -  * Detected change in 'C:\\Users\\pavat\\Desktop\\MyFinal\\Lib\\Python38\\Lib\\site-packages\\pandas\\tests\\frame\\indexing\\test_set_value.py', reloading
2026-03-04 19:14:37,908 - werkzeug - INFO -  * Detected change in 'C:\\Users\\pavat\\Desktop\\MyFinal\\Lib\\Python38\\Lib\\site-packages\\pandas\\tests\\frame\\indexing\\test_take.py', reloading
2026-03-04 19:14:37,930 - werkzeug - INFO -  * Detected change in 'C:\\Users\\pavat\\Desktop\\MyFinal\\Lib\\Python38\\Lib\\site-packages\\pandas\\tests\\frame\\indexing\\test_where.py', reloading
2026-03-04 19:14:37,959 - werkzeug - INFO -  * Detected change in 'C:\\Users\\pavat\\Desktop\\MyFinal\\Lib\\Python38\\Lib\\site-packages\\pandas\\tests\\frame\\indexing\\test_xs.py', reloading
2026-03-04 19:14:38,286 - werkzeug - INFO -  * Detected change in 'C:\\Users\\pavat\\Desktop\\MyFinal\\Lib\\Python38\\Lib\\site-packages\\pandas\\tests\\frame\\methods\\test_add_prefix_suffix.py', reloading
2026-03-04 19:14:38,314 - werkzeug - INFO -  * Detected change in 'C:\\Users\\pavat\\Desktop\\MyFinal\\Lib\\Python38\\Lib\\site-packages\\pandas\\tests\\frame\\methods\\test_align.py', reloading
2026-03-04 19:14:38,343 - werkzeug - INFO -  * Detected change in 'C:\\Users\\pavat\\Desktop\\MyFinal\\Lib\\Python38\\Lib\\site-packages\\pandas\\tests\\frame\\methods\\test_append.py', reloading
2026-03-04 19:14:38,369 - werkzeug - INFO -  * Detected change in 'C:\\Users\\pavat\\Desktop\\MyFinal\\Lib\\Python38\\Lib\\site-packages\\pandas\\tests\\frame\\methods\\test_asfreq.py', reloading
2026-03-04 19:14:38,396 - werkzeug - INFO -  * Detected change in 'C:\\Users\\pavat\\Desktop\\MyFinal\\Lib\\Python38\\Lib\\site-packages\\pandas\\tests\\frame\\methods\\test_asof.py', reloading
2026-03-04 19:14:38,424 - werkzeug - INFO -  * Detected change in 'C:\\Users\\pavat\\Desktop\\MyFinal\\Lib\\Python38\\Lib\\site-packages\\pandas\\tests\\frame\\methods\\test_assign.py', reloading
2026-03-04 19:14:38,452 - werkzeug - INFO -  * Detected change in 'C:\\Users\\pavat\\Desktop\\MyFinal\\Lib\\Python38\\Lib\\site-packages\\pandas\\tests\\frame\\methods\\test_astype.py', reloading
2026-03-04 19:14:38,484 - werkzeug - INFO -  * Detected change in 'C:\\Users\\pavat\\Desktop\\MyFinal\\Lib\\Python38\\Lib\\site-packages\\pandas\\tests\\frame\\methods\\test_at_time.py', reloading
2026-03-04 19:14:38,510 - werkzeug - INFO -  * Detected change in 'C:\\Users\\pavat\\Desktop\\MyFinal\\Lib\\Python38\\Lib\\site-packages\\pandas\\tests\\frame\\methods\\test_between_time.py', reloading
2026-03-04 19:14:38,542 - werkzeug - INFO -  * Detected change in 'C:\\Users\\pavat\\Desktop\\MyFinal\\Lib\\Python38\\Lib\\site-packages\\pandas\\tests\\frame\\methods\\test_clip.py', reloading
2026-03-04 19:14:39,619 - werkzeug - INFO -  * Restarting with watchdog (windowsapi)
2026-03-04 19:15:00,201 - __main__ - INFO - Starting Employee Productivity API...
2026-03-04 19:15:00,208 - __main__ - INFO - Loading model and preprocessor using model_utils...
2026-03-04 19:15:02,135 - __main__ - INFO -  Model and preprocessor loaded successfully.
2026-03-04 19:15:02,152 - werkzeug - WARNING -  * Debugger is active!
2026-03-04 19:15:02,164 - werkzeug - INFO -  * Debugger PIN: 796-502-977
2026-03-04 19:15:02,232 - werkzeug - INFO -  * Detected change in 'C:\\Users\\pavat\\Desktop\\MyFinal\\Lib\\Python38\\Lib\\site-packages\\pandas\\tests\\series\\indexing\\test_set_value.py', reloading
2026-03-04 19:15:02,246 - werkzeug - INFO -  * Detected change in 'C:\\Users\\pavat\\Desktop\\MyFinal\\Lib\\Python38\\Lib\\site-packages\\pandas\\tests\\series\\indexing\\test_take.py', reloading
2026-03-04 19:15:02,263 - werkzeug - INFO -  * Detected change in 'C:\\Users\\pavat\\Desktop\\MyFinal\\Lib\\Python38\\Lib\\site-packages\\pandas\\tests\\series\\indexing\\test_where.py', reloading
2026-03-04 19:15:02,283 - werkzeug - INFO -  * Detected change in 'C:\\Users\\pavat\\Desktop\\MyFinal\\Lib\\Python38\\Lib\\site-packages\\pandas\\tests\\series\\indexing\\test_xs.py', reloading
2026-03-04 19:15:02,455 - werkzeug - INFO -  * Detected change in 'C:\\Users\\pavat\\Desktop\\MyFinal\\Lib\\Python38\\Lib\\site-packages\\pandas\\tests\\series\\methods\\test_align.py', reloading
2026-03-04 19:15:02,472 - werkzeug - INFO -  * Detected change in 'C:\\Users\\pavat\\Desktop\\MyFinal\\Lib\\Python38\\Lib\\site-packages\\pandas\\tests\\series\\methods\\test_append.py', reloading
2026-03-04 19:15:02,488 - werkzeug - INFO -  * Detected change in 'C:\\Users\\pavat\\Desktop\\MyFinal\\Lib\\Python38\\Lib\\site-packages\\pandas\\tests\\series\\methods\\test_argsort.py', reloading
2026-03-04 19:15:02,506 - werkzeug - INFO -  * Detected change in 'C:\\Users\\pavat\\Desktop\\MyFinal\\Lib\\Python38\\Lib\\site-packages\\pandas\\tests\\series\\methods\\test_asof.py', reloading
2026-03-04 19:15:02,523 - werkzeug - INFO -  * Detected change in 'C:\\Users\\pavat\\Desktop\\MyFinal\\Lib\\Python38\\Lib\\site-packages\\pandas\\tests\\series\\methods\\test_astype.py', reloading
2026-03-04 19:15:02,543 - werkzeug - INFO -  * Detected change in 'C:\\Users\\pavat\\Desktop\\MyFinal\\Lib\\Python38\\Lib\\site-packages\\pandas\\tests\\series\\methods\\test_autocorr.py', reloading
2026-03-04 19:15:02,559 - werkzeug - INFO -  * Detected change in 'C:\\Users\\pavat\\Desktop\\MyFinal\\Lib\\Python38\\Lib\\site-packages\\pandas\\tests\\series\\methods\\test_between.py', reloading
2026-03-04 19:15:02,574 - werkzeug - INFO -  * Detected change in 'C:\\Users\\pavat\\Desktop\\MyFinal\\Lib\\Python38\\Lib\\site-packages\\pandas\\tests\\series\\methods\\test_clip.py', reloading
2026-03-04 19:15:02,591 - werkzeug - INFO -  * Detected change in 'C:\\Users\\pavat\\Desktop\\MyFinal\\Lib\\Python38\\Lib\\site-packages\\pandas\\tests\\series\\methods\\test_combine.py', reloading
2026-03-04 19:15:02,604 - werkzeug - INFO -  * Detected change in 'C:\\Users\\pavat\\Desktop\\MyFinal\\Lib\\Python38\\Lib\\site-packages\\pandas\\tests\\series\\methods\\test_combine_first.py', reloading
2026-03-04 19:15:02,620 - werkzeug - INFO -  * Detected change in 'C:\\Users\\pavat\\Desktop\\MyFinal\\Lib\\Python38\\Lib\\site-packages\\pandas\\tests\\series\\methods\\test_compare.py', reloading
2026-03-04 19:15:02,637 - werkzeug - INFO -  * Detected change in 'C:\\Users\\pavat\\Desktop\\MyFinal\\Lib\\Python38\\Lib\\site-packages\\pandas\\tests\\series\\methods\\test_convert.py', reloading
2026-03-04 19:15:02,653 - werkzeug - INFO -  * Detected change in 'C:\\Users\\pavat\\Desktop\\MyFinal\\Lib\\Python38\\Lib\\site-packages\\pandas\\tests\\series\\methods\\test_convert_dtypes.py', reloading
2026-03-04 19:15:02,669 - werkzeug - INFO -  * Detected change in 'C:\\Users\\pavat\\Desktop\\MyFinal\\Lib\\Python38\\Lib\\site-packages\\pandas\\tests\\series\\methods\\test_copy.py', reloading
2026-03-04 19:15:02,685 - werkzeug - INFO -  * Detected change in 'C:\\Users\\pavat\\Desktop\\MyFinal\\Lib\\Python38\\Lib\\site-packages\\pandas\\tests\\series\\methods\\test_count.py', reloading
2026-03-04 19:15:02,700 - werkzeug - INFO -  * Detected change in 'C:\\Users\\pavat\\Desktop\\MyFinal\\Lib\\Python38\\Lib\\site-packages\\pandas\\tests\\series\\methods\\test_cov_corr.py', reloading
2026-03-04 19:15:02,718 - werkzeug - INFO -  * Detected change in 'C:\\Users\\pavat\\Desktop\\MyFinal\\Lib\\Python38\\Lib\\site-packages\\pandas\\tests\\series\\methods\\test_describe.py', reloading
2026-03-04 19:15:02,736 - werkzeug - INFO -  * Detected change in 'C:\\Users\\pavat\\Desktop\\MyFinal\\Lib\\Python38\\Lib\\site-packages\\pandas\\tests\\series\\methods\\test_diff.py', reloading
2026-03-04 19:15:02,752 - werkzeug - INFO -  * Detected change in 'C:\\Users\\pavat\\Desktop\\MyFinal\\Lib\\Python38\\Lib\\site-packages\\pandas\\tests\\series\\methods\\test_drop.py', reloading
2026-03-04 19:15:02,769 - werkzeug - INFO -  * Detected change in 'C:\\Users\\pavat\\Desktop\\MyFinal\\Lib\\Python38\\Lib\\site-packages\\pandas\\tests\\series\\methods\\test_dropna.py', reloading
2026-03-04 19:15:02,790 - werkzeug - INFO -  * Detected change in 'C:\\Users\\pavat\\Desktop\\MyFinal\\Lib\\Python38\\Lib\\site-packages\\pandas\\tests\\series\\methods\\test_drop_duplicates.py', reloading
2026-03-04 19:15:02,808 - werkzeug - INFO -  * Detected change in 'C:\\Users\\pavat\\Desktop\\MyFinal\\Lib\\Python38\\Lib\\site-packages\\pandas\\tests\\series\\methods\\test_dtypes.py', reloading
2026-03-04 19:15:02,824 - werkzeug - INFO -  * Detected change in 'C:\\Users\\pavat\\Desktop\\MyFinal\\Lib\\Python38\\Lib\\site-packages\\pandas\\tests\\series\\methods\\test_duplicated.py', reloading
2026-03-04 19:15:02,839 - werkzeug - INFO -  * Detected change in 'C:\\Users\\pavat\\Desktop\\MyFinal\\Lib\\Python38\\Lib\\site-packages\\pandas\\tests\\series\\methods\\test_equals.py', reloading
2026-03-04 19:15:02,855 - werkzeug - INFO -  * Detected change in 'C:\\Users\\pavat\\Desktop\\MyFinal\\Lib\\Python38\\Lib\\site-packages\\pandas\\tests\\series\\methods\\test_explode.py', reloading
2026-03-04 19:15:02,872 - werkzeug - INFO -  * Detected change in 'C:\\Users\\pavat\\Desktop\\MyFinal\\Lib\\Python38\\Lib\\site-packages\\pandas\\tests\\series\\methods\\test_fillna.py', reloading
2026-03-04 19:15:02,893 - werkzeug - INFO -  * Detected change in 'C:\\Users\\pavat\\Desktop\\MyFinal\\Lib\\Python38\\Lib\\site-packages\\pandas\\tests\\series\\methods\\test_get_numeric_data.py', reloading
2026-03-04 19:15:02,910 - werkzeug - INFO -  * Detected change in 'C:\\Users\\pavat\\Desktop\\MyFinal\\Lib\\Python38\\Lib\\site-packages\\pandas\\tests\\series\\methods\\test_head_tail.py', reloading
2026-03-04 19:15:02,926 - werkzeug - INFO -  * Detected change in 'C:\\Users\\pavat\\Desktop\\MyFinal\\Lib\\Python38\\Lib\\site-packages\\pandas\\tests\\series\\methods\\test_infer_objects.py', reloading
2026-03-04 19:15:02,941 - werkzeug - INFO -  * Detected change in 'C:\\Users\\pavat\\Desktop\\MyFinal\\Lib\\Python38\\Lib\\site-packages\\pandas\\tests\\series\\methods\\test_interpolate.py', reloading
2026-03-04 19:15:02,965 - werkzeug - INFO -  * Detected change in 'C:\\Users\\pavat\\Desktop\\MyFinal\\Lib\\Python38\\Lib\\site-packages\\pandas\\tests\\series\\methods\\test_isin.py', reloading
2026-03-04 19:15:02,986 - werkzeug - INFO -  * Detected change in 'C:\\Users\\pavat\\Desktop\\MyFinal\\Lib\\Python38\\Lib\\site-packages\\pandas\\tests\\series\\methods\\test_isna.py', reloading
2026-03-04 19:15:03,004 - werkzeug - INFO -  * Detected change in 'C:\\Users\\pavat\\Desktop\\MyFinal\\Lib\\Python38\\Lib\\site-packages\\pandas\\tests\\series\\methods\\test_is_monotonic.py', reloading
2026-03-04 19:15:03,020 - werkzeug - INFO -  * Detected change in 'C:\\Users\\pavat\\Desktop\\MyFinal\\Lib\\Python38\\Lib\\site-packages\\pandas\\tests\\series\\methods\\test_is_unique.py', reloading
2026-03-04 19:15:03,035 - werkzeug - INFO -  * Detected change in 'C:\\Users\\pavat\\Desktop\\MyFinal\\Lib\\Python38\\Lib\\site-packages\\pandas\\tests\\series\\methods\\test_item.py', reloading
2026-03-04 19:15:03,052 - werkzeug - INFO -  * Detected change in 'C:\\Users\\pavat\\Desktop\\MyFinal\\Lib\\Python38\\Lib\\site-packages\\pandas\\tests\\series\\methods\\test_matmul.py', reloading
2026-03-04 19:15:03,069 - werkzeug - INFO -  * Detected change in 'C:\\Users\\pavat\\Desktop\\MyFinal\\Lib\\Python38\\Lib\\site-packages\\pandas\\tests\\series\\methods\\test_nlargest.py', reloading
2026-03-04 19:15:03,090 - werkzeug - INFO -  * Detected change in 'C:\\Users\\pavat\\Desktop\\MyFinal\\Lib\\Python38\\Lib\\site-packages\\pandas\\tests\\series\\methods\\test_nunique.py', reloading
2026-03-04 19:15:03,106 - werkzeug - INFO -  * Detected change in 'C:\\Users\\pavat\\Desktop\\MyFinal\\Lib\\Python38\\Lib\\site-packages\\pandas\\tests\\series\\methods\\test_pct_change.py', reloading
2026-03-04 19:15:03,124 - werkzeug - INFO -  * Detected change in 'C:\\Users\\pavat\\Desktop\\MyFinal\\Lib\\Python38\\Lib\\site-packages\\pandas\\tests\\series\\methods\\test_pop.py', reloading
2026-03-04 19:15:03,141 - werkzeug - INFO -  * Detected change in 'C:\\Users\\pavat\\Desktop\\MyFinal\\Lib\\Python38\\Lib\\site-packages\\pandas\\tests\\series\\methods\\test_quantile.py', reloading
2026-03-04 19:15:03,166 - werkzeug - INFO -  * Detected change in 'C:\\Users\\pavat\\Desktop\\MyFinal\\Lib\\Python38\\Lib\\site-packages\\pandas\\tests\\series\\methods\\test_rank.py', reloading
2026-03-04 19:15:03,189 - werkzeug - INFO -  * Detected change in 'C:\\Users\\pavat\\Desktop\\MyFinal\\Lib\\Python38\\Lib\\site-packages\\pandas\\tests\\series\\methods\\test_reindex.py', reloading
2026-03-04 19:15:03,211 - werkzeug - INFO -  * Detected change in 'C:\\Users\\pavat\\Desktop\\MyFinal\\Lib\\Python38\\Lib\\site-packages\\pandas\\tests\\series\\methods\\test_reindex_like.py', reloading
2026-03-04 19:15:04,125 - werkzeug - INFO -  * Restarting with watchdog (windowsapi)
2026-03-04 19:15:21,444 - __main__ - INFO - Starting Employee Productivity API...
2026-03-04 19:15:21,450 - __main__ - INFO - Loading model and preprocessor using model_utils...
2026-03-04 19:15:22,792 - __main__ - INFO -  Model and preprocessor loaded successfully.
2026-03-04 19:15:22,806 - werkzeug - WARNING -  * Debugger is active!
2026-03-04 19:15:22,816 - werkzeug - INFO -  * Debugger PIN: 796-502-977
2026-03-04 19:15:41,546 - werkzeug - INFO -  * Detected change in 'C:\\Users\\pavat\\Desktop\\MyFinal\\Lib\\Python38\\Lib\\site-packages\\pip\\_vendor\\pyparsing\\core.py', reloading
2026-03-04 19:15:41,592 - werkzeug - INFO -  * Detected change in 'C:\\Users\\pavat\\Desktop\\MyFinal\\Lib\\Python38\\Lib\\site-packages\\pip\\_vendor\\packaging\\markers.py', reloading
2026-03-04 19:15:42,942 - werkzeug - INFO -  * Restarting with watchdog (windowsapi)
2026-03-04 19:15:57,391 - __main__ - INFO - Starting Employee Productivity API...
2026-03-04 19:15:57,395 - __main__ - INFO - Loading model and preprocessor using model_utils...
2026-03-04 19:15:58,565 - __main__ - INFO -  Model and preprocessor loaded successfully.
2026-03-04 19:15:58,578 - werkzeug - WARNING -  * Debugger is active!
2026-03-04 19:15:58,587 - werkzeug - INFO -  * Debugger PIN: 796-502-977
2026-03-04 19:15:58,853 - werkzeug - INFO -  * Detected change in 'C:\\Users\\pavat\\Desktop\\MyFinal\\Lib\\Python38\\Lib\\site-packages\\pandas\\compat\\numpy\\function.py', reloading
2026-03-04 19:15:58,891 - werkzeug - INFO -  * Detected change in 'C:\\Users\\pavat\\Desktop\\MyFinal\\Lib\\Python38\\Lib\\site-packages\\pandas\\compat\\numpy\\__init__.py', reloading
2026-03-04 19:15:59,001 - werkzeug - INFO -  * Detected change in 'C:\\Users\\pavat\\Desktop\\MyFinal\\Lib\\Python38\\Lib\\site-packages\\pandas\\api\\__init__.py', reloading
2026-03-04 19:15:59,005 - werkzeug - INFO -  * Detected change in 'C:\\Users\\pavat\\Desktop\\MyFinal\\Lib\\Python38\\Lib\\site-packages\\pandas\\api\\types\\__init__.py', reloading
2026-03-04 19:15:59,013 - werkzeug - INFO -  * Detected change in 'C:\\Users\\pavat\\Desktop\\MyFinal\\Lib\\Python38\\Lib\\site-packages\\pandas\\api\\extensions\\__init__.py', reloading
2026-03-04 19:15:59,017 - werkzeug - INFO -  * Detected change in 'C:\\Users\\pavat\\Desktop\\MyFinal\\Lib\\Python38\\Lib\\site-packages\\pandas\\api\\interchange\\__init__.py', reloading
2026-03-04 19:15:59,021 - werkzeug - INFO -  * Detected change in 'C:\\Users\\pavat\\Desktop\\MyFinal\\Lib\\Python38\\Lib\\site-packages\\pandas\\arrays\\__init__.py', reloading
2026-03-04 19:15:59,027 - werkzeug - INFO -  * Detected change in 'C:\\Users\\pavat\\Desktop\\MyFinal\\Lib\\Python38\\Lib\\site-packages\\pandas\\compat\\chainmap.py', reloading
2026-03-04 19:16:00,754 - werkzeug - INFO -  * Restarting with watchdog (windowsapi)
2026-03-04 19:16:11,288 - __main__ - INFO - Starting Employee Productivity API...
2026-03-04 19:16:11,291 - __main__ - INFO - Loading model and preprocessor using model_utils...
2026-03-04 19:16:12,300 - __main__ - INFO -  Model and preprocessor loaded successfully.
2026-03-04 19:16:12,310 - werkzeug - WARNING -  * Debugger is active!
2026-03-04 19:16:12,316 - werkzeug - INFO -  * Debugger PIN: 796-502-977
2026-03-04 19:16:13,885 - werkzeug - INFO -  * Detected change in 'C:\\Users\\pavat\\Desktop\\MyFinal\\Lib\\Python38\\Lib\\site-packages\\pandas\\compat\\pyarrow.py', reloading
2026-03-04 19:16:13,890 - werkzeug - INFO -  * Detected change in 'C:\\Users\\pavat\\Desktop\\MyFinal\\Lib\\Python38\\Lib\\site-packages\\pandas\\compat\\__init__.py', reloading
2026-03-04 19:16:13,895 - werkzeug - INFO -  * Detected change in 'C:\\Users\\pavat\\Desktop\\MyFinal\\Lib\\Python38\\Lib\\site-packages\\pandas\\compat\\_optional.py', reloading
2026-03-04 19:16:13,914 - werkzeug - INFO -  * Detected change in 'C:\\Users\\pavat\\Desktop\\MyFinal\\Lib\\Python38\\Lib\\site-packages\\pandas\\conftest.py', reloading
2026-03-04 19:16:13,915 - werkzeug - INFO -  * Detected change in 'C:\\Users\\pavat\\Desktop\\MyFinal\\Lib\\Python38\\Lib\\site-packages\\pandas\\conftest.py', reloading
2026-03-04 19:16:13,915 - werkzeug - INFO -  * Detected change in 'C:\\Users\\pavat\\Desktop\\MyFinal\\Lib\\Python38\\Lib\\site-packages\\pandas\\conftest.py', reloading
2026-03-04 19:16:13,918 - werkzeug - INFO -  * Detected change in 'C:\\Users\\pavat\\Desktop\\MyFinal\\Lib\\Python38\\Lib\\site-packages\\pandas\\conftest.py', reloading
2026-03-04 19:16:13,931 - werkzeug - INFO -  * Detected change in 'C:\\Users\\pavat\\Desktop\\MyFinal\\Lib\\Python38\\Lib\\site-packages\\pandas\\core\\accessor.py', reloading
2026-03-04 19:16:13,932 - werkzeug - INFO -  * Detected change in 'C:\\Users\\pavat\\Desktop\\MyFinal\\Lib\\Python38\\Lib\\site-packages\\pandas\\core\\accessor.py', reloading
2026-03-04 19:16:15,662 - werkzeug - INFO -  * Restarting with watchdog (windowsapi)
2026-03-05 00:13:00,458 - __main__ - INFO - Starting Employee Productivity API...
2026-03-05 00:13:00,461 - __main__ - INFO - Loading model and preprocessor using model_utils...
2026-03-05 00:13:02,245 - __main__ - INFO -  Model and preprocessor loaded successfully.
2026-03-05 00:13:02,262 - werkzeug - INFO - [31m[1mWARNING: This is a development server. Do not use it in a production deployment. Use a production WSGI server instead.[0m
 * Running on all addresses (0.0.0.0)
 * Running on http://127.0.0.1:5002
 * Running on http://192.168.8.155:5002
2026-03-05 00:13:02,262 - werkzeug - INFO - [33mPress CTRL+C to quit[0m
2026-03-05 00:13:02,273 - werkzeug - INFO -  * Restarting with watchdog (windowsapi)
2026-03-05 00:13:10,798 - __main__ - INFO - Starting Employee Productivity API...
2026-03-05 00:13:10,798 - __main__ - INFO - Loading model and preprocessor using model_utils...
2026-03-05 00:13:11,488 - __main__ - INFO -  Model and preprocessor loaded successfully.
2026-03-05 00:13:11,495 - werkzeug - WARNING -  * Debugger is active!
2026-03-05 00:13:11,499 - werkzeug - INFO -  * Debugger PIN: 403-625-082
2026-03-05 08:17:57,205 - werkzeug - INFO -  * Detected change in 'C:\\Users\\pavat\\Downloads\\Python3_UpdateV8_2025_N\\Python38\\Lib\\logging\\__init__.py', reloading
2026-03-05 08:17:57,266 - werkzeug - INFO -  * Detected change in 'C:\\Users\\pavat\\Downloads\\Python3_UpdateV8_2025_N\\Python38\\Lib\\site-packages\\flask\\__init__.py', reloading
2026-03-05 08:17:57,268 - werkzeug - INFO -  * Detected change in 'C:\\Users\\pavat\\Downloads\\Python3_UpdateV8_2025_N\\Python38\\Lib\\site-packages\\pandas\\__init__.py', reloading
2026-03-05 08:17:57,271 - werkzeug - INFO -  * Detected change in 'C:\\Users\\pavat\\Downloads\\Python3_UpdateV8_2025_N\\Python38\\Lib\\site-packages\\flask_cors\\__init__.py', reloading
2026-03-05 08:17:57,272 - werkzeug - INFO -  * Detected change in 'C:\\Users\\pavat\\Downloads\\Python3_UpdateV8_2025_N\\Python38\\Lib\\site-packages\\flask\\json\\__init__.py', reloading
2026-03-05 08:18:00,030 - werkzeug - INFO -  * Restarting with watchdog (windowsapi)
2026-03-05 08:18:12,706 - __main__ - INFO - Starting Employee Productivity API...
2026-03-05 08:18:12,711 - __main__ - INFO - Loading model and preprocessor using model_utils...
2026-03-05 08:18:13,992 - __main__ - INFO -  Model and preprocessor loaded successfully.
2026-03-05 08:18:14,004 - werkzeug - WARNING -  * Debugger is active!
2026-03-05 08:18:14,011 - werkzeug - INFO -  * Debugger PIN: 403-625-082
2026-03-05 08:18:20,727 - werkzeug - INFO -  * Detected change in 'C:\\Users\\pavat\\Downloads\\Python3_UpdateV8_2025_N\\Python38\\Lib\\site-packages\\openai\\__init__.py', reloading
2026-03-05 08:18:20,807 - werkzeug - INFO -  * Detected change in 'C:\\Users\\pavat\\Downloads\\Python3_UpdateV8_2025_N\\Python38\\Lib\\site-packages\\openai\\api_resources\\__init__.py', reloading
2026-03-05 08:18:20,829 - werkzeug - INFO -  * Detected change in 'C:\\Users\\pavat\\Downloads\\Python3_UpdateV8_2025_N\\Python38\\Lib\\site-packages\\openai\\api_resources\\abstract\\__init__.py', reloading
2026-03-05 08:18:20,947 - werkzeug - INFO -  * Detected change in 'C:\\Users\\pavat\\Downloads\\Python3_UpdateV8_2025_N\\Python38\\Lib\\site-packages\\official\\modeling\\hyperparams\\__init__.py', reloading
2026-03-05 08:18:20,985 - werkzeug - INFO -  * Detected change in 'C:\\Users\\pavat\\Downloads\\Python3_UpdateV8_2025_N\\Python38\\Lib\\site-packages\\generic_utils\\__init__.py', reloading
2026-03-05 08:18:21,797 - werkzeug - INFO -  * Restarting with watchdog (windowsapi)
2026-03-05 08:18:29,076 - __main__ - INFO - Starting Employee Productivity API...
2026-03-05 08:18:29,078 - __main__ - INFO - Loading model and preprocessor using model_utils...
2026-03-05 08:18:29,792 - __main__ - INFO -  Model and preprocessor loaded successfully.
2026-03-05 08:18:29,801 - werkzeug - WARNING -  * Debugger is active!
2026-03-05 08:18:29,807 - werkzeug - INFO -  * Debugger PIN: 403-625-082
2026-03-05 08:18:32,954 - werkzeug - INFO -  * Detected change in 'C:\\Users\\pavat\\Downloads\\Python3_UpdateV8_2025_N\\Python38\\Lib\\site-packages\\pdfplumber\\__init__.py', reloading
2026-03-05 08:18:32,967 - werkzeug - INFO -  * Detected change in 'C:\\Users\\pavat\\Downloads\\Python3_UpdateV8_2025_N\\Python38\\Lib\\site-packages\\scipy\\__init__.py', reloading
2026-03-05 08:18:33,037 - werkzeug - INFO -  * Detected change in 'C:\\Users\\pavat\\Downloads\\Python3_UpdateV8_2025_N\\Python38\\Lib\\site-packages\\scipy\\sparse\\__init__.py', reloading
2026-03-05 08:18:34,575 - werkzeug - INFO -  * Restarting with watchdog (windowsapi)
2026-03-05 08:18:40,575 - __main__ - INFO - Starting Employee Productivity API...
2026-03-05 08:18:40,576 - __main__ - INFO - Loading model and preprocessor using model_utils...
2026-03-05 08:18:41,068 - __main__ - INFO -  Model and preprocessor loaded successfully.
2026-03-05 08:18:41,072 - werkzeug - WARNING -  * Debugger is active!
2026-03-05 08:18:41,075 - werkzeug - INFO -  * Debugger PIN: 403-625-082
2026-03-05 08:19:29,584 - werkzeug - INFO -  * Detected change in 'C:\\Users\\pavat\\Downloads\\Python3_UpdateV8_2025_N\\Python38\\Lib\\site-packages\\keras\\__init__.py', reloading
2026-03-05 08:19:30,124 - werkzeug - INFO -  * Restarting with watchdog (windowsapi)
2026-03-05 08:19:37,873 - __main__ - INFO - Starting Employee Productivity API...
2026-03-05 08:19:37,877 - __main__ - INFO - Loading model and preprocessor using model_utils...
2026-03-05 08:19:38,845 - __main__ - INFO -  Model and preprocessor loaded successfully.
2026-03-05 08:19:38,856 - werkzeug - WARNING -  * Debugger is active!
2026-03-05 08:19:38,864 - werkzeug - INFO -  * Debugger PIN: 403-625-082
2026-03-05 08:20:05,008 - werkzeug - INFO -  * Detected change in 'C:\\Users\\pavat\\Desktop\\HRReactWeb_AppV26\\HRReactWeb_AppV26\\Performance_Productivity\\model_utils.py', reloading
2026-03-05 08:20:05,008 - werkzeug - INFO -  * Detected change in 'C:\\Users\\pavat\\Desktop\\HRReactWeb_AppV26\\HRReactWeb_AppV26\\Performance_Productivity\\model_utils.py', reloading
2026-03-05 08:20:05,010 - werkzeug - INFO -  * Detected change in 'C:\\Users\\pavat\\Desktop\\HRReactWeb_AppV26\\HRReactWeb_AppV26\\Performance_Productivity\\model_utils.py', reloading
2026-03-05 08:20:05,010 - werkzeug - INFO -  * Detected change in 'C:\\Users\\pavat\\Desktop\\HRReactWeb_AppV26\\HRReactWeb_AppV26\\Performance_Productivity\\model_utils.py', reloading
2026-03-05 08:20:05,940 - werkzeug - INFO -  * Restarting with watchdog (windowsapi)
2026-03-05 08:20:17,211 - __main__ - INFO - Starting Employee Productivity API...
2026-03-05 08:20:17,213 - __main__ - INFO - Loading model and preprocessor using model_utils...
2026-03-05 08:20:17,217 - __main__ - ERROR - Error loading model: Failed to load model. Error: No file or directory found at advanced_feedback_model.h5
2026-03-05 08:20:17,338 - __main__ - ERROR - Traceback (most recent call last):
  File "C:\Users\pavat\Desktop\HRReactWeb_AppV26\HRReactWeb_AppV26\Performance_Productivity\model_utils.py", line 7, in load_feedback_model
    model = load_model(model_path)
  File "C:\Users\pavat\Downloads\Python3_UpdateV8_2025_N\Python38\lib\site-packages\keras\utils\traceback_utils.py", line 67, in error_handler
    raise e.with_traceback(filtered_tb) from None
  File "C:\Users\pavat\Downloads\Python3_UpdateV8_2025_N\Python38\lib\site-packages\keras\saving\save.py", line 209, in load_model
    raise IOError(f'No file or directory found at {filepath}')
OSError: No file or directory found at advanced_feedback_model.h5

During handling of the above exception, another exception occurred:

Traceback (most recent call last):
  File "C:\Users\pavat\Desktop\HRReactWeb_AppV26\HRReactWeb_AppV26\Performance_Productivity\Api.py", line 48, in load_model_and_preprocessor
    model = load_feedback_model()
  File "C:\Users\pavat\Desktop\HRReactWeb_AppV26\HRReactWeb_AppV26\Performance_Productivity\model_utils.py", line 11, in load_feedback_model
    raise FileNotFoundError(f"Failed to load model. Error: {e}")
FileNotFoundError: Failed to load model. Error: No file or directory found at advanced_feedback_model.h5

2026-03-05 08:20:17,344 - werkzeug - WARNING -  * Debugger is active!
2026-03-05 08:20:17,348 - werkzeug - INFO -  * Debugger PIN: 403-625-082
2026-03-05 08:21:43,267 - werkzeug - INFO -  * Detected change in 'C:\\Users\\pavat\\Desktop\\HRReactWeb_AppV26\\HRReactWeb_AppV26\\Performance_Productivity\\model_utils.py', reloading
2026-03-05 08:21:43,268 - werkzeug - INFO -  * Detected change in 'C:\\Users\\pavat\\Desktop\\HRReactWeb_AppV26\\HRReactWeb_AppV26\\Performance_Productivity\\model_utils.py', reloading
2026-03-05 08:21:43,269 - werkzeug - INFO -  * Detected change in 'C:\\Users\\pavat\\Desktop\\HRReactWeb_AppV26\\HRReactWeb_AppV26\\Performance_Productivity\\model_utils.py', reloading
2026-03-05 08:21:43,270 - werkzeug - INFO -  * Detected change in 'C:\\Users\\pavat\\Desktop\\HRReactWeb_AppV26\\HRReactWeb_AppV26\\Performance_Productivity\\model_utils.py', reloading
2026-03-05 08:21:43,924 - werkzeug - INFO -  * Restarting with watchdog (windowsapi)
2026-03-05 08:21:51,579 - __main__ - INFO - Starting Employee Productivity API...
2026-03-05 08:21:51,581 - __main__ - INFO - Loading model and preprocessor using model_utils...
2026-03-05 08:21:52,147 - __main__ - INFO -  Model and preprocessor loaded successfully.
2026-03-05 08:21:52,152 - werkzeug - WARNING -  * Debugger is active!
2026-03-05 08:21:52,155 - werkzeug - INFO -  * Debugger PIN: 403-625-082
2026-03-05 08:25:58,646 - werkzeug - INFO -  * Detected change in 'C:\\Users\\pavat\\Downloads\\Python3_UpdateV8_2025_N\\Python38\\Lib\\site-packages\\django\\__init__.py', reloading
2026-03-05 08:25:59,177 - werkzeug - INFO -  * Restarting with watchdog (windowsapi)
2026-03-05 08:26:07,103 - __main__ - INFO - Starting Employee Productivity API...
2026-03-05 08:26:07,106 - __main__ - INFO - Loading model and preprocessor using model_utils...
2026-03-05 08:26:07,712 - __main__ - INFO -  Model and preprocessor loaded successfully.
2026-03-05 08:26:07,718 - werkzeug - WARNING -  * Debugger is active!
2026-03-05 08:26:07,721 - werkzeug - INFO -  * Debugger PIN: 403-625-082
2026-03-05 08:26:08,997 - werkzeug - INFO -  * Detected change in 'C:\\Users\\pavat\\Downloads\\Python3_UpdateV8_2025_N\\Python38\\Lib\\site-packages\\quantities\\units\\__init__.py', reloading
2026-03-05 08:26:09,046 - werkzeug - INFO -  * Detected change in 'C:\\Users\\pavat\\Downloads\\Python3_UpdateV8_2025_N\\Python38\\Lib\\site-packages\\ttkbootstrap\\__init__.py', reloading
2026-03-05 08:26:09,080 - werkzeug - INFO -  * Detected change in 'C:\\Users\\pavat\\Downloads\\Python3_UpdateV8_2025_N\\Python38\\Lib\\tkinter\\__init__.py', reloading
2026-03-05 08:26:12,136 - werkzeug - INFO -  * Restarting with watchdog (windowsapi)
2026-03-05 08:26:27,165 - __main__ - INFO - Starting Employee Productivity API...
2026-03-05 08:26:27,170 - __main__ - INFO - Loading model and preprocessor using model_utils...
2026-03-05 08:26:29,008 - __main__ - INFO -  Model and preprocessor loaded successfully.
2026-03-05 08:26:29,024 - werkzeug - WARNING -  * Debugger is active!
2026-03-05 08:26:29,040 - werkzeug - INFO -  * Debugger PIN: 403-625-082
2026-03-05 08:29:10,678 - werkzeug - INFO -  * Detected change in 'C:\\Users\\pavat\\Desktop\\HRReactWeb_AppV26\\HRReactWeb_AppV26\\Employee_Retention\\API.py', reloading
2026-03-05 08:29:10,679 - werkzeug - INFO -  * Detected change in 'C:\\Users\\pavat\\Desktop\\HRReactWeb_AppV26\\HRReactWeb_AppV26\\Employee_Retention\\API.py', reloading
2026-03-05 08:29:10,680 - werkzeug - INFO -  * Detected change in 'C:\\Users\\pavat\\Desktop\\HRReactWeb_AppV26\\HRReactWeb_AppV26\\Employee_Retention\\API.py', reloading
2026-03-05 08:29:11,173 - werkzeug - INFO -  * Restarting with watchdog (windowsapi)
2026-03-05 08:29:22,935 - __main__ - INFO - Starting Employee Productivity API...
2026-03-05 08:29:22,936 - __main__ - INFO - Loading model and preprocessor using model_utils...
2026-03-05 08:29:24,006 - __main__ - INFO -  Model and preprocessor loaded successfully.
2026-03-05 08:29:24,019 - werkzeug - WARNING -  * Debugger is active!
2026-03-05 08:29:24,024 - werkzeug - INFO -  * Debugger PIN: 403-625-082
2026-03-05 08:30:33,523 - werkzeug - INFO -  * Detected change in 'C:\\Users\\pavat\\Downloads\\Python3_UpdateV8_2025_N\\Python38\\Lib\\site-packages\\matplotlib\\__init__.py', reloading
2026-03-05 08:30:33,526 - werkzeug - INFO -  * Detected change in 'C:\\Users\\pavat\\Downloads\\Python3_UpdateV8_2025_N\\Python38\\Lib\\site-packages\\sklearn\\__init__.py', reloading
2026-03-05 08:30:33,556 - werkzeug - INFO -  * Detected change in 'C:\\Users\\pavat\\Downloads\\Python3_UpdateV8_2025_N\\Python38\\Lib\\site-packages\\sklearn\\metrics\\__init__.py', reloading
2026-03-05 08:30:33,559 - werkzeug - INFO -  * Detected change in 'C:\\Users\\pavat\\Downloads\\Python3_UpdateV8_2025_N\\Python38\\Lib\\site-packages\\sklearn\\preprocessing\\__init__.py', reloading
2026-03-05 08:30:33,567 - werkzeug - INFO -  * Detected change in 'C:\\Users\\pavat\\Downloads\\Python3_UpdateV8_2025_N\\Python38\\Lib\\site-packages\\sklearn\\compose\\__init__.py', reloading
2026-03-05 08:30:33,570 - werkzeug - INFO -  * Detected change in 'C:\\Users\\pavat\\Downloads\\Python3_UpdateV8_2025_N\\Python38\\Lib\\site-packages\\sklearn\\impute\\__init__.py', reloading
2026-03-05 08:30:33,626 - werkzeug - INFO -  * Detected change in 'C:\\Users\\pavat\\Downloads\\Python3_UpdateV8_2025_N\\Python38\\Lib\\site-packages\\sklearn\\ensemble\\__init__.py', reloading
2026-03-05 08:30:33,630 - werkzeug - INFO -  * Detected change in 'C:\\Users\\pavat\\Downloads\\Python3_UpdateV8_2025_N\\Python38\\Lib\\site-packages\\sklearn\\model_selection\\__init__.py', reloading
2026-03-05 08:30:33,767 - werkzeug - INFO -  * Detected change in 'C:\\Users\\pavat\\Downloads\\Python3_UpdateV8_2025_N\\Python38\\Lib\\site-packages\\seaborn\\__init__.py', reloading
2026-03-05 08:30:34,452 - werkzeug - INFO -  * Restarting with watchdog (windowsapi)
2026-03-05 08:30:46,530 - __main__ - INFO - Starting Employee Productivity API...
2026-03-05 08:30:46,533 - __main__ - INFO - Loading model and preprocessor using model_utils...
2026-03-05 08:30:47,965 - __main__ - INFO -  Model and preprocessor loaded successfully.
2026-03-05 08:30:47,979 - werkzeug - WARNING -  * Debugger is active!
2026-03-05 08:30:47,984 - werkzeug - INFO -  * Debugger PIN: 403-625-082
2026-03-05 08:32:04,278 - werkzeug - INFO -  * Detected change in 'C:\\Users\\pavat\\Desktop\\HRReactWeb_AppV26\\HRReactWeb_AppV26\\Employee_Retention\\base_config.py', reloading
2026-03-05 08:32:04,279 - werkzeug - INFO -  * Detected change in 'C:\\Users\\pavat\\Desktop\\HRReactWeb_AppV26\\HRReactWeb_AppV26\\Employee_Retention\\base_config.py', reloading
2026-03-05 08:32:04,280 - werkzeug - INFO -  * Detected change in 'C:\\Users\\pavat\\Desktop\\HRReactWeb_AppV26\\HRReactWeb_AppV26\\Employee_Retention\\base_config.py', reloading
2026-03-05 08:32:04,280 - werkzeug - INFO -  * Detected change in 'C:\\Users\\pavat\\Desktop\\HRReactWeb_AppV26\\HRReactWeb_AppV26\\Employee_Retention\\base_config.py', reloading
2026-03-05 08:32:05,688 - werkzeug - INFO -  * Restarting with watchdog (windowsapi)
2026-03-05 08:32:17,259 - __main__ - INFO - Starting Employee Productivity API...
2026-03-05 08:32:17,261 - __main__ - INFO - Loading model and preprocessor using model_utils...
2026-03-05 08:32:18,106 - __main__ - INFO -  Model and preprocessor loaded successfully.
2026-03-05 08:32:18,114 - werkzeug - WARNING -  * Debugger is active!
2026-03-05 08:32:18,119 - werkzeug - INFO -  * Debugger PIN: 403-625-082
2026-03-05 08:32:58,923 - werkzeug - INFO -  * Detected change in 'C:\\Users\\pavat\\Desktop\\HRReactWeb_AppV26\\HRReactWeb_AppV26\\Employee_Retention\\base_config.py', reloading
2026-03-05 08:32:58,924 - werkzeug - INFO -  * Detected change in 'C:\\Users\\pavat\\Desktop\\HRReactWeb_AppV26\\HRReactWeb_AppV26\\Employee_Retention\\base_config.py', reloading
2026-03-05 08:32:58,926 - werkzeug - INFO -  * Detected change in 'C:\\Users\\pavat\\Desktop\\HRReactWeb_AppV26\\HRReactWeb_AppV26\\Employee_Retention\\base_config.py', reloading
2026-03-05 08:32:58,927 - werkzeug - INFO -  * Detected change in 'C:\\Users\\pavat\\Desktop\\HRReactWeb_AppV26\\HRReactWeb_AppV26\\Employee_Retention\\base_config.py', reloading
2026-03-05 08:33:00,398 - werkzeug - INFO -  * Restarting with watchdog (windowsapi)
2026-03-05 08:33:15,530 - __main__ - INFO - Starting Employee Productivity API...
2026-03-05 08:33:15,535 - __main__ - INFO - Loading model and preprocessor using model_utils...
2026-03-05 08:33:17,792 - __main__ - INFO -  Model and preprocessor loaded successfully.
2026-03-05 08:33:17,812 - werkzeug - WARNING -  * Debugger is active!
2026-03-05 08:33:17,823 - werkzeug - INFO -  * Debugger PIN: 403-625-082
2026-03-05 08:34:03,386 - werkzeug - INFO -  * Detected change in 'C:\\Users\\pavat\\Desktop\\HRReactWeb_AppV26\\HRReactWeb_AppV26\\Employee_Retention\\feature_engineering.py', reloading
2026-03-05 08:34:03,946 - werkzeug - INFO -  * Restarting with watchdog (windowsapi)
2026-03-05 08:34:14,575 - __main__ - INFO - Starting Employee Productivity API...
2026-03-05 08:34:14,577 - __main__ - INFO - Loading model and preprocessor using model_utils...
2026-03-05 08:34:15,381 - __main__ - INFO -  Model and preprocessor loaded successfully.
2026-03-05 08:34:15,392 - werkzeug - WARNING -  * Debugger is active!
2026-03-05 08:34:15,397 - werkzeug - INFO -  * Debugger PIN: 403-625-082
2026-03-05 08:34:42,807 - werkzeug - INFO -  * Detected change in 'C:\\Users\\pavat\\Desktop\\HRReactWeb_AppV26\\HRReactWeb_AppV26\\Employee_Retention\\train_model.py', reloading
2026-03-05 08:34:42,807 - werkzeug - INFO -  * Detected change in 'C:\\Users\\pavat\\Desktop\\HRReactWeb_AppV26\\HRReactWeb_AppV26\\Employee_Retention\\train_model.py', reloading
2026-03-05 08:34:42,808 - werkzeug - INFO -  * Detected change in 'C:\\Users\\pavat\\Desktop\\HRReactWeb_AppV26\\HRReactWeb_AppV26\\Employee_Retention\\train_model.py', reloading
2026-03-05 08:34:42,809 - werkzeug - INFO -  * Detected change in 'C:\\Users\\pavat\\Desktop\\HRReactWeb_AppV26\\HRReactWeb_AppV26\\Employee_Retention\\train_model.py', reloading
2026-03-05 08:34:44,445 - werkzeug - INFO -  * Restarting with watchdog (windowsapi)
2026-03-05 08:34:58,850 - __main__ - INFO - Starting Employee Productivity API...
2026-03-05 08:34:58,852 - __main__ - INFO - Loading model and preprocessor using model_utils...
2026-03-05 08:34:59,621 - __main__ - INFO -  Model and preprocessor loaded successfully.
2026-03-05 08:34:59,629 - werkzeug - WARNING -  * Debugger is active!
2026-03-05 08:34:59,633 - werkzeug - INFO -  * Debugger PIN: 403-625-082
2026-03-05 08:35:02,888 - werkzeug - INFO -  * Detected change in 'C:\\Users\\pavat\\Desktop\\HRReactWeb_AppV26\\HRReactWeb_AppV26\\Employee_Retention\\train_model.py', reloading
2026-03-05 08:35:02,889 - werkzeug - INFO -  * Detected change in 'C:\\Users\\pavat\\Desktop\\HRReactWeb_AppV26\\HRReactWeb_AppV26\\Employee_Retention\\train_model.py', reloading
2026-03-05 08:35:02,892 - werkzeug - INFO -  * Detected change in 'C:\\Users\\pavat\\Desktop\\HRReactWeb_AppV26\\HRReactWeb_AppV26\\Employee_Retention\\train_model.py', reloading
2026-03-05 08:35:02,893 - werkzeug - INFO -  * Detected change in 'C:\\Users\\pavat\\Desktop\\HRReactWeb_AppV26\\HRReactWeb_AppV26\\Employee_Retention\\train_model.py', reloading
2026-03-05 08:35:04,393 - werkzeug - INFO -  * Restarting with watchdog (windowsapi)
2026-03-05 08:35:17,290 - __main__ - INFO - Starting Employee Productivity API...
2026-03-05 08:35:17,296 - __main__ - INFO - Loading model and preprocessor using model_utils...
2026-03-05 08:35:18,861 - __main__ - INFO -  Model and preprocessor loaded successfully.
2026-03-05 08:35:18,883 - werkzeug - WARNING -  * Debugger is active!
2026-03-05 08:35:18,905 - werkzeug - INFO -  * Debugger PIN: 403-625-082
2026-03-05 08:35:40,935 - werkzeug - INFO -  * Detected change in 'C:\\Users\\pavat\\Desktop\\HRReactWeb_AppV26\\HRReactWeb_AppV26\\Employee_Retention\\train_model.py', reloading
2026-03-05 08:35:40,936 - werkzeug - INFO -  * Detected change in 'C:\\Users\\pavat\\Desktop\\HRReactWeb_AppV26\\HRReactWeb_AppV26\\Employee_Retention\\train_model.py', reloading
2026-03-05 08:35:40,937 - werkzeug - INFO -  * Detected change in 'C:\\Users\\pavat\\Desktop\\HRReactWeb_AppV26\\HRReactWeb_AppV26\\Employee_Retention\\train_model.py', reloading
2026-03-05 08:35:40,937 - werkzeug - INFO -  * Detected change in 'C:\\Users\\pavat\\Desktop\\HRReactWeb_AppV26\\HRReactWeb_AppV26\\Employee_Retention\\train_model.py', reloading
2026-03-05 08:35:41,860 - werkzeug - INFO -  * Restarting with watchdog (windowsapi)
2026-03-05 08:35:51,690 - __main__ - INFO - Starting Employee Productivity API...
2026-03-05 08:35:51,692 - __main__ - INFO - Loading model and preprocessor using model_utils...
2026-03-05 08:35:52,446 - __main__ - INFO -  Model and preprocessor loaded successfully.
2026-03-05 08:35:52,454 - werkzeug - WARNING -  * Debugger is active!
2026-03-05 08:35:52,459 - werkzeug - INFO -  * Debugger PIN: 403-625-082
2026-03-05 08:37:50,458 - werkzeug - INFO -  * Detected change in 'C:\\Users\\pavat\\Desktop\\HRReactWeb_AppV26\\HRReactWeb_AppV26\\Employee_Retention\\DataLoad.py', reloading
2026-03-05 08:37:50,459 - werkzeug - INFO -  * Detected change in 'C:\\Users\\pavat\\Desktop\\HRReactWeb_AppV26\\HRReactWeb_AppV26\\Employee_Retention\\DataLoad.py', reloading
2026-03-05 08:37:50,746 - werkzeug - INFO -  * Detected change in 'C:\\Users\\pavat\\Desktop\\HRReactWeb_AppV26\\HRReactWeb_AppV26\\Employee_Retention\\DataLoad.py', reloading
2026-03-05 08:37:50,749 - werkzeug - INFO -  * Detected change in 'C:\\Users\\pavat\\Desktop\\HRReactWeb_AppV26\\HRReactWeb_AppV26\\Employee_Retention\\DataLoad.py', reloading
2026-03-05 08:37:50,751 - werkzeug - INFO -  * Detected change in 'C:\\Users\\pavat\\Desktop\\HRReactWeb_AppV26\\HRReactWeb_AppV26\\Employee_Retention\\DataLoad.py', reloading
2026-03-05 08:37:51,451 - werkzeug - INFO -  * Restarting with watchdog (windowsapi)
2026-03-05 08:38:10,569 - __main__ - INFO - Starting Employee Productivity API...
2026-03-05 08:40:25,340 - __main__ - INFO - Starting Employee Productivity API...
2026-03-05 08:40:25,344 - __main__ - INFO - Loading model and preprocessor using model_utils...
2026-03-05 08:40:26,363 - __main__ - INFO -  Model and preprocessor loaded successfully.
2026-03-05 08:40:26,379 - werkzeug - INFO - [31m[1mWARNING: This is a development server. Do not use it in a production deployment. Use a production WSGI server instead.[0m
 * Running on all addresses (0.0.0.0)
 * Running on http://127.0.0.1:5002
 * Running on http://192.168.8.155:5002
2026-03-05 08:40:26,379 - werkzeug - INFO - [33mPress CTRL+C to quit[0m
2026-03-05 08:40:26,399 - werkzeug - INFO -  * Restarting with watchdog (windowsapi)
2026-03-05 08:40:35,482 - __main__ - INFO - Starting Employee Productivity API...
2026-03-05 08:40:35,485 - __main__ - INFO - Loading model and preprocessor using model_utils...
2026-03-05 08:40:37,269 - __main__ - INFO -  Model and preprocessor loaded successfully.
2026-03-05 08:40:37,277 - werkzeug - WARNING -  * Debugger is active!
2026-03-05 08:40:37,282 - werkzeug - INFO -  * Debugger PIN: 403-625-082
2026-03-05 08:40:37,335 - werkzeug - INFO - 127.0.0.1 - - [05/Mar/2026 08:40:37] "GET /api/test HTTP/1.1" 200 -
2026-03-05 08:40:52,870 - werkzeug - INFO - 127.0.0.1 - - [05/Mar/2026 08:40:52] "GET /api/test HTTP/1.1" 200 -
2026-03-05 08:41:37,120 - werkzeug - INFO - 127.0.0.1 - - [05/Mar/2026 08:41:37] "GET /api/test HTTP/1.1" 200 -
2026-03-05 08:41:52,285 - werkzeug - INFO -  * Detected change in 'C:\\Users\\pavat\\Downloads\\Python3_UpdateV8_2025_N\\Python38\\Lib\\site-packages\\keras\\engine\\training.py', reloading
2026-03-05 08:41:52,651 - werkzeug - INFO - 127.0.0.1 - - [05/Mar/2026 08:41:52] "POST /api/predict/preview HTTP/1.1" 200 -
2026-03-05 08:41:54,344 - werkzeug - INFO -  * Restarting with watchdog (windowsapi)
2026-03-05 08:42:10,586 - __main__ - INFO - Starting Employee Productivity API...
2026-03-05 08:42:10,590 - __main__ - INFO - Loading model and preprocessor using model_utils...
2026-03-05 08:42:12,045 - __main__ - INFO -  Model and preprocessor loaded successfully.
2026-03-05 08:42:12,062 - werkzeug - WARNING -  * Debugger is active!
2026-03-05 08:42:12,073 - werkzeug - INFO -  * Debugger PIN: 403-625-082
2026-03-05 08:42:12,148 - __main__ - INFO - CSV loaded with 25 rows and columns: ['role_level', 'position', 'age', 'experience_years', 'avg_task_completion', 'attendance_rate', 'projects_handled', 'overtime_hours', 'training_hours', 'FeedBack']
2026-03-05 08:42:12,148 - __main__ - INFO - Processing 25 employees...
2026-03-05 08:42:12,167 - werkzeug - INFO -  * Detected change in 'C:\\Users\\pavat\\Downloads\\Python3_UpdateV8_2025_N\\Python38\\Lib\\site-packages\\sklearn\\preprocessing\\_encoders.py', reloading
2026-03-05 08:42:12,717 - werkzeug - INFO - 127.0.0.1 - - [05/Mar/2026 08:42:12] "POST /api/predict/batch HTTP/1.1" 200 -
2026-03-05 08:42:14,031 - werkzeug - INFO -  * Restarting with watchdog (windowsapi)
2026-03-05 08:42:26,997 - __main__ - INFO - Starting Employee Productivity API...
2026-03-05 08:42:27,000 - __main__ - INFO - Loading model and preprocessor using model_utils...
2026-03-05 08:42:27,808 - __main__ - INFO -  Model and preprocessor loaded successfully.
2026-03-05 08:42:27,816 - werkzeug - WARNING -  * Debugger is active!
2026-03-05 08:42:27,821 - werkzeug - INFO -  * Debugger PIN: 403-625-082
2026-03-05 08:42:27,846 - __main__ - INFO - Results folder absolute path: C:\Users\pavat\Desktop\HRReactWeb_AppV26\HRReactWeb_AppV26\results
2026-03-05 08:42:27,846 - __main__ - INFO - Download requested - filename: productivity_results_20260305_084212.csv
2026-03-05 08:42:27,846 - __main__ - INFO - Full file path: C:\Users\pavat\Desktop\HRReactWeb_AppV26\HRReactWeb_AppV26\results\productivity_results_20260305_084212.csv
2026-03-05 08:42:27,852 - __main__ - INFO - File found, size: 1884 bytes
2026-03-05 08:42:27,855 - werkzeug - INFO - 127.0.0.1 - - [05/Mar/2026 08:42:27] "GET /api/download/productivity_results_20260305_084212.csv HTTP/1.1" 200 -
2026-03-05 08:44:59,132 - werkzeug - INFO - 127.0.0.1 - - [05/Mar/2026 08:44:59] "GET /api/test HTTP/1.1" 200 -
2026-03-05 08:48:32,230 - werkzeug - INFO - 127.0.0.1 - - [05/Mar/2026 08:48:32] "GET /api/test HTTP/1.1" 200 -
2026-03-05 08:48:35,216 - werkzeug - INFO - 127.0.0.1 - - [05/Mar/2026 08:48:35] "GET /api/test HTTP/1.1" 200 -
2026-03-05 08:48:37,375 - werkzeug - INFO - 127.0.0.1 - - [05/Mar/2026 08:48:37] "GET /api/test HTTP/1.1" 200 -
2026-03-05 08:48:38,524 - werkzeug - INFO - 127.0.0.1 - - [05/Mar/2026 08:48:38] "GET /api/test HTTP/1.1" 200 -
2026-03-05 08:48:40,885 - werkzeug - INFO - 127.0.0.1 - - [05/Mar/2026 08:48:40] "GET /api/test HTTP/1.1" 200 -
2026-03-05 08:48:41,307 - werkzeug - INFO - 127.0.0.1 - - [05/Mar/2026 08:48:41] "GET /api/test HTTP/1.1" 200 -
2026-03-05 08:48:42,150 - werkzeug - INFO - 127.0.0.1 - - [05/Mar/2026 08:48:42] "GET /api/test HTTP/1.1" 200 -
2026-03-05 10:24:10,203 - werkzeug - INFO - 127.0.0.1 - - [05/Mar/2026 10:24:10] "GET /api/test HTTP/1.1" 200 -
2026-03-05 10:24:26,522 - werkzeug - INFO -  * Detected change in 'C:\\Users\\pavat\\Downloads\\Python3_UpdateV8_2025_N\\Python38\\Lib\\site-packages\\keras\\engine\\training.py', reloading
2026-03-05 10:24:26,741 - werkzeug - INFO - 127.0.0.1 - - [05/Mar/2026 10:24:26] "POST /api/predict/preview HTTP/1.1" 200 -
2026-03-05 10:24:27,040 - werkzeug - INFO -  * Detected change in 'C:\\Users\\pavat\\Desktop\\HRReactWeb_AppV26\\HRReactWeb_AppV26\\Employee_Retention\\API.py', reloading
2026-03-05 10:24:27,555 - werkzeug - INFO -  * Restarting with watchdog (windowsapi)
2026-03-05 10:24:34,874 - __main__ - INFO - Starting Employee Productivity API...
2026-03-05 10:24:34,878 - __main__ - INFO - Loading model and preprocessor using model_utils...
2026-03-05 10:24:35,612 - __main__ - INFO -  Model and preprocessor loaded successfully.
2026-03-05 10:24:35,618 - werkzeug - WARNING -  * Debugger is active!
2026-03-05 10:24:35,623 - werkzeug - INFO -  * Debugger PIN: 403-625-082
2026-03-05 10:24:35,662 - __main__ - INFO - CSV loaded with 25 rows and columns: ['role_level', 'position', 'age', 'experience_years', 'avg_task_completion', 'attendance_rate', 'projects_handled', 'overtime_hours', 'training_hours', 'FeedBack']
2026-03-05 10:24:35,662 - __main__ - INFO - Processing 25 employees...
2026-03-05 10:24:35,673 - werkzeug - INFO -  * Detected change in 'C:\\Users\\pavat\\Downloads\\Python3_UpdateV8_2025_N\\Python38\\Lib\\site-packages\\sklearn\\preprocessing\\_encoders.py', reloading
2026-03-05 10:24:35,928 - werkzeug - INFO - 127.0.0.1 - - [05/Mar/2026 10:24:35] "POST /api/predict/batch HTTP/1.1" 200 -
2026-03-05 10:24:37,152 - werkzeug - INFO -  * Restarting with watchdog (windowsapi)
2026-03-05 10:24:42,091 - __main__ - INFO - Starting Employee Productivity API...
2026-03-05 10:24:42,093 - __main__ - INFO - Loading model and preprocessor using model_utils...
2026-03-05 10:24:42,764 - __main__ - INFO -  Model and preprocessor loaded successfully.
2026-03-05 10:24:42,771 - werkzeug - WARNING -  * Debugger is active!
2026-03-05 10:24:42,775 - werkzeug - INFO -  * Debugger PIN: 403-625-082
2026-03-05 10:25:59,786 - werkzeug - INFO - 127.0.0.1 - - [05/Mar/2026 10:25:59] "GET /api/test HTTP/1.1" 200 -
2026-03-05 10:42:56,911 - werkzeug - INFO -  * Detected change in 'C:\\Users\\pavat\\Desktop\\HRReactWeb_AppV26\\HRReactWeb_AppV26\\Cv_Screen\\config.py', reloading
2026-03-05 10:42:56,920 - werkzeug - INFO -  * Detected change in 'C:\\Users\\pavat\\Desktop\\HRReactWeb_AppV26\\HRReactWeb_AppV26\\Cv_Screen\\Data_Validators.py', reloading
2026-03-05 10:42:56,935 - werkzeug - INFO -  * Detected change in 'C:\\Users\\pavat\\Desktop\\HRReactWeb_AppV26\\HRReactWeb_AppV26\\Cv_Screen\\Prediction.py', reloading
2026-03-05 10:42:56,942 - werkzeug - INFO -  * Detected change in 'C:\\Users\\pavat\\Desktop\\HRReactWeb_AppV26\\HRReactWeb_AppV26\\Cv_Screen\\Prediction_advance.py', reloading
2026-03-05 10:42:56,950 - werkzeug - INFO -  * Detected change in 'C:\\Users\\pavat\\Desktop\\HRReactWeb_AppV26\\HRReactWeb_AppV26\\Cv_Screen\\preprocess.py', reloading
2026-03-05 10:42:56,955 - werkzeug - INFO -  * Detected change in 'C:\\Users\\pavat\\Desktop\\HRReactWeb_AppV26\\HRReactWeb_AppV26\\Cv_Screen\\Setup_File.py', reloading
2026-03-05 10:42:56,963 - werkzeug - INFO -  * Detected change in 'C:\\Users\\pavat\\Desktop\\HRReactWeb_AppV26\\HRReactWeb_AppV26\\Cv_Screen\\Train.py', reloading
2026-03-05 10:42:57,101 - werkzeug - INFO -  * Detected change in 'C:\\Users\\pavat\\Desktop\\HRReactWeb_AppV26\\HRReactWeb_AppV26\\Dynamic_Interview\\Config.py', reloading
2026-03-05 10:42:57,110 - werkzeug - INFO -  * Detected change in 'C:\\Users\\pavat\\Desktop\\HRReactWeb_AppV26\\HRReactWeb_AppV26\\Dynamic_Interview\\Data_Validators.py', reloading
2026-03-05 10:42:57,188 - werkzeug - INFO -  * Detected change in 'C:\\Users\\pavat\\Desktop\\HRReactWeb_AppV26\\HRReactWeb_AppV26\\Dynamic_Interview\\PredictModel.py', reloading
2026-03-05 10:42:57,206 - werkzeug - INFO -  * Detected change in 'C:\\Users\\pavat\\Desktop\\HRReactWeb_AppV26\\HRReactWeb_AppV26\\Dynamic_Interview\\QuestionGenerator.py', reloading
2026-03-05 10:42:57,299 - werkzeug - INFO -  * Detected change in 'C:\\Users\\pavat\\Desktop\\HRReactWeb_AppV26\\HRReactWeb_AppV26\\Dynamic_Interview\\test.py', reloading
2026-03-05 10:42:57,311 - werkzeug - INFO -  * Detected change in 'C:\\Users\\pavat\\Desktop\\HRReactWeb_AppV26\\HRReactWeb_AppV26\\Dynamic_Interview\\TrainModel.py', reloading
2026-03-05 10:42:58,015 - werkzeug - INFO -  * Restarting with watchdog (windowsapi)
2026-03-05 10:43:08,505 - __main__ - INFO - Starting Employee Productivity API...
2026-03-05 10:43:08,508 - __main__ - INFO - Loading model and preprocessor using model_utils...
2026-03-05 10:43:09,474 - __main__ - INFO -  Model and preprocessor loaded successfully.
2026-03-05 10:43:09,487 - werkzeug - WARNING -  * Debugger is active!
2026-03-05 10:43:09,500 - werkzeug - INFO -  * Debugger PIN: 403-625-082
2026-03-05 13:36:03,549 - werkzeug - INFO -  * Detected change in 'C:\\Users\\pavat\\Desktop\\HRReactWeb_AppV26\\HRReactWeb_AppV26\\MasterAPI.py', reloading
2026-03-05 13:36:04,228 - werkzeug - INFO -  * Detected change in 'C:\\Users\\pavat\\Desktop\\HRReactWeb_AppV26\\HRReactWeb_AppV26\\Employee_Retention\\API.py', reloading
2026-03-05 13:36:05,913 - werkzeug - INFO -  * Restarting with watchdog (windowsapi)
2026-03-05 13:36:25,434 - __main__ - INFO - Starting Employee Productivity API...
2026-03-05 13:36:25,485 - __main__ - INFO - Loading model and preprocessor using model_utils...
2026-03-05 13:36:26,488 - __main__ - INFO -  Model and preprocessor loaded successfully.
2026-03-05 13:36:26,499 - werkzeug - WARNING -  * Debugger is active!
2026-03-05 13:36:26,504 - werkzeug - INFO -  * Debugger PIN: 403-625-082
2026-03-05 13:54:34,246 - __main__ - INFO - Starting Employee Productivity API...
2026-03-05 13:54:34,252 - __main__ - INFO - Loading model and preprocessor using model_utils...
2026-03-05 13:54:35,375 - __main__ - INFO -  Model and preprocessor loaded successfully.
2026-03-05 13:54:35,389 - werkzeug - INFO - [31m[1mWARNING: This is a development server. Do not use it in a production deployment. Use a production WSGI server instead.[0m
 * Running on all addresses (0.0.0.0)
 * Running on http://127.0.0.1:5002
 * Running on http://172.28.5.143:5002
2026-03-05 13:54:35,389 - werkzeug - INFO - [33mPress CTRL+C to quit[0m
2026-03-05 13:54:35,402 - werkzeug - INFO -  * Restarting with watchdog (windowsapi)
2026-03-05 13:54:43,372 - __main__ - INFO - Starting Employee Productivity API...
2026-03-05 13:54:43,374 - __main__ - INFO - Loading model and preprocessor using model_utils...
2026-03-05 13:54:44,235 - __main__ - INFO -  Model and preprocessor loaded successfully.
2026-03-05 13:54:44,243 - werkzeug - WARNING -  * Debugger is active!
2026-03-05 13:54:44,248 - werkzeug - INFO -  * Debugger PIN: 403-625-082
2026-03-05 13:55:10,505 - werkzeug - INFO - 127.0.0.1 - - [05/Mar/2026 13:55:10] "GET /api/test HTTP/1.1" 200 -
2026-03-05 14:37:43,206 - werkzeug - INFO - 127.0.0.1 - - [05/Mar/2026 14:37:43] "GET /api/test HTTP/1.1" 200 -
2026-03-05 14:38:13,939 - werkzeug - INFO -  * Detected change in 'C:\\Users\\pavat\\Downloads\\Python3_UpdateV8_2025_N\\Python38\\Lib\\site-packages\\keras\\engine\\training.py', reloading
2026-03-05 14:38:14,280 - werkzeug - INFO - 127.0.0.1 - - [05/Mar/2026 14:38:14] "POST /api/predict/preview HTTP/1.1" 200 -
2026-03-05 14:38:15,021 - werkzeug - INFO -  * Restarting with watchdog (windowsapi)
2026-03-05 14:38:24,218 - __main__ - INFO - Starting Employee Productivity API...
2026-03-05 14:38:24,220 - __main__ - INFO - Loading model and preprocessor using model_utils...
2026-03-05 14:38:25,069 - __main__ - INFO -  Model and preprocessor loaded successfully.
2026-03-05 14:38:25,081 - werkzeug - WARNING -  * Debugger is active!
2026-03-05 14:38:25,088 - werkzeug - INFO -  * Debugger PIN: 403-625-082
2026-03-05 14:38:25,133 - __main__ - INFO - CSV loaded with 25 rows and columns: ['role_level', 'position', 'age', 'experience_years', 'avg_task_completion', 'attendance_rate', 'projects_handled', 'overtime_hours', 'training_hours', 'FeedBack']
2026-03-05 14:38:25,133 - __main__ - INFO - Processing 25 employees...
2026-03-05 14:38:25,145 - werkzeug - INFO -  * Detected change in 'C:\\Users\\pavat\\Downloads\\Python3_UpdateV8_2025_N\\Python38\\Lib\\site-packages\\sklearn\\preprocessing\\_encoders.py', reloading
2026-03-05 14:38:25,534 - werkzeug - INFO - 127.0.0.1 - - [05/Mar/2026 14:38:25] "POST /api/predict/batch HTTP/1.1" 200 -
2026-03-05 14:38:26,701 - werkzeug - INFO -  * Restarting with watchdog (windowsapi)
2026-03-05 14:38:32,525 - __main__ - INFO - Starting Employee Productivity API...
2026-03-05 14:38:32,527 - __main__ - INFO - Loading model and preprocessor using model_utils...
2026-03-05 14:38:33,356 - __main__ - INFO -  Model and preprocessor loaded successfully.
2026-03-05 14:38:33,363 - werkzeug - WARNING -  * Debugger is active!
2026-03-05 14:38:33,369 - werkzeug - INFO -  * Debugger PIN: 403-625-082
2026-03-05 14:54:21,109 - werkzeug - INFO -  * Detected change in 'C:\\Users\\pavat\\Downloads\\Python3_UpdateV8_2025_N\\Python38\\Lib\\site-packages\\tensorboard\\webfiles.zip', reloading
2026-03-05 14:54:22,244 - werkzeug - INFO -  * Restarting with watchdog (windowsapi)
2026-03-05 14:54:30,443 - __main__ - INFO - Starting Employee Productivity API...
2026-03-05 14:54:30,450 - __main__ - INFO - Loading model and preprocessor using model_utils...
2026-03-05 14:54:31,407 - __main__ - INFO -  Model and preprocessor loaded successfully.
2026-03-05 14:54:31,417 - werkzeug - WARNING -  * Debugger is active!
2026-03-05 14:54:31,424 - werkzeug - INFO -  * Debugger PIN: 403-625-082
2026-03-05 15:01:06,168 - werkzeug - INFO - 127.0.0.1 - - [05/Mar/2026 15:01:06] "GET /api/test HTTP/1.1" 200 -
2026-03-05 15:02:46,722 - werkzeug - INFO - 127.0.0.1 - - [05/Mar/2026 15:02:46] "POST /api/predict/preview HTTP/1.1" 200 -
2026-03-05 15:02:49,355 - __main__ - INFO - CSV loaded with 25 rows and columns: ['role_level', 'position', 'age', 'experience_years', 'avg_task_completion', 'attendance_rate', 'projects_handled', 'overtime_hours', 'training_hours', 'FeedBack']
2026-03-05 15:02:49,355 - __main__ - INFO - Processing 25 employees...
2026-03-05 15:02:49,434 - werkzeug - INFO - 127.0.0.1 - - [05/Mar/2026 15:02:49] "POST /api/predict/batch HTTP/1.1" 200 -
2026-03-05 15:05:35,835 - werkzeug - INFO - 127.0.0.1 - - [05/Mar/2026 15:05:35] "GET /api/test HTTP/1.1" 200 -
2026-03-05 15:05:46,436 - werkzeug - INFO - 127.0.0.1 - - [05/Mar/2026 15:05:46] "POST /api/predict/preview HTTP/1.1" 200 -
2026-03-05 15:05:49,057 - __main__ - INFO - CSV loaded with 25 rows and columns: ['role_level', 'position', 'age', 'experience_years', 'avg_task_completion', 'attendance_rate', 'projects_handled', 'overtime_hours', 'training_hours', 'FeedBack']
2026-03-05 15:05:49,058 - __main__ - INFO - Processing 25 employees...
2026-03-05 15:05:49,122 - werkzeug - INFO - 127.0.0.1 - - [05/Mar/2026 15:05:49] "POST /api/predict/batch HTTP/1.1" 200 -
2026-03-05 16:52:58,170 - werkzeug - INFO -  * Detected change in 'C:\\Users\\pavat\\AppData\\Local\\Temp\\36fed7a9-452e-492d-bba7-23ab32efaf71_Untitled (10).zip.Untitled (10).zip', reloading
2026-03-05 16:52:58,181 - werkzeug - INFO -  * Detected change in 'C:\\Users\\pavat\\AppData\\Local\\Temp\\40ac0440-1239-4886-8408-1b72e160f7dc_Untitled (10).zip.Untitled (10).zip', reloading
2026-03-05 16:52:58,182 - werkzeug - INFO -  * Detected change in 'C:\\Users\\pavat\\AppData\\Local\\Temp\\423e3616-8e50-450c-a73c-e95d39f224b6_Cheat Sheet (2).zip.Cheat Sheet (2).zip', reloading
2026-03-05 16:52:58,183 - werkzeug - INFO -  * Detected change in 'C:\\Users\\pavat\\AppData\\Local\\Temp\\4a56db2b-8c65-434b-a036-f3eb61172ddf_Cheat Sheet (3).zip.Cheat Sheet (3).zip', reloading
2026-03-05 16:52:58,185 - werkzeug - INFO -  * Detected change in 'C:\\Users\\pavat\\AppData\\Local\\Temp\\6a16cf10-78a1-4abc-9759-50cf532fa999_Cheat Sheet (2).zip.Cheat Sheet (2).zip', reloading
2026-03-05 16:52:58,186 - werkzeug - INFO -  * Detected change in 'C:\\Users\\pavat\\AppData\\Local\\Temp\\6a397fa2-3023-464c-956d-76bca1bcd3e7_Untitled (10).zip.Untitled (10).zip', reloading
2026-03-05 16:52:58,187 - werkzeug - INFO -  * Detected change in 'C:\\Users\\pavat\\AppData\\Local\\Temp\\715605aa-2dde-4bf3-a1c3-1118b7a0c061_Cheat Sheet (1).zip.Cheat Sheet (1).zip', reloading
2026-03-05 16:52:58,190 - werkzeug - INFO -  * Detected change in 'C:\\Users\\pavat\\AppData\\Local\\Temp\\7d33b7a0-e17b-413e-8d33-48e5ff408b69_Cheat Sheet (2).zip.Cheat Sheet (2).zip', reloading
2026-03-05 16:52:58,193 - werkzeug - INFO -  * Detected change in 'C:\\Users\\pavat\\AppData\\Local\\Temp\\899434f6-69dd-4b0d-bf96-3b8d7fc6f5a1_Cheat Sheet (4).zip.Cheat Sheet (4).zip', reloading
2026-03-05 16:52:58,193 - werkzeug - INFO -  * Detected change in 'C:\\Users\\pavat\\AppData\\Local\\Temp\\8bd59467-0891-44e7-bf01-18d3bf830d92_Cheat Sheet (2).zip.Cheat Sheet (2).zip', reloading
2026-03-05 16:52:58,194 - werkzeug - INFO -  * Detected change in 'C:\\Users\\pavat\\AppData\\Local\\Temp\\8d7d9dd0-a24d-4ee4-b13e-8e8d8c93a319_Cheat Sheet (4).zip.Cheat Sheet (4).zip', reloading
2026-03-05 16:52:58,197 - werkzeug - INFO -  * Detected change in 'C:\\Users\\pavat\\AppData\\Local\\Temp\\b4e5da4b-f7f4-4b3f-aea4-975b77915658_Untitled (10).zip.Untitled (10).zip', reloading
2026-03-05 16:52:58,197 - werkzeug - INFO -  * Detected change in 'C:\\Users\\pavat\\AppData\\Local\\Temp\\c1372e61-a5cd-422e-8363-e0a84aac0072_Cheat Sheet (1).zip.Cheat Sheet (1).zip', reloading
2026-03-05 16:53:00,748 - werkzeug - INFO -  * Restarting with watchdog (windowsapi)
2026-03-05 16:53:21,280 - __main__ - INFO - Starting Employee Productivity API...
2026-03-05 16:53:21,327 - __main__ - INFO - Loading model and preprocessor using model_utils...
2026-03-05 16:53:22,382 - __main__ - INFO -  Model and preprocessor loaded successfully.
2026-03-05 16:53:22,392 - werkzeug - WARNING -  * Debugger is active!
2026-03-05 16:53:22,400 - werkzeug - INFO -  * Debugger PIN: 403-625-082
2026-03-05 17:07:02,274 - werkzeug - INFO - 127.0.0.1 - - [05/Mar/2026 17:07:02] "GET /api/test HTTP/1.1" 200 -
2026-03-05 17:13:32,276 - werkzeug - INFO - 127.0.0.1 - - [05/Mar/2026 17:13:32] "GET /api/test HTTP/1.1" 200 -
2026-03-05 17:14:23,010 - werkzeug - INFO - 127.0.0.1 - - [05/Mar/2026 17:14:23] "GET /api/test HTTP/1.1" 200 -
2026-03-05 17:15:21,145 - werkzeug - INFO -  * Detected change in 'C:\\Users\\pavat\\Downloads\\Python3_UpdateV8_2025_N\\Python38\\Lib\\site-packages\\kivy\\tests\\unicode_font.zip', reloading
2026-03-05 17:15:21,245 - werkzeug - INFO -  * Detected change in 'C:\\Users\\pavat\\Downloads\\Python3_UpdateV8_2025_N\\Python38\\Lib\\site-packages\\kivy\\tests\\unicode_files.zip', reloading
2026-03-05 17:15:22,780 - werkzeug - INFO -  * Restarting with watchdog (windowsapi)
2026-03-05 17:15:29,907 - __main__ - INFO - Starting Employee Productivity API...
2026-03-05 17:15:29,910 - __main__ - INFO - Loading model and preprocessor using model_utils...
2026-03-05 17:15:30,698 - __main__ - INFO -  Model and preprocessor loaded successfully.
2026-03-05 17:15:30,707 - werkzeug - WARNING -  * Debugger is active!
2026-03-05 17:15:30,712 - werkzeug - INFO -  * Debugger PIN: 403-625-082
2026-03-05 17:15:49,176 - werkzeug - INFO -  * Detected change in 'C:\\Users\\pavat\\Downloads\\Python3_UpdateV8_2025_N\\Python38\\Lib\\site-packages\\kivy\\data\\images\\image-loading.zip', reloading
2026-03-05 17:15:50,526 - werkzeug - INFO -  * Restarting with watchdog (windowsapi)
2026-03-05 17:15:56,093 - __main__ - INFO - Starting Employee Productivity API...
2026-03-05 17:15:56,095 - __main__ - INFO - Loading model and preprocessor using model_utils...
2026-03-05 17:15:56,714 - __main__ - INFO -  Model and preprocessor loaded successfully.
2026-03-05 17:15:56,719 - werkzeug - WARNING -  * Debugger is active!
2026-03-05 17:15:56,725 - werkzeug - INFO -  * Debugger PIN: 403-625-082
2026-03-05 17:22:50,243 - werkzeug - INFO -  * Detected change in 'C:\\Users\\pavat\\Downloads\\Python3_UpdateV8_2025_N\\Python38\\Lib\\site-packages\\importlib_resources\\tests\\zipdata02\\ziptestdata.zip', reloading
2026-03-05 17:22:50,380 - werkzeug - INFO -  * Detected change in 'C:\\Users\\pavat\\Downloads\\Python3_UpdateV8_2025_N\\Python38\\Lib\\site-packages\\importlib_resources\\tests\\zipdata01\\ziptestdata.zip', reloading
2026-03-05 17:22:51,463 - werkzeug - INFO -  * Restarting with watchdog (windowsapi)
2026-03-05 17:22:56,998 - __main__ - INFO - Starting Employee Productivity API...
2026-03-05 17:22:57,001 - __main__ - INFO - Loading model and preprocessor using model_utils...
2026-03-05 17:22:57,645 - __main__ - INFO -  Model and preprocessor loaded successfully.
2026-03-05 17:22:57,650 - werkzeug - WARNING -  * Debugger is active!
2026-03-05 17:22:57,652 - werkzeug - INFO -  * Debugger PIN: 403-625-082
2026-03-05 17:22:59,006 - werkzeug - INFO -  * Detected change in 'C:\\Users\\pavat\\Downloads\\Python3_UpdateV8_2025_N\\Python38\\Lib\\site-packages\\imageio\\resources\\images\\chelsea.zip', reloading
2026-03-05 17:23:00,173 - werkzeug - INFO -  * Restarting with watchdog (windowsapi)
2026-03-05 17:23:05,247 - __main__ - INFO - Starting Employee Productivity API...
2026-03-05 17:23:05,249 - __main__ - INFO - Loading model and preprocessor using model_utils...
2026-03-05 17:23:05,885 - __main__ - INFO -  Model and preprocessor loaded successfully.
2026-03-05 17:23:05,891 - werkzeug - WARNING -  * Debugger is active!
2026-03-05 17:23:05,896 - werkzeug - INFO -  * Debugger PIN: 403-625-082
2026-03-05 17:46:14,760 - werkzeug - INFO - 127.0.0.1 - - [05/Mar/2026 17:46:14] "GET /api/test HTTP/1.1" 200 -
2026-03-05 17:53:24,423 - werkzeug - INFO - 127.0.0.1 - - [05/Mar/2026 17:53:24] "GET /api/test HTTP/1.1" 200 -
2026-03-05 17:53:47,669 - __main__ - INFO - CSV loaded with 25 rows and columns: ['role_level', 'position', 'age', 'experience_years', 'avg_task_completion', 'attendance_rate', 'projects_handled', 'overtime_hours', 'training_hours', 'FeedBack']
2026-03-05 17:53:47,669 - __main__ - INFO - Processing 25 employees...
2026-03-05 17:53:47,690 - werkzeug - INFO -  * Detected change in 'C:\\Users\\pavat\\Downloads\\Python3_UpdateV8_2025_N\\Python38\\Lib\\site-packages\\sklearn\\preprocessing\\_encoders.py', reloading
2026-03-05 17:53:48,394 - werkzeug - INFO -  * Restarting with watchdog (windowsapi)
2026-03-05 17:53:56,251 - __main__ - INFO - Starting Employee Productivity API...
2026-03-05 17:53:56,256 - __main__ - INFO - Loading model and preprocessor using model_utils...
2026-03-05 17:53:56,983 - __main__ - INFO -  Model and preprocessor loaded successfully.
2026-03-05 17:53:56,991 - werkzeug - WARNING -  * Debugger is active!
2026-03-05 17:53:56,997 - werkzeug - INFO -  * Debugger PIN: 403-625-082
2026-03-05 17:53:57,041 - __main__ - INFO - CSV loaded with 25 rows and columns: ['role_level', 'position', 'age', 'experience_years', 'avg_task_completion', 'attendance_rate', 'projects_handled', 'overtime_hours', 'training_hours', 'FeedBack']
2026-03-05 17:53:57,042 - __main__ - INFO - Processing 25 employees...
2026-03-05 17:53:57,242 - werkzeug - INFO -  * Detected change in 'C:\\Users\\pavat\\Downloads\\Python3_UpdateV8_2025_N\\Python38\\Lib\\site-packages\\keras\\engine\\training.py', reloading
2026-03-05 17:53:57,556 - werkzeug - INFO - 127.0.0.1 - - [05/Mar/2026 17:53:57] "POST /api/predict/batch HTTP/1.1" 200 -
2026-03-05 17:53:58,531 - werkzeug - INFO -  * Restarting with watchdog (windowsapi)
2026-03-05 17:54:03,738 - __main__ - INFO - Starting Employee Productivity API...
2026-03-05 17:54:03,741 - __main__ - INFO - Loading model and preprocessor using model_utils...
2026-03-05 17:54:04,540 - __main__ - INFO -  Model and preprocessor loaded successfully.
2026-03-05 17:54:04,551 - werkzeug - WARNING -  * Debugger is active!
2026-03-05 17:54:04,556 - werkzeug - INFO -  * Debugger PIN: 403-625-082
2026-03-05 17:54:04,840 - werkzeug - INFO - 127.0.0.1 - - [05/Mar/2026 17:54:04] "POST /api/predict/preview HTTP/1.1" 200 -
2026-03-05 17:54:13,287 - werkzeug - INFO - 127.0.0.1 - - [05/Mar/2026 17:54:13] "GET /api/test HTTP/1.1" 200 -
2026-03-05 17:55:19,332 - werkzeug - INFO - 127.0.0.1 - - [05/Mar/2026 17:55:19] "GET /api/test HTTP/1.1" 200 -
2026-03-05 17:55:40,090 - werkzeug - INFO - 127.0.0.1 - - [05/Mar/2026 17:55:40] "POST /api/predict/preview HTTP/1.1" 200 -
2026-03-05 18:01:55,271 - werkzeug - INFO - 127.0.0.1 - - [05/Mar/2026 18:01:55] "GET /api/test HTTP/1.1" 200 -
2026-03-05 18:02:35,760 - werkzeug - INFO - 127.0.0.1 - - [05/Mar/2026 18:02:35] "GET /api/test HTTP/1.1" 200 -
2026-03-05 18:02:57,081 - werkzeug - INFO - 127.0.0.1 - - [05/Mar/2026 18:02:57] "POST /api/predict/preview HTTP/1.1" 200 -
2026-03-05 18:03:32,248 - __main__ - INFO - CSV loaded with 25 rows and columns: ['role_level', 'position', 'age', 'experience_years', 'avg_task_completion', 'attendance_rate', 'projects_handled', 'overtime_hours', 'training_hours', 'FeedBack']
2026-03-05 18:03:32,249 - __main__ - INFO - Processing 25 employees...
2026-03-05 18:03:32,319 - werkzeug - INFO - 127.0.0.1 - - [05/Mar/2026 18:03:32] "POST /api/predict/batch HTTP/1.1" 200 -
2026-03-05 18:06:20,278 - werkzeug - INFO - 127.0.0.1 - - [05/Mar/2026 18:06:20] "GET /api/test HTTP/1.1" 200 -
2026-03-05 18:07:02,046 - werkzeug - INFO - 127.0.0.1 - - [05/Mar/2026 18:07:02] "GET /api/test HTTP/1.1" 200 -
2026-03-05 18:07:44,865 - werkzeug - INFO - 127.0.0.1 - - [05/Mar/2026 18:07:44] "POST /api/predict/preview HTTP/1.1" 200 -
2026-03-05 18:07:48,178 - __main__ - INFO - CSV loaded with 25 rows and columns: ['role_level', 'position', 'age', 'experience_years', 'avg_task_completion', 'attendance_rate', 'projects_handled', 'overtime_hours', 'training_hours', 'FeedBack']
2026-03-05 18:07:48,178 - __main__ - INFO - Processing 25 employees...
2026-03-05 18:07:48,244 - werkzeug - INFO - 127.0.0.1 - - [05/Mar/2026 18:07:48] "POST /api/predict/batch HTTP/1.1" 200 -
2026-03-05 18:11:00,277 - werkzeug - INFO - 127.0.0.1 - - [05/Mar/2026 18:11:00] "GET /api/test HTTP/1.1" 200 -
2026-03-05 18:13:28,872 - werkzeug - INFO -  * Detected change in 'C:\\Users\\pavat\\AppData\\Local\\Temp\\0Do7FyhN\\build\\test_update_ext_version.py', reloading
2026-03-05 18:13:28,872 - werkzeug - INFO -  * Detected change in 'C:\\Users\\pavat\\AppData\\Local\\Temp\\0Do7FyhN\\build\\update_package_json.py', reloading
2026-03-05 18:13:28,872 - werkzeug - INFO -  * Detected change in 'C:\\Users\\pavat\\AppData\\Local\\Temp\\0Do7FyhN\\build\\validate_packages.py', reloading
2026-03-05 18:13:28,873 - werkzeug - INFO -  * Detected change in 'C:\\Users\\pavat\\AppData\\Local\\Temp\\0Do7FyhN\\build\\update_ext_version.py', reloading
2026-03-05 18:13:28,874 - werkzeug - INFO -  * Detected change in 'C:\\Users\\pavat\\AppData\\Local\\Temp\\0Do7FyhN\\files\\templates\\new723ScriptTemplate\\script.py', reloading
2026-03-05 18:13:28,875 - werkzeug - INFO -  * Detected change in 'C:\\Users\\pavat\\AppData\\Local\\Temp\\0Do7FyhN\\files\\templates\\newPackageTemplate\\tests\\test_package_name.py', reloading
2026-03-05 18:13:28,875 - werkzeug - INFO -  * Detected change in 'C:\\Users\\pavat\\AppData\\Local\\Temp\\0Do7FyhN\\files\\templates\\newPackageTemplate\\package_name\\__main__.py', reloading
2026-03-05 18:13:28,876 - werkzeug - INFO -  * Detected change in 'C:\\Users\\pavat\\AppData\\Local\\Temp\\0Do7FyhN\\files\\templates\\newPackageTemplate\\package_name\\__init__.py', reloading
2026-03-05 18:13:30,313 - werkzeug - INFO -  * Restarting with watchdog (windowsapi)
2026-03-05 18:13:36,659 - __main__ - INFO - Starting Employee Productivity API...
2026-03-05 18:13:36,661 - __main__ - INFO - Loading model and preprocessor using model_utils...
2026-03-05 18:13:37,713 - __main__ - INFO -  Model and preprocessor loaded successfully.
2026-03-05 18:13:37,724 - werkzeug - WARNING -  * Debugger is active!
2026-03-05 18:13:37,730 - werkzeug - INFO -  * Debugger PIN: 403-625-082
2026-03-05 18:16:44,690 - werkzeug - INFO - 127.0.0.1 - - [05/Mar/2026 18:16:44] "GET /api/test HTTP/1.1" 200 -
2026-03-05 18:16:52,133 - werkzeug - INFO - 127.0.0.1 - - [05/Mar/2026 18:16:52] "POST /api/predict/preview HTTP/1.1" 200 -
2026-03-05 18:16:55,452 - __main__ - INFO - CSV loaded with 25 rows and columns: ['role_level', 'position', 'age', 'experience_years', 'avg_task_completion', 'attendance_rate', 'projects_handled', 'overtime_hours', 'training_hours', 'FeedBack']
2026-03-05 18:16:55,452 - __main__ - INFO - Processing 25 employees...
2026-03-05 18:16:55,523 - werkzeug - INFO - 127.0.0.1 - - [05/Mar/2026 18:16:55] "POST /api/predict/batch HTTP/1.1" 200 -
2026-03-05 18:18:34,279 - werkzeug - INFO - 127.0.0.1 - - [05/Mar/2026 18:18:34] "GET /api/test HTTP/1.1" 200 -
2026-03-05 18:18:57,742 - werkzeug - INFO - 127.0.0.1 - - [05/Mar/2026 18:18:57] "GET /api/test HTTP/1.1" 200 -
2026-03-05 18:19:24,183 - werkzeug - INFO - 127.0.0.1 - - [05/Mar/2026 18:19:24] "POST /api/predict/preview HTTP/1.1" 200 -
2026-03-05 18:19:26,735 - __main__ - INFO - CSV loaded with 25 rows and columns: ['role_level', 'position', 'age', 'experience_years', 'avg_task_completion', 'attendance_rate', 'projects_handled', 'overtime_hours', 'training_hours', 'FeedBack']
2026-03-05 18:19:26,735 - __main__ - INFO - Processing 25 employees...
2026-03-05 18:19:26,808 - werkzeug - INFO - 127.0.0.1 - - [05/Mar/2026 18:19:26] "POST /api/predict/batch HTTP/1.1" 200 -
2026-03-05 18:22:37,264 - werkzeug - INFO - 127.0.0.1 - - [05/Mar/2026 18:22:37] "GET /api/test HTTP/1.1" 200 -
2026-03-05 18:30:42,619 - werkzeug - INFO - 127.0.0.1 - - [05/Mar/2026 18:30:42] "GET /api/test HTTP/1.1" 200 -
2026-03-05 18:30:54,372 - werkzeug - INFO - 127.0.0.1 - - [05/Mar/2026 18:30:54] "GET /api/test HTTP/1.1" 200 -
2026-03-05 18:31:11,230 - werkzeug - INFO - 127.0.0.1 - - [05/Mar/2026 18:31:11] "GET /api/test HTTP/1.1" 200 -
2026-03-05 18:31:18,049 - werkzeug - INFO - 127.0.0.1 - - [05/Mar/2026 18:31:18] "GET /api/test HTTP/1.1" 200 -
2026-03-05 18:31:27,231 - werkzeug - INFO - 127.0.0.1 - - [05/Mar/2026 18:31:27] "GET /api/test HTTP/1.1" 200 -
2026-03-05 18:33:25,764 - werkzeug - INFO - 127.0.0.1 - - [05/Mar/2026 18:33:25] "GET /api/test HTTP/1.1" 200 -
2026-03-05 18:33:29,078 - werkzeug - INFO - 127.0.0.1 - - [05/Mar/2026 18:33:29] "GET /api/test HTTP/1.1" 200 -
2026-03-05 18:38:52,308 - werkzeug - INFO - 127.0.0.1 - - [05/Mar/2026 18:38:52] "GET /api/test HTTP/1.1" 200 -
2026-03-05 18:39:04,842 - werkzeug - INFO - 127.0.0.1 - - [05/Mar/2026 18:39:04] "GET /api/test HTTP/1.1" 200 -
2026-03-05 18:39:46,261 - werkzeug - INFO - 127.0.0.1 - - [05/Mar/2026 18:39:46] "GET /api/test HTTP/1.1" 200 -
2026-03-05 18:40:19,945 - werkzeug - INFO - 127.0.0.1 - - [05/Mar/2026 18:40:19] "GET /api/test HTTP/1.1" 200 -
2026-03-05 18:40:29,177 - werkzeug - INFO - 127.0.0.1 - - [05/Mar/2026 18:40:29] "GET /api/test HTTP/1.1" 200 -
2026-03-05 18:41:37,736 - werkzeug - INFO - 127.0.0.1 - - [05/Mar/2026 18:41:37] "GET /api/test HTTP/1.1" 200 -
2026-03-05 18:42:22,904 - werkzeug - INFO -  * Detected change in 'C:\\Users\\pavat\\Downloads\\Python3_UpdateV8_2025_N\\Python38\\Lib\\site-packages\\tensorboard\\webfiles.zip', reloading
2026-03-05 18:42:24,512 - werkzeug - INFO -  * Restarting with watchdog (windowsapi)
2026-03-05 18:42:31,766 - __main__ - INFO - Starting Employee Productivity API...
2026-03-05 18:42:31,770 - __main__ - INFO - Loading model and preprocessor using model_utils...
2026-03-05 18:42:32,518 - __main__ - INFO -  Model and preprocessor loaded successfully.
2026-03-05 18:42:32,524 - werkzeug - WARNING -  * Debugger is active!
2026-03-05 18:42:32,529 - werkzeug - INFO -  * Debugger PIN: 403-625-082
2026-03-05 18:43:20,265 - werkzeug - INFO - 127.0.0.1 - - [05/Mar/2026 18:43:20] "GET /api/test HTTP/1.1" 200 -
2026-03-05 18:43:26,945 - werkzeug - INFO - 127.0.0.1 - - [05/Mar/2026 18:43:26] "GET /api/test HTTP/1.1" 200 -
2026-03-05 18:43:28,254 - werkzeug - INFO - 127.0.0.1 - - [05/Mar/2026 18:43:28] "GET /api/test HTTP/1.1" 200 -
2026-03-05 18:43:29,955 - werkzeug - INFO - 127.0.0.1 - - [05/Mar/2026 18:43:29] "GET /api/test HTTP/1.1" 200 -
2026-03-05 18:43:37,260 - werkzeug - INFO - 127.0.0.1 - - [05/Mar/2026 18:43:37] "GET /api/test HTTP/1.1" 200 -
2026-03-05 18:43:38,944 - werkzeug - INFO - 127.0.0.1 - - [05/Mar/2026 18:43:38] "GET /api/test HTTP/1.1" 200 -
2026-03-05 18:43:41,254 - werkzeug - INFO - 127.0.0.1 - - [05/Mar/2026 18:43:41] "GET /api/test HTTP/1.1" 200 -
2026-03-05 18:43:43,955 - werkzeug - INFO - 127.0.0.1 - - [05/Mar/2026 18:43:43] "GET /api/test HTTP/1.1" 200 -
2026-03-05 18:43:49,250 - werkzeug - INFO - 127.0.0.1 - - [05/Mar/2026 18:43:49] "GET /api/test HTTP/1.1" 200 -
2026-03-05 18:44:01,956 - werkzeug - INFO - 127.0.0.1 - - [05/Mar/2026 18:44:01] "GET /api/test HTTP/1.1" 200 -
2026-03-05 18:44:03,263 - werkzeug - INFO - 127.0.0.1 - - [05/Mar/2026 18:44:03] "GET /api/test HTTP/1.1" 200 -
2026-03-05 18:44:04,943 - werkzeug - INFO - 127.0.0.1 - - [05/Mar/2026 18:44:04] "GET /api/test HTTP/1.1" 200 -
2026-03-05 18:44:16,255 - werkzeug - INFO - 127.0.0.1 - - [05/Mar/2026 18:44:16] "GET /api/test HTTP/1.1" 200 -
2026-03-05 18:44:26,954 - werkzeug - INFO - 127.0.0.1 - - [05/Mar/2026 18:44:26] "GET /api/test HTTP/1.1" 200 -
2026-03-05 18:44:59,252 - werkzeug - INFO - 127.0.0.1 - - [05/Mar/2026 18:44:59] "GET /api/test HTTP/1.1" 200 -
2026-03-05 18:45:11,944 - werkzeug - INFO - 127.0.0.1 - - [05/Mar/2026 18:45:11] "GET /api/test HTTP/1.1" 200 -
2026-03-05 18:48:01,400 - werkzeug - INFO - 127.0.0.1 - - [05/Mar/2026 18:48:01] "GET /api/test HTTP/1.1" 200 -
2026-03-05 18:48:33,898 - werkzeug - INFO - 127.0.0.1 - - [05/Mar/2026 18:48:33] "GET /api/test HTTP/1.1" 200 -
2026-03-05 18:50:21,091 - werkzeug - INFO - 127.0.0.1 - - [05/Mar/2026 18:50:21] "GET /api/test HTTP/1.1" 200 -
2026-03-05 18:50:37,122 - werkzeug - INFO - 127.0.0.1 - - [05/Mar/2026 18:50:37] "GET /api/test HTTP/1.1" 200 -
2026-03-05 18:50:48,938 - werkzeug - INFO - 127.0.0.1 - - [05/Mar/2026 18:50:48] "GET /api/test HTTP/1.1" 200 -
2026-03-05 18:51:03,996 - werkzeug - INFO - 127.0.0.1 - - [05/Mar/2026 18:51:03] "GET /api/test HTTP/1.1" 200 -
2026-03-05 18:51:06,934 - werkzeug - INFO - 127.0.0.1 - - [05/Mar/2026 18:51:06] "GET /api/test HTTP/1.1" 200 -
2026-03-05 18:51:53,710 - werkzeug - INFO - 127.0.0.1 - - [05/Mar/2026 18:51:53] "POST /api/predict/preview HTTP/1.1" 200 -
2026-03-05 18:51:55,333 - __main__ - INFO - CSV loaded with 25 rows and columns: ['role_level', 'position', 'age', 'experience_years', 'avg_task_completion', 'attendance_rate', 'projects_handled', 'overtime_hours', 'training_hours', 'FeedBack']
2026-03-05 18:51:55,333 - __main__ - INFO - Processing 25 employees...
2026-03-05 18:51:55,422 - werkzeug - INFO - 127.0.0.1 - - [05/Mar/2026 18:51:55] "POST /api/predict/batch HTTP/1.1" 200 -
2026-03-05 18:53:00,722 - werkzeug - INFO - 127.0.0.1 - - [05/Mar/2026 18:53:00] "GET /api/test HTTP/1.1" 200 -
2026-03-05 18:53:04,972 - werkzeug - INFO - 127.0.0.1 - - [05/Mar/2026 18:53:04] "GET /api/test HTTP/1.1" 200 -
2026-03-05 18:57:28,254 - werkzeug - INFO - 127.0.0.1 - - [05/Mar/2026 18:57:28] "GET /api/test HTTP/1.1" 200 -
2026-03-05 18:58:26,419 - werkzeug - INFO - 127.0.0.1 - - [05/Mar/2026 18:58:26] "GET /api/test HTTP/1.1" 200 -
2026-03-05 18:59:38,903 - __main__ - INFO - CSV loaded with 25 rows and columns: ['role_level', 'position', 'age', 'experience_years', 'avg_task_completion', 'attendance_rate', 'projects_handled', 'overtime_hours', 'training_hours', 'FeedBack']
2026-03-05 18:59:38,905 - __main__ - INFO - Processing 25 employees...
2026-03-05 18:59:38,968 - werkzeug - INFO - 127.0.0.1 - - [05/Mar/2026 18:59:38] "POST /api/predict/batch HTTP/1.1" 200 -
2026-03-05 18:59:43,674 - werkzeug - INFO - 127.0.0.1 - - [05/Mar/2026 18:59:43] "POST /api/predict/preview HTTP/1.1" 200 -
2026-03-05 19:02:55,617 - werkzeug - INFO - 127.0.0.1 - - [05/Mar/2026 19:02:55] "GET /api/test HTTP/1.1" 200 -
2026-03-05 19:03:07,483 - __main__ - INFO - CSV loaded with 25 rows and columns: ['role_level', 'position', 'age', 'experience_years', 'avg_task_completion', 'attendance_rate', 'projects_handled', 'overtime_hours', 'training_hours', 'FeedBack']
2026-03-05 19:03:07,484 - __main__ - INFO - Processing 25 employees...
2026-03-05 19:03:07,580 - werkzeug - INFO - 127.0.0.1 - - [05/Mar/2026 19:03:07] "POST /api/predict/batch HTTP/1.1" 200 -
2026-03-05 19:03:10,319 - werkzeug - INFO - 127.0.0.1 - - [05/Mar/2026 19:03:10] "POST /api/predict/preview HTTP/1.1" 200 -
2026-03-05 19:04:22,274 - werkzeug - INFO - 127.0.0.1 - - [05/Mar/2026 19:04:22] "GET /api/test HTTP/1.1" 200 -
2026-03-05 19:04:45,855 - __main__ - INFO - CSV loaded with 25 rows and columns: ['role_level', 'position', 'age', 'experience_years', 'avg_task_completion', 'attendance_rate', 'projects_handled', 'overtime_hours', 'training_hours', 'FeedBack']
2026-03-05 19:04:45,856 - __main__ - INFO - Processing 25 employees...
2026-03-05 19:04:45,937 - werkzeug - INFO - 127.0.0.1 - - [05/Mar/2026 19:04:45] "POST /api/predict/batch HTTP/1.1" 200 -
2026-03-05 19:04:48,781 - werkzeug - INFO - 127.0.0.1 - - [05/Mar/2026 19:04:48] "POST /api/predict/preview HTTP/1.1" 200 -
2026-03-05 19:04:58,317 - werkzeug - INFO - 127.0.0.1 - - [05/Mar/2026 19:04:58] "GET /api/test HTTP/1.1" 200 -
2026-03-05 19:05:11,686 - werkzeug - INFO - 127.0.0.1 - - [05/Mar/2026 19:05:11] "POST /api/predict/preview HTTP/1.1" 200 -
2026-03-05 19:05:15,077 - __main__ - INFO - CSV loaded with 25 rows and columns: ['role_level', 'position', 'age', 'experience_years', 'avg_task_completion', 'attendance_rate', 'projects_handled', 'overtime_hours', 'training_hours', 'FeedBack']
2026-03-05 19:05:15,077 - __main__ - INFO - Processing 25 employees...
2026-03-05 19:05:15,142 - werkzeug - INFO - 127.0.0.1 - - [05/Mar/2026 19:05:15] "POST /api/predict/batch HTTP/1.1" 200 -
2026-03-05 19:05:17,680 - werkzeug - INFO - 127.0.0.1 - - [05/Mar/2026 19:05:17] "GET /api/test HTTP/1.1" 200 -
2026-03-05 19:05:45,292 - __main__ - INFO - CSV loaded with 25 rows and columns: ['role_level', 'position', 'age', 'experience_years', 'avg_task_completion', 'attendance_rate', 'projects_handled', 'overtime_hours', 'training_hours', 'FeedBack']
2026-03-05 19:05:45,292 - __main__ - INFO - Processing 25 employees...
2026-03-05 19:05:45,366 - werkzeug - INFO - 127.0.0.1 - - [05/Mar/2026 19:05:45] "POST /api/predict/batch HTTP/1.1" 200 -
2026-03-05 19:06:47,066 - werkzeug - INFO - 127.0.0.1 - - [05/Mar/2026 19:06:47] "GET /api/test HTTP/1.1" 200 -
2026-03-05 19:07:09,828 - __main__ - INFO - CSV loaded with 25 rows and columns: ['role_level', 'position', 'age', 'experience_years', 'avg_task_completion', 'attendance_rate', 'projects_handled', 'overtime_hours', 'training_hours', 'FeedBack']
2026-03-05 19:07:09,828 - __main__ - INFO - Processing 25 employees...
2026-03-05 19:07:09,898 - werkzeug - INFO - 127.0.0.1 - - [05/Mar/2026 19:07:09] "POST /api/predict/batch HTTP/1.1" 200 -
2026-03-05 19:07:13,250 - werkzeug - INFO - 127.0.0.1 - - [05/Mar/2026 19:07:13] "POST /api/predict/preview HTTP/1.1" 200 -
2026-03-05 19:11:02,271 - werkzeug - INFO - 127.0.0.1 - - [05/Mar/2026 19:11:02] "GET /api/test HTTP/1.1" 200 -
2026-03-05 19:11:55,181 - werkzeug - INFO - 127.0.0.1 - - [05/Mar/2026 19:11:55] "GET /api/test HTTP/1.1" 200 -
2026-03-05 19:16:40,751 - werkzeug - INFO - 127.0.0.1 - - [05/Mar/2026 19:16:40] "GET /api/test HTTP/1.1" 200 -
2026-03-05 19:19:51,739 - werkzeug - INFO - 127.0.0.1 - - [05/Mar/2026 19:19:51] "GET /api/test HTTP/1.1" 200 -
2026-03-05 19:22:09,223 - werkzeug - INFO - 127.0.0.1 - - [05/Mar/2026 19:22:09] "GET /api/test HTTP/1.1" 200 -
2026-03-05 19:22:26,939 - werkzeug - INFO - 127.0.0.1 - - [05/Mar/2026 19:22:26] "GET /api/test HTTP/1.1" 200 -
2026-03-05 19:22:33,132 - werkzeug - INFO - 127.0.0.1 - - [05/Mar/2026 19:22:33] "GET /api/test HTTP/1.1" 200 -
2026-03-05 19:22:37,676 - werkzeug - INFO - 127.0.0.1 - - [05/Mar/2026 19:22:37] "GET /api/test HTTP/1.1" 200 -
2026-03-05 19:22:49,710 - werkzeug - INFO - 127.0.0.1 - - [05/Mar/2026 19:22:49] "GET /api/test HTTP/1.1" 200 -
2026-03-05 19:22:56,773 - werkzeug - INFO - 127.0.0.1 - - [05/Mar/2026 19:22:56] "GET /api/test HTTP/1.1" 200 -
2026-03-05 19:53:48,336 - werkzeug - INFO - 127.0.0.1 - - [05/Mar/2026 19:53:48] "GET /api/test HTTP/1.1" 200 -
2026-03-05 19:56:37,607 - werkzeug - INFO - 127.0.0.1 - - [05/Mar/2026 19:56:37] "GET /api/test HTTP/1.1" 200 -
2026-03-05 19:56:55,287 - werkzeug - INFO - 127.0.0.1 - - [05/Mar/2026 19:56:55] "GET /api/test HTTP/1.1" 200 -
2026-03-05 22:11:39,085 - werkzeug - INFO -  * Detected change in 'C:\\Users\\pavat\\Downloads\\Python3_UpdateV8_2025_N\\Python38\\Lib\\site-packages\\tensorboard\\webfiles.zip', reloading
2026-03-05 22:11:42,979 - werkzeug - INFO -  * Restarting with watchdog (windowsapi)
2026-03-05 22:12:13,736 - __main__ - INFO - Starting Employee Productivity API...
2026-03-05 22:12:13,797 - __main__ - INFO - Loading model and preprocessor using model_utils...
2026-03-05 22:12:15,876 - __main__ - INFO -  Model and preprocessor loaded successfully.
2026-03-05 22:12:15,946 - werkzeug - WARNING -  * Debugger is active!
2026-03-05 22:12:15,967 - werkzeug - INFO -  * Debugger PIN: 403-625-082
2026-03-06 13:09:39,386 - __main__ - INFO - Starting Employee Productivity API...
2026-03-06 13:09:39,436 - __main__ - INFO - Loading model and preprocessor using model_utils...
2026-03-06 13:09:40,258 - __main__ - INFO -  Model and preprocessor loaded successfully.
2026-03-06 13:09:40,270 - werkzeug - INFO - [31m[1mWARNING: This is a development server. Do not use it in a production deployment. Use a production WSGI server instead.[0m
 * Running on all addresses (0.0.0.0)
 * Running on http://127.0.0.1:5002
 * Running on http://172.28.3.50:5002
2026-03-06 13:09:40,270 - werkzeug - INFO - [33mPress CTRL+C to quit[0m
2026-03-06 13:09:40,278 - werkzeug - INFO -  * Restarting with watchdog (windowsapi)
2026-03-06 13:09:45,997 - __main__ - INFO - Starting Employee Productivity API...
2026-03-06 13:09:45,998 - __main__ - INFO - Loading model and preprocessor using model_utils...
2026-03-06 13:09:46,754 - __main__ - INFO -  Model and preprocessor loaded successfully.
2026-03-06 13:09:46,761 - werkzeug - WARNING -  * Debugger is active!
2026-03-06 13:09:46,769 - werkzeug - INFO -  * Debugger PIN: 403-625-082
2026-03-06 13:10:19,708 - werkzeug - INFO - 127.0.0.1 - - [06/Mar/2026 13:10:19] "GET /api/test HTTP/1.1" 200 -
2026-03-06 13:13:11,677 - werkzeug - INFO - 127.0.0.1 - - [06/Mar/2026 13:13:11] "GET /api/test HTTP/1.1" 200 -
2026-03-06 13:19:41,135 - werkzeug - INFO - 127.0.0.1 - - [06/Mar/2026 13:19:41] "GET /api/test HTTP/1.1" 200 -
2026-03-06 13:23:03,372 - werkzeug - INFO - 127.0.0.1 - - [06/Mar/2026 13:23:03] "GET /api/test HTTP/1.1" 200 -
2026-03-06 13:24:38,759 - werkzeug - INFO - 127.0.0.1 - - [06/Mar/2026 13:24:38] "GET /api/test HTTP/1.1" 200 -
2026-03-06 13:24:58,324 - __main__ - INFO - CSV loaded with 25 rows and columns: ['role_level', 'position', 'age', 'experience_years', 'avg_task_completion', 'attendance_rate', 'projects_handled', 'overtime_hours', 'training_hours', 'FeedBack']
2026-03-06 13:24:58,325 - __main__ - INFO - Processing 25 employees...
2026-03-06 13:24:58,339 - werkzeug - INFO -  * Detected change in 'C:\\Users\\pavat\\Downloads\\Python3_UpdateV8_2025_N\\Python38\\Lib\\site-packages\\sklearn\\preprocessing\\_encoders.py', reloading
2026-03-06 13:24:58,666 - werkzeug - INFO -  * Detected change in 'C:\\Users\\pavat\\Downloads\\Python3_UpdateV8_2025_N\\Python38\\Lib\\site-packages\\keras\\engine\\training.py', reloading
2026-03-06 13:24:59,346 - werkzeug - INFO -  * Restarting with watchdog (windowsapi)
2026-03-06 13:25:08,517 - __main__ - INFO - Starting Employee Productivity API...
2026-03-06 13:25:08,520 - __main__ - INFO - Loading model and preprocessor using model_utils...
2026-03-06 13:25:09,220 - __main__ - INFO -  Model and preprocessor loaded successfully.
2026-03-06 13:25:09,227 - werkzeug - WARNING -  * Debugger is active!
2026-03-06 13:25:09,233 - werkzeug - INFO -  * Debugger PIN: 403-625-082
2026-03-06 13:25:09,268 - __main__ - INFO - CSV loaded with 25 rows and columns: ['role_level', 'position', 'age', 'experience_years', 'avg_task_completion', 'attendance_rate', 'projects_handled', 'overtime_hours', 'training_hours', 'FeedBack']
2026-03-06 13:25:09,269 - __main__ - INFO - Processing 25 employees...
2026-03-06 13:25:09,532 - werkzeug - INFO - 127.0.0.1 - - [06/Mar/2026 13:25:09] "POST /api/predict/batch HTTP/1.1" 200 -
2026-03-06 13:25:18,076 - werkzeug - INFO - 127.0.0.1 - - [06/Mar/2026 13:25:18] "POST /api/predict/preview HTTP/1.1" 200 -
2026-03-06 15:47:22,113 - werkzeug - INFO - 127.0.0.1 - - [06/Mar/2026 15:47:22] "GET /api/test HTTP/1.1" 200 -
2026-03-06 16:26:19,926 - werkzeug - INFO - 127.0.0.1 - - [06/Mar/2026 16:26:19] "GET /api/test HTTP/1.1" 200 -
2026-03-06 16:44:28,549 - werkzeug - INFO - 127.0.0.1 - - [06/Mar/2026 16:44:28] "GET /api/test HTTP/1.1" 200 -
2026-03-06 16:44:47,669 - __main__ - INFO - CSV loaded with 25 rows and columns: ['role_level', 'position', 'age', 'experience_years', 'avg_task_completion', 'attendance_rate', 'projects_handled', 'overtime_hours', 'training_hours', 'FeedBack']
2026-03-06 16:44:47,671 - __main__ - INFO - Processing 25 employees...
2026-03-06 16:44:48,887 - werkzeug - INFO - 127.0.0.1 - - [06/Mar/2026 16:44:48] "POST /api/predict/batch HTTP/1.1" 200 -
2026-03-06 16:44:54,139 - werkzeug - INFO - 127.0.0.1 - - [06/Mar/2026 16:44:54] "POST /api/predict/preview HTTP/1.1" 200 -
2026-03-06 16:45:01,547 - __main__ - INFO - Results folder absolute path: C:\Users\pavat\Desktop\HRReactWeb_AppV26\HRReactWeb_AppV26\results
2026-03-06 16:45:01,548 - __main__ - INFO - Download requested - filename: productivity_results_20260306_164448.csv
2026-03-06 16:45:01,548 - __main__ - INFO - Full file path: C:\Users\pavat\Desktop\HRReactWeb_AppV26\HRReactWeb_AppV26\results\productivity_results_20260306_164448.csv
2026-03-06 16:45:01,549 - __main__ - INFO - File found, size: 1884 bytes
2026-03-06 16:45:01,559 - werkzeug - INFO - 127.0.0.1 - - [06/Mar/2026 16:45:01] "GET /api/download/productivity_results_20260306_164448.csv HTTP/1.1" 200 -
2026-03-06 16:47:53,569 - werkzeug - INFO - 127.0.0.1 - - [06/Mar/2026 16:47:53] "GET /api/test HTTP/1.1" 200 -
2026-03-06 17:50:04,571 - werkzeug - INFO - 127.0.0.1 - - [06/Mar/2026 17:50:04] "GET /api/test HTTP/1.1" 200 -
2026-03-06 17:50:33,852 - werkzeug - INFO - 127.0.0.1 - - [06/Mar/2026 17:50:33] "GET /api/test HTTP/1.1" 200 -
2026-03-06 17:50:40,579 - werkzeug - INFO - 127.0.0.1 - - [06/Mar/2026 17:50:40] "GET /api/test HTTP/1.1" 200 -
2026-03-06 20:11:08,264 - werkzeug - INFO - 127.0.0.1 - - [06/Mar/2026 20:11:08] "GET /api/test HTTP/1.1" 200 -
2026-03-06 20:11:32,606 - werkzeug - INFO - 127.0.0.1 - - [06/Mar/2026 20:11:32] "GET /api/test HTTP/1.1" 200 -
2026-03-06 20:11:38,545 - werkzeug - INFO - 127.0.0.1 - - [06/Mar/2026 20:11:38] "GET /api/test HTTP/1.1" 200 -
2026-03-06 20:13:49,857 - werkzeug - INFO - 127.0.0.1 - - [06/Mar/2026 20:13:49] "GET /api/test HTTP/1.1" 200 -
2026-03-06 20:13:55,474 - werkzeug - INFO - 127.0.0.1 - - [06/Mar/2026 20:13:55] "GET /api/test HTTP/1.1" 200 -
2026-03-06 20:14:16,805 - __main__ - INFO - CSV loaded with 25 rows and columns: ['role_level', 'position', 'age', 'experience_years', 'avg_task_completion', 'attendance_rate', 'projects_handled', 'overtime_hours', 'training_hours', 'FeedBack']
2026-03-06 20:14:16,810 - __main__ - INFO - Processing 25 employees...
2026-03-06 20:14:17,479 - werkzeug - INFO - 127.0.0.1 - - [06/Mar/2026 20:14:17] "POST /api/predict/batch HTTP/1.1" 200 -
2026-03-06 20:14:22,309 - werkzeug - INFO - 127.0.0.1 - - [06/Mar/2026 20:14:22] "POST /api/predict/preview HTTP/1.1" 200 -
2026-03-06 20:16:47,553 - __main__ - INFO - Results folder absolute path: C:\Users\pavat\Desktop\HRReactWeb_AppV26\HRReactWeb_AppV26\results
2026-03-06 20:16:47,553 - __main__ - INFO - Download requested - filename: productivity_results_20260306_201417.csv
2026-03-06 20:16:47,554 - __main__ - INFO - Full file path: C:\Users\pavat\Desktop\HRReactWeb_AppV26\HRReactWeb_AppV26\results\productivity_results_20260306_201417.csv
2026-03-06 20:16:47,555 - __main__ - INFO - File found, size: 1884 bytes
2026-03-06 20:16:47,572 - werkzeug - INFO - 127.0.0.1 - - [06/Mar/2026 20:16:47] "GET /api/download/productivity_results_20260306_201417.csv HTTP/1.1" 200 -
2026-03-06 20:22:24,851 - werkzeug - INFO -  * Detected change in 'C:\\Users\\pavat\\AppData\\Local\\Temp\\36fed7a9-452e-492d-bba7-23ab32efaf71_Untitled (10).zip.Untitled (10).zip', reloading
2026-03-06 20:22:24,851 - werkzeug - INFO -  * Detected change in 'C:\\Users\\pavat\\AppData\\Local\\Temp\\40ac0440-1239-4886-8408-1b72e160f7dc_Untitled (10).zip.Untitled (10).zip', reloading
2026-03-06 20:22:24,865 - werkzeug - INFO -  * Detected change in 'C:\\Users\\pavat\\AppData\\Local\\Temp\\423e3616-8e50-450c-a73c-e95d39f224b6_Cheat Sheet (2).zip.Cheat Sheet (2).zip', reloading
2026-03-06 20:22:24,865 - werkzeug - INFO -  * Detected change in 'C:\\Users\\pavat\\AppData\\Local\\Temp\\4a56db2b-8c65-434b-a036-f3eb61172ddf_Cheat Sheet (3).zip.Cheat Sheet (3).zip', reloading
2026-03-06 20:22:24,897 - werkzeug - INFO -  * Detected change in 'C:\\Users\\pavat\\AppData\\Local\\Temp\\6a16cf10-78a1-4abc-9759-50cf532fa999_Cheat Sheet (2).zip.Cheat Sheet (2).zip', reloading
2026-03-06 20:22:24,897 - werkzeug - INFO -  * Detected change in 'C:\\Users\\pavat\\AppData\\Local\\Temp\\6a397fa2-3023-464c-956d-76bca1bcd3e7_Untitled (10).zip.Untitled (10).zip', reloading
2026-03-06 20:22:24,897 - werkzeug - INFO -  * Detected change in 'C:\\Users\\pavat\\AppData\\Local\\Temp\\715605aa-2dde-4bf3-a1c3-1118b7a0c061_Cheat Sheet (1).zip.Cheat Sheet (1).zip', reloading
2026-03-06 20:22:24,913 - werkzeug - INFO -  * Detected change in 'C:\\Users\\pavat\\AppData\\Local\\Temp\\7d33b7a0-e17b-413e-8d33-48e5ff408b69_Cheat Sheet (2).zip.Cheat Sheet (2).zip', reloading
2026-03-06 20:22:24,915 - werkzeug - INFO -  * Detected change in 'C:\\Users\\pavat\\AppData\\Local\\Temp\\899434f6-69dd-4b0d-bf96-3b8d7fc6f5a1_Cheat Sheet (4).zip.Cheat Sheet (4).zip', reloading
2026-03-06 20:22:24,915 - werkzeug - INFO -  * Detected change in 'C:\\Users\\pavat\\AppData\\Local\\Temp\\8bd59467-0891-44e7-bf01-18d3bf830d92_Cheat Sheet (2).zip.Cheat Sheet (2).zip', reloading
2026-03-06 20:22:24,916 - werkzeug - INFO -  * Detected change in 'C:\\Users\\pavat\\AppData\\Local\\Temp\\8d7d9dd0-a24d-4ee4-b13e-8e8d8c93a319_Cheat Sheet (4).zip.Cheat Sheet (4).zip', reloading
2026-03-06 20:22:24,919 - werkzeug - INFO -  * Detected change in 'C:\\Users\\pavat\\AppData\\Local\\Temp\\b4e5da4b-f7f4-4b3f-aea4-975b77915658_Untitled (10).zip.Untitled (10).zip', reloading
2026-03-06 20:22:24,920 - werkzeug - INFO -  * Detected change in 'C:\\Users\\pavat\\AppData\\Local\\Temp\\c1372e61-a5cd-422e-8363-e0a84aac0072_Cheat Sheet (1).zip.Cheat Sheet (1).zip', reloading
2026-03-06 20:22:27,133 - werkzeug - INFO -  * Restarting with watchdog (windowsapi)
2026-03-06 20:23:21,512 - __main__ - INFO - Starting Employee Productivity API...
2026-03-06 20:23:21,550 - __main__ - INFO - Loading model and preprocessor using model_utils...
2026-03-06 20:23:22,402 - __main__ - INFO -  Model and preprocessor loaded successfully.
2026-03-06 20:23:22,408 - werkzeug - WARNING -  * Debugger is active!
2026-03-06 20:23:22,414 - werkzeug - INFO -  * Debugger PIN: 403-625-082
2026-03-06 22:59:42,790 - werkzeug - INFO -  * Detected change in 'C:\\Users\\pavat\\Desktop\\HRReactWeb_AppV26\\HRReactWeb_AppV26\\MasterAPI.py', reloading
2026-03-06 22:59:44,597 - werkzeug - INFO -  * Restarting with watchdog (windowsapi)
2026-03-06 22:59:54,246 - __main__ - INFO - Starting Employee Productivity API...
2026-03-06 22:59:54,251 - __main__ - INFO - Loading model and preprocessor using model_utils...
2026-03-06 22:59:55,106 - __main__ - INFO -  Model and preprocessor loaded successfully.
2026-03-06 22:59:55,116 - werkzeug - WARNING -  * Debugger is active!
2026-03-06 22:59:55,123 - werkzeug - INFO -  * Debugger PIN: 403-625-082
2026-03-06 23:00:09,331 - werkzeug - INFO -  * Detected change in 'C:\\Users\\pavat\\Desktop\\HRReactWeb_AppV26\\HRReactWeb_AppV26\\Cv_Screen\\config.py', reloading
2026-03-06 23:00:09,340 - werkzeug - INFO -  * Detected change in 'C:\\Users\\pavat\\Desktop\\HRReactWeb_AppV26\\HRReactWeb_AppV26\\Cv_Screen\\Data_Validators.py', reloading
2026-03-06 23:00:09,845 - werkzeug - INFO -  * Restarting with watchdog (windowsapi)
2026-03-06 23:00:19,043 - __main__ - INFO - Starting Employee Productivity API...
2026-03-06 23:00:19,046 - __main__ - INFO - Loading model and preprocessor using model_utils...
2026-03-06 23:00:19,973 - __main__ - INFO -  Model and preprocessor loaded successfully.
2026-03-06 23:00:19,981 - werkzeug - WARNING -  * Debugger is active!
2026-03-06 23:00:19,989 - werkzeug - INFO -  * Debugger PIN: 403-625-082
2026-03-06 23:04:43,438 - werkzeug - INFO -  * Detected change in 'C:\\Users\\pavat\\Desktop\\HRReactWeb_AppV26\\HRReactWeb_AppV26\\frontend\\node_modules\\flatted\\python\\flatted.py', reloading
2026-03-06 23:04:43,446 - werkzeug - INFO -  * Detected change in 'C:\\Users\\pavat\\Desktop\\HRReactWeb_AppV26\\HRReactWeb_AppV26\\frontend\\node_modules\\flatted\\python\\test.py', reloading
2026-03-06 23:04:44,421 - werkzeug - INFO -  * Restarting with watchdog (windowsapi)
2026-03-06 23:04:59,450 - __main__ - INFO - Starting Employee Productivity API...
2026-03-06 23:04:59,458 - __main__ - INFO - Loading model and preprocessor using model_utils...
2026-03-06 23:05:00,874 - __main__ - INFO -  Model and preprocessor loaded successfully.
2026-03-06 23:05:00,884 - werkzeug - WARNING -  * Debugger is active!
2026-03-06 23:05:00,893 - werkzeug - INFO -  * Debugger PIN: 403-625-082
2026-03-06 23:07:58,560 - werkzeug - INFO -  * Detected change in 'C:\\Users\\pavat\\Desktop\\HRReactWeb_AppV26\\HRReactWeb_AppV26\\Performance_Productivity\\Accuracy.py', reloading
2026-03-06 23:07:58,608 - werkzeug - INFO -  * Detected change in 'C:\\Users\\pavat\\Desktop\\HRReactWeb_AppV26\\HRReactWeb_AppV26\\Performance_Productivity\\Load_Data.py', reloading
2026-03-06 23:07:58,616 - werkzeug - INFO -  * Detected change in 'C:\\Users\\pavat\\Desktop\\HRReactWeb_AppV26\\HRReactWeb_AppV26\\Performance_Productivity\\modelTrain.py', reloading
2026-03-06 23:07:58,627 - werkzeug - INFO -  * Detected change in 'C:\\Users\\pavat\\Desktop\\HRReactWeb_AppV26\\HRReactWeb_AppV26\\Performance_Productivity\\model_utils.py', reloading
2026-03-06 23:07:58,646 - werkzeug - INFO -  * Detected change in 'C:\\Users\\pavat\\Desktop\\HRReactWeb_AppV26\\HRReactWeb_AppV26\\Performance_Productivity\\predict_main.py', reloading
2026-03-06 23:08:00,224 - werkzeug - INFO -  * Restarting with watchdog (windowsapi)
2026-03-06 23:08:12,563 - __main__ - INFO - Starting Employee Productivity API...
2026-03-06 23:08:12,566 - __main__ - INFO - Loading model and preprocessor using model_utils...
2026-03-06 23:08:13,630 - __main__ - INFO -  Model and preprocessor loaded successfully.
2026-03-06 23:08:13,647 - werkzeug - WARNING -  * Debugger is active!
2026-03-06 23:08:13,665 - werkzeug - INFO -  * Debugger PIN: 403-625-082
2026-03-06 23:12:12,988 - werkzeug - INFO - 127.0.0.1 - - [06/Mar/2026 23:12:12] "GET /api/test HTTP/1.1" 200 -
2026-03-06 23:12:28,030 - werkzeug - INFO - 127.0.0.1 - - [06/Mar/2026 23:12:28] "GET /api/test HTTP/1.1" 200 -
2026-03-06 23:41:05,259 - werkzeug - INFO -  * Detected change in 'C:\\Users\\pavat\\Desktop\\HRReactWeb_AppV26\\HRReactWeb_AppV26\\frontend\\build.zip', reloading
2026-03-06 23:41:06,292 - werkzeug - INFO -  * Restarting with watchdog (windowsapi)
2026-03-06 23:41:17,011 - __main__ - INFO - Starting Employee Productivity API...
2026-03-06 23:41:17,087 - __main__ - INFO - Loading model and preprocessor using model_utils...
2026-03-06 23:41:17,718 - __main__ - INFO -  Model and preprocessor loaded successfully.
2026-03-06 23:41:17,723 - werkzeug - WARNING -  * Debugger is active!
2026-03-06 23:41:17,728 - werkzeug - INFO -  * Debugger PIN: 403-625-082
2026-03-06 23:41:49,438 - werkzeug - INFO -  * Detected change in 'C:\\Users\\pavat\\Desktop\\HRReactWeb_AppV26\\HRReactWeb_AppV26\\frontend\\build.zip', reloading
2026-03-06 23:41:50,596 - werkzeug - INFO -  * Restarting with watchdog (windowsapi)
2026-03-06 23:41:56,093 - __main__ - INFO - Starting Employee Productivity API...
2026-03-06 23:41:56,095 - __main__ - INFO - Loading model and preprocessor using model_utils...
2026-03-06 23:41:56,695 - __main__ - INFO -  Model and preprocessor loaded successfully.
2026-03-06 23:41:56,701 - werkzeug - WARNING -  * Debugger is active!
2026-03-06 23:41:56,704 - werkzeug - INFO -  * Debugger PIN: 403-625-082
2026-03-07 02:01:25,364 - __main__ - INFO - CSV loaded with 25 rows and columns: ['role_level', 'position', 'age', 'experience_years', 'avg_task_completion', 'attendance_rate', 'projects_handled', 'overtime_hours', 'training_hours', 'FeedBack']
2026-03-07 02:01:25,366 - __main__ - INFO - Processing 25 employees...
2026-03-07 02:01:25,403 - werkzeug - INFO -  * Detected change in 'C:\\Users\\pavat\\Downloads\\Python3_UpdateV8_2025_N\\Python38\\Lib\\site-packages\\sklearn\\preprocessing\\_encoders.py', reloading
2026-03-07 02:01:25,721 - werkzeug - INFO -  * Detected change in 'C:\\Users\\pavat\\Downloads\\Python3_UpdateV8_2025_N\\Python38\\Lib\\site-packages\\keras\\engine\\training.py', reloading
2026-03-07 02:01:25,916 - werkzeug - INFO -  * Detected change in 'C:\\Users\\pavat\\Desktop\\HRReactWeb_AppV26\\HRReactWeb_AppV26\\Employee_Retention\\API.py', reloading
2026-03-07 02:01:25,964 - werkzeug - INFO -  * Detected change in 'C:\\Users\\pavat\\Desktop\\HRReactWeb_AppV26\\HRReactWeb_AppV26\\Cv_Screen\\API.py', reloading
2026-03-07 02:01:26,028 - werkzeug - INFO - 127.0.0.1 - - [07/Mar/2026 02:01:26] "POST /api/predict/batch HTTP/1.1" 200 -
2026-03-07 02:01:26,964 - werkzeug - INFO -  * Restarting with watchdog (windowsapi)
2026-03-07 02:01:34,797 - __main__ - INFO - Starting Employee Productivity API...
2026-03-07 02:01:34,800 - __main__ - INFO - Loading model and preprocessor using model_utils...
2026-03-07 02:01:35,405 - __main__ - INFO -  Model and preprocessor loaded successfully.
2026-03-07 02:01:35,411 - werkzeug - WARNING -  * Debugger is active!
2026-03-07 02:01:35,416 - werkzeug - INFO -  * Debugger PIN: 403-625-082
2026-03-07 02:02:26,702 - werkzeug - INFO - 127.0.0.1 - - [07/Mar/2026 02:02:26] "POST /api/predict/preview HTTP/1.1" 200 -
2026-03-07 11:19:32,697 - __main__ - INFO - Starting Employee Productivity API...
2026-03-07 11:19:32,705 - __main__ - INFO - Loading model and preprocessor using model_utils...
2026-03-07 11:19:34,663 - __main__ - INFO -  Model and preprocessor loaded successfully.
2026-03-07 11:19:34,680 - werkzeug - INFO - [31m[1mWARNING: This is a development server. Do not use it in a production deployment. Use a production WSGI server instead.[0m
 * Running on all addresses (0.0.0.0)
 * Running on http://127.0.0.1:5002
 * Running on http://172.28.22.173:5002
2026-03-07 11:19:34,681 - werkzeug - INFO - [33mPress CTRL+C to quit[0m
2026-03-07 11:19:34,701 - werkzeug - INFO -  * Restarting with watchdog (windowsapi)
2026-03-07 11:19:46,478 - __main__ - INFO - Starting Employee Productivity API...
2026-03-07 11:19:46,479 - __main__ - INFO - Loading model and preprocessor using model_utils...
2026-03-07 11:19:47,477 - __main__ - INFO -  Model and preprocessor loaded successfully.
2026-03-07 11:19:47,490 - werkzeug - WARNING -  * Debugger is active!
2026-03-07 11:19:47,502 - werkzeug - INFO -  * Debugger PIN: 403-625-082
2026-03-07 11:21:57,330 - werkzeug - INFO - 127.0.0.1 - - [07/Mar/2026 11:21:57] "GET /api/test HTTP/1.1" 200 -
2026-03-07 11:22:05,861 - __main__ - INFO - CSV loaded with 25 rows and columns: ['role_level', 'position', 'age', 'experience_years', 'avg_task_completion', 'attendance_rate', 'projects_handled', 'overtime_hours', 'training_hours', 'FeedBack']
2026-03-07 11:22:05,861 - __main__ - INFO - Processing 25 employees...
2026-03-07 11:22:05,889 - werkzeug - INFO -  * Detected change in 'C:\\Users\\pavat\\Downloads\\Python3_UpdateV8_2025_N\\Python38\\Lib\\site-packages\\sklearn\\preprocessing\\_encoders.py', reloading
2026-03-07 11:22:06,777 - werkzeug - INFO -  * Restarting with watchdog (windowsapi)
2026-03-07 11:22:17,635 - __main__ - INFO - Starting Employee Productivity API...
2026-03-07 11:22:17,641 - __main__ - INFO - Loading model and preprocessor using model_utils...
2026-03-07 11:22:18,701 - __main__ - INFO -  Model and preprocessor loaded successfully.
2026-03-07 11:22:18,710 - werkzeug - WARNING -  * Debugger is active!
2026-03-07 11:22:18,718 - werkzeug - INFO -  * Debugger PIN: 403-625-082
2026-03-07 11:22:18,761 - __main__ - INFO - CSV loaded with 25 rows and columns: ['role_level', 'position', 'age', 'experience_years', 'avg_task_completion', 'attendance_rate', 'projects_handled', 'overtime_hours', 'training_hours', 'FeedBack']
2026-03-07 11:22:18,761 - __main__ - INFO - Processing 25 employees...
2026-03-07 11:22:18,881 - werkzeug - INFO -  * Detected change in 'C:\\Users\\pavat\\Downloads\\Python3_UpdateV8_2025_N\\Python38\\Lib\\site-packages\\keras\\engine\\training.py', reloading
2026-03-07 11:22:19,333 - werkzeug - INFO - 127.0.0.1 - - [07/Mar/2026 11:22:19] "POST /api/predict/batch HTTP/1.1" 200 -
2026-03-07 11:22:20,550 - werkzeug - INFO -  * Restarting with watchdog (windowsapi)
2026-03-07 11:22:31,376 - __main__ - INFO - Starting Employee Productivity API...
2026-03-07 11:22:31,377 - __main__ - INFO - Loading model and preprocessor using model_utils...
2026-03-07 11:22:32,183 - __main__ - INFO -  Model and preprocessor loaded successfully.
2026-03-07 11:22:32,193 - werkzeug - WARNING -  * Debugger is active!
2026-03-07 11:22:32,198 - werkzeug - INFO -  * Debugger PIN: 403-625-082
2026-03-07 11:23:11,111 - werkzeug - INFO - 127.0.0.1 - - [07/Mar/2026 11:23:11] "POST /api/predict/preview HTTP/1.1" 200 -
2026-03-07 11:50:15,388 - werkzeug - INFO -  * Detected change in 'C:\\Users\\pavat\\Downloads\\Python3_UpdateV8_2025_N\\Python38\\Lib\\site-packages\\pdfplumber\\pdf.py', reloading
2026-03-07 11:50:15,409 - werkzeug - INFO -  * Detected change in 'C:\\Users\\pavat\\Downloads\\Python3_UpdateV8_2025_N\\Python38\\Lib\\site-packages\\pdfplumber\\container.py', reloading
2026-03-07 11:50:16,762 - werkzeug - INFO -  * Restarting with watchdog (windowsapi)
2026-03-07 11:52:12,621 - __main__ - INFO - Starting Employee Productivity API...
2026-03-07 11:52:12,669 - __main__ - INFO - Loading model and preprocessor using model_utils...
2026-03-07 11:52:13,802 - __main__ - INFO -  Model and preprocessor loaded successfully.
2026-03-07 11:52:13,819 - werkzeug - INFO - [31m[1mWARNING: This is a development server. Do not use it in a production deployment. Use a production WSGI server instead.[0m
 * Running on all addresses (0.0.0.0)
 * Running on http://127.0.0.1:5002
 * Running on http://172.18.77.123:5002
2026-03-07 11:52:13,819 - werkzeug - INFO - [33mPress CTRL+C to quit[0m
2026-03-07 11:52:13,836 - werkzeug - INFO -  * Restarting with watchdog (windowsapi)
2026-03-07 11:52:21,603 - __main__ - INFO - Starting Employee Productivity API...
2026-03-07 11:52:21,606 - __main__ - INFO - Loading model and preprocessor using model_utils...
2026-03-07 11:52:22,733 - __main__ - INFO -  Model and preprocessor loaded successfully.
2026-03-07 11:52:22,746 - werkzeug - WARNING -  * Debugger is active!
2026-03-07 11:52:22,755 - werkzeug - INFO -  * Debugger PIN: 403-625-082
2026-03-07 11:54:52,025 - werkzeug - INFO -  * Detected change in 'C:\\Users\\pavat\\Desktop\\HRReactWeb_AppV26\\HRReactWeb_AppV26\\Cv_Screen\\API.py', reloading
2026-03-07 11:54:52,026 - werkzeug - INFO -  * Detected change in 'C:\\Users\\pavat\\Desktop\\HRReactWeb_AppV26\\HRReactWeb_AppV26\\Cv_Screen\\API.py', reloading
2026-03-07 11:54:53,400 - werkzeug - INFO -  * Restarting with watchdog (windowsapi)
2026-03-07 11:55:00,134 - __main__ - INFO - Starting Employee Productivity API...
2026-03-07 11:55:00,137 - __main__ - INFO - Loading model and preprocessor using model_utils...
2026-03-07 11:55:00,988 - __main__ - INFO -  Model and preprocessor loaded successfully.
2026-03-07 11:55:00,994 - werkzeug - WARNING -  * Debugger is active!
2026-03-07 11:55:00,999 - werkzeug - INFO -  * Debugger PIN: 403-625-082
2026-03-07 11:59:14,985 - werkzeug - INFO -  * Detected change in 'C:\\Users\\pavat\\Desktop\\HRReactWeb_AppV26\\HRReactWeb_AppV26\\Cv_Screen\\API.py', reloading
2026-03-07 11:59:14,987 - werkzeug - INFO -  * Detected change in 'C:\\Users\\pavat\\Desktop\\HRReactWeb_AppV26\\HRReactWeb_AppV26\\Cv_Screen\\API.py', reloading
2026-03-07 11:59:15,776 - werkzeug - INFO -  * Restarting with watchdog (windowsapi)
2026-03-07 11:59:21,097 - __main__ - INFO - Starting Employee Productivity API...
2026-03-07 11:59:21,098 - __main__ - INFO - Loading model and preprocessor using model_utils...
2026-03-07 11:59:21,589 - __main__ - INFO -  Model and preprocessor loaded successfully.
2026-03-07 11:59:21,595 - werkzeug - WARNING -  * Debugger is active!
2026-03-07 11:59:21,596 - werkzeug - INFO -  * Debugger PIN: 403-625-082
2026-03-07 12:00:05,888 - werkzeug - INFO -  * Detected change in 'C:\\Users\\pavat\\Downloads\\Python3_UpdateV8_2025_N\\Python38\\Lib\\site-packages\\flask\\helpers.py', reloading
2026-03-07 12:00:05,906 - werkzeug - INFO -  * Detected change in 'C:\\Users\\pavat\\Downloads\\Python3_UpdateV8_2025_N\\Python38\\Lib\\site-packages\\werkzeug\\utils.py', reloading
2026-03-07 12:00:06,663 - werkzeug - INFO -  * Restarting with watchdog (windowsapi)
2026-03-07 12:00:13,228 - __main__ - INFO - Starting Employee Productivity API...
2026-03-07 12:00:13,231 - __main__ - INFO - Loading model and preprocessor using model_utils...
2026-03-07 12:00:13,995 - __main__ - INFO -  Model and preprocessor loaded successfully.
2026-03-07 12:00:14,002 - werkzeug - WARNING -  * Debugger is active!
2026-03-07 12:00:14,009 - werkzeug - INFO -  * Debugger PIN: 403-625-082
2026-03-07 12:03:05,758 - werkzeug - INFO -  * Detected change in 'C:\\Users\\pavat\\Desktop\\HRReactWeb_AppV26\\HRReactWeb_AppV26\\Cv_Screen\\API.py', reloading
2026-03-07 12:03:05,759 - werkzeug - INFO -  * Detected change in 'C:\\Users\\pavat\\Desktop\\HRReactWeb_AppV26\\HRReactWeb_AppV26\\Cv_Screen\\API.py', reloading
2026-03-07 12:03:05,759 - werkzeug - INFO -  * Detected change in 'C:\\Users\\pavat\\Desktop\\HRReactWeb_AppV26\\HRReactWeb_AppV26\\Cv_Screen\\API.py', reloading
2026-03-07 12:03:05,760 - werkzeug - INFO -  * Detected change in 'C:\\Users\\pavat\\Desktop\\HRReactWeb_AppV26\\HRReactWeb_AppV26\\Cv_Screen\\API.py', reloading
2026-03-07 12:03:07,118 - werkzeug - INFO -  * Restarting with watchdog (windowsapi)
2026-03-07 12:03:12,871 - __main__ - INFO - Starting Employee Productivity API...
2026-03-07 12:03:12,873 - __main__ - INFO - Loading model and preprocessor using model_utils...
2026-03-07 12:03:13,367 - __main__ - INFO -  Model and preprocessor loaded successfully.
2026-03-07 12:03:13,372 - werkzeug - WARNING -  * Debugger is active!
2026-03-07 12:03:13,375 - werkzeug - INFO -  * Debugger PIN: 403-625-082
2026-03-07 12:13:27,249 - werkzeug - INFO -  * Detected change in 'C:\\Users\\pavat\\Desktop\\HRReactWeb_AppV26\\HRReactWeb_AppV26\\Cv_Screen\\API.py', reloading
2026-03-07 12:13:27,251 - werkzeug - INFO -  * Detected change in 'C:\\Users\\pavat\\Desktop\\HRReactWeb_AppV26\\HRReactWeb_AppV26\\Cv_Screen\\API.py', reloading
2026-03-07 12:13:27,254 - werkzeug - INFO -  * Detected change in 'C:\\Users\\pavat\\Desktop\\HRReactWeb_AppV26\\HRReactWeb_AppV26\\Cv_Screen\\API.py', reloading
2026-03-07 12:13:28,386 - werkzeug - INFO -  * Restarting with watchdog (windowsapi)
2026-03-07 12:13:33,383 - __main__ - INFO - Starting Employee Productivity API...
2026-03-07 12:13:33,385 - __main__ - INFO - Loading model and preprocessor using model_utils...
2026-03-07 12:13:33,879 - __main__ - INFO -  Model and preprocessor loaded successfully.
2026-03-07 12:13:33,883 - werkzeug - WARNING -  * Debugger is active!
2026-03-07 12:13:33,886 - werkzeug - INFO -  * Debugger PIN: 403-625-082
2026-03-07 12:22:19,822 - werkzeug - INFO -  * Detected change in 'C:\\Users\\pavat\\Desktop\\HRReactWeb_AppV26\\HRReactWeb_AppV26\\Cv_Screen\\API.py', reloading
2026-03-07 12:22:19,822 - werkzeug - INFO -  * Detected change in 'C:\\Users\\pavat\\Desktop\\HRReactWeb_AppV26\\HRReactWeb_AppV26\\Cv_Screen\\API.py', reloading
2026-03-07 12:22:19,823 - werkzeug - INFO -  * Detected change in 'C:\\Users\\pavat\\Desktop\\HRReactWeb_AppV26\\HRReactWeb_AppV26\\Cv_Screen\\API.py', reloading
2026-03-07 12:22:20,723 - werkzeug - INFO -  * Restarting with watchdog (windowsapi)
2026-03-07 12:22:27,582 - __main__ - INFO - Starting Employee Productivity API...
2026-03-07 12:22:27,583 - __main__ - INFO - Loading model and preprocessor using model_utils...
2026-03-07 12:22:28,170 - __main__ - INFO -  Model and preprocessor loaded successfully.
2026-03-07 12:22:28,178 - werkzeug - WARNING -  * Debugger is active!
2026-03-07 12:22:28,182 - werkzeug - INFO -  * Debugger PIN: 403-625-082
2026-03-07 12:23:40,397 - werkzeug - INFO - 127.0.0.1 - - [07/Mar/2026 12:23:40] "GET /api/test HTTP/1.1" 200 -
2026-03-07 12:25:20,477 - werkzeug - INFO -  * Detected change in 'C:\\Users\\pavat\\Downloads\\Python3_UpdateV8_2025_N\\Python38\\Lib\\site-packages\\keras\\engine\\training.py', reloading
2026-03-07 12:25:20,758 - werkzeug - INFO - 127.0.0.1 - - [07/Mar/2026 12:25:20] "POST /api/predict/preview HTTP/1.1" 200 -
2026-03-07 12:25:21,456 - werkzeug - INFO -  * Restarting with watchdog (windowsapi)
2026-03-07 12:25:29,868 - __main__ - INFO - Starting Employee Productivity API...
2026-03-07 12:25:29,871 - __main__ - INFO - Loading model and preprocessor using model_utils...
2026-03-07 12:25:30,681 - __main__ - INFO -  Model and preprocessor loaded successfully.
2026-03-07 12:25:30,689 - werkzeug - WARNING -  * Debugger is active!
2026-03-07 12:25:30,695 - werkzeug - INFO -  * Debugger PIN: 403-625-082
2026-03-07 12:25:30,733 - __main__ - INFO - CSV loaded with 25 rows and columns: ['role_level', 'position', 'age', 'experience_years', 'avg_task_completion', 'attendance_rate', 'projects_handled', 'overtime_hours', 'training_hours', 'FeedBack']
2026-03-07 12:25:30,734 - __main__ - INFO - Processing 25 employees...
2026-03-07 12:25:30,745 - werkzeug - INFO -  * Detected change in 'C:\\Users\\pavat\\Downloads\\Python3_UpdateV8_2025_N\\Python38\\Lib\\site-packages\\sklearn\\preprocessing\\_encoders.py', reloading
2026-03-07 12:25:31,035 - werkzeug - INFO - 127.0.0.1 - - [07/Mar/2026 12:25:31] "POST /api/predict/batch HTTP/1.1" 200 -
2026-03-07 12:25:32,237 - werkzeug - INFO -  * Restarting with watchdog (windowsapi)
2026-03-07 12:25:39,321 - __main__ - INFO - Starting Employee Productivity API...
2026-03-07 12:25:39,325 - __main__ - INFO - Loading model and preprocessor using model_utils...
2026-03-07 12:25:40,338 - __main__ - INFO -  Model and preprocessor loaded successfully.
2026-03-07 12:25:40,345 - werkzeug - WARNING -  * Debugger is active!
2026-03-07 12:25:40,351 - werkzeug - INFO -  * Debugger PIN: 403-625-082
2026-03-07 12:28:28,709 - werkzeug - INFO - 127.0.0.1 - - [07/Mar/2026 12:28:28] "GET /api/test HTTP/1.1" 200 -
2026-03-07 12:28:41,417 - werkzeug - INFO - 127.0.0.1 - - [07/Mar/2026 12:28:41] "POST /api/predict/preview HTTP/1.1" 200 -
2026-03-07 12:28:43,283 - __main__ - INFO - CSV loaded with 25 rows and columns: ['Employee_ID', 'role_level', 'position', 'age', 'experience_years', 'avg_task_completion', 'attendance_rate', 'projects_handled', 'overtime_hours', 'training_hours', 'FeedBack']
2026-03-07 12:28:43,283 - __main__ - INFO - Processing 25 employees...
2026-03-07 12:28:43,380 - werkzeug - INFO - 127.0.0.1 - - [07/Mar/2026 12:28:43] "POST /api/predict/batch HTTP/1.1" 200 -
2026-03-07 12:28:56,613 - __main__ - INFO - Results folder absolute path: C:\Users\pavat\Desktop\HRReactWeb_AppV26\HRReactWeb_AppV26\results
2026-03-07 12:28:56,613 - __main__ - INFO - Download requested - filename: productivity_results_20260307_122843.csv
2026-03-07 12:28:56,613 - __main__ - INFO - Full file path: C:\Users\pavat\Desktop\HRReactWeb_AppV26\HRReactWeb_AppV26\results\productivity_results_20260307_122843.csv
2026-03-07 12:28:56,614 - __main__ - INFO - File found, size: 1962 bytes
2026-03-07 12:28:56,615 - werkzeug - INFO - 127.0.0.1 - - [07/Mar/2026 12:28:56] "GET /api/download/productivity_results_20260307_122843.csv HTTP/1.1" 200 -
2026-03-07 13:09:52,464 - werkzeug - INFO -  * Detected change in 'C:\\Users\\pavat\\Downloads\\Python3_UpdateV8_2025_N\\Python38\\Lib\\site-packages\\tensorboard\\webfiles.zip', reloading
2026-03-07 13:09:55,393 - werkzeug - INFO -  * Restarting with watchdog (windowsapi)
2026-03-07 13:10:12,028 - __main__ - INFO - Starting Employee Productivity API...
2026-03-07 13:10:12,033 - __main__ - INFO - Loading model and preprocessor using model_utils...
2026-03-07 13:10:13,512 - __main__ - INFO -  Model and preprocessor loaded successfully.
2026-03-07 13:10:13,525 - werkzeug - WARNING -  * Debugger is active!
2026-03-07 13:10:13,534 - werkzeug - INFO -  * Debugger PIN: 403-625-082
2026-03-07 13:55:51,445 - werkzeug - INFO -  * Detected change in 'C:\\Users\\pavat\\Desktop\\HRReactWeb_AppV26\\HRReactWeb_AppV26\\Cv_Screen\\API.py', reloading
2026-03-07 13:55:51,452 - werkzeug - INFO -  * Detected change in 'C:\\Users\\pavat\\Desktop\\HRReactWeb_AppV26\\HRReactWeb_AppV26\\Cv_Screen\\config.py', reloading
2026-03-07 13:55:51,463 - werkzeug - INFO -  * Detected change in 'C:\\Users\\pavat\\Desktop\\HRReactWeb_AppV26\\HRReactWeb_AppV26\\Cv_Screen\\Data_Validators.py', reloading
2026-03-07 13:55:51,477 - werkzeug - INFO -  * Detected change in 'C:\\Users\\pavat\\Desktop\\HRReactWeb_AppV26\\HRReactWeb_AppV26\\Cv_Screen\\Prediction.py', reloading
2026-03-07 13:55:51,486 - werkzeug - INFO -  * Detected change in 'C:\\Users\\pavat\\Desktop\\HRReactWeb_AppV26\\HRReactWeb_AppV26\\Cv_Screen\\Prediction_advance.py', reloading
2026-03-07 13:55:51,493 - werkzeug - INFO -  * Detected change in 'C:\\Users\\pavat\\Desktop\\HRReactWeb_AppV26\\HRReactWeb_AppV26\\Cv_Screen\\preprocess.py', reloading
2026-03-07 13:55:51,499 - werkzeug - INFO -  * Detected change in 'C:\\Users\\pavat\\Desktop\\HRReactWeb_AppV26\\HRReactWeb_AppV26\\Cv_Screen\\Setup_File.py', reloading
2026-03-07 13:55:51,507 - werkzeug - INFO -  * Detected change in 'C:\\Users\\pavat\\Desktop\\HRReactWeb_AppV26\\HRReactWeb_AppV26\\Cv_Screen\\Train.py', reloading
2026-03-07 13:55:51,623 - werkzeug - INFO -  * Detected change in 'C:\\Users\\pavat\\Desktop\\HRReactWeb_AppV26\\HRReactWeb_AppV26\\Dynamic_Interview\\api.py', reloading
2026-03-07 13:55:51,630 - werkzeug - INFO -  * Detected change in 'C:\\Users\\pavat\\Desktop\\HRReactWeb_AppV26\\HRReactWeb_AppV26\\Dynamic_Interview\\Config.py', reloading
2026-03-07 13:55:51,637 - werkzeug - INFO -  * Detected change in 'C:\\Users\\pavat\\Desktop\\HRReactWeb_AppV26\\HRReactWeb_AppV26\\Dynamic_Interview\\Data_Validators.py', reloading
2026-03-07 13:55:51,644 - werkzeug - INFO -  * Detected change in 'C:\\Users\\pavat\\Desktop\\HRReactWeb_AppV26\\HRReactWeb_AppV26\\Dynamic_Interview\\InterviewDataProcessor.py', reloading
2026-03-07 13:55:51,703 - werkzeug - INFO -  * Detected change in 'C:\\Users\\pavat\\Desktop\\HRReactWeb_AppV26\\HRReactWeb_AppV26\\Dynamic_Interview\\PredictModel.py', reloading
2026-03-07 13:55:51,716 - werkzeug - INFO -  * Detected change in 'C:\\Users\\pavat\\Desktop\\HRReactWeb_AppV26\\HRReactWeb_AppV26\\Dynamic_Interview\\QuestionGenerator.py', reloading
