2026-03-03 15:20:51,414 | INFO | Starting Employee Attrition Prediction API...
2026-03-03 15:20:51,414 | INFO | Model path: employee_attrition_model.pkl
2026-03-03 15:20:51,436 | INFO | [31m[1mWARNING: This is a development server. Do not use it in a production deployment. Use a production WSGI server instead.[0m
 * Running on all addresses (0.0.0.0)
 * Running on http://127.0.0.1:5003
 * Running on http://10.175.192.163:5003
2026-03-03 15:20:51,436 | INFO | [33mPress CTRL+C to quit[0m
2026-03-03 15:20:51,441 | INFO |  * Restarting with watchdog (windowsapi)
2026-03-03 15:20:52,096 | INFO | Starting Employee Attrition Prediction API...
2026-03-03 15:20:52,096 | INFO | Model path: employee_attrition_model.pkl
2026-03-03 15:20:52,108 | WARNING |  * Debugger is active!
2026-03-03 15:20:52,112 | INFO |  * Debugger PIN: 123-501-001
2026-03-03 15:20:53,633 | INFO |  * Detected change in 'C:\\Users\\AroosoftMars\\AppData\\Local\\Programs\\Python\\Python38\\Lib\\site-packages\\keras\\saving\\saving_api.py', reloading
2026-03-03 15:20:53,640 | INFO |  * Detected change in 'C:\\Users\\AroosoftMars\\AppData\\Local\\Programs\\Python\\Python38\\Lib\\site-packages\\keras\\utils\\traceback_utils.py', reloading
2026-03-03 15:20:53,650 | INFO |  * Detected change in 'C:\\Users\\AroosoftMars\\AppData\\Local\\Programs\\Python\\Python38\\Lib\\site-packages\\keras\\saving\\legacy\\save.py', reloading
2026-03-03 15:20:54,191 | INFO |  * Restarting with watchdog (windowsapi)
2026-03-03 15:20:54,952 | INFO | Starting Employee Attrition Prediction API...
2026-03-03 15:20:54,952 | INFO | Model path: employee_attrition_model.pkl
2026-03-03 15:20:54,962 | WARNING |  * Debugger is active!
2026-03-03 15:20:54,967 | INFO |  * Debugger PIN: 123-501-001
2026-03-03 15:21:04,824 | INFO | 127.0.0.1 - - [03/Mar/2026 15:21:04] "GET /api/test HTTP/1.1" 200 -
2026-03-03 22:21:14,634 | INFO | Starting Employee Attrition Prediction API...
2026-03-03 22:21:14,634 | INFO | Model path: employee_attrition_model.pkl
2026-03-03 22:21:14,782 | INFO | [31m[1mWARNING: This is a development server. Do not use it in a production deployment. Use a production WSGI server instead.[0m
 * Running on all addresses (0.0.0.0)
 * Running on http://127.0.0.1:5003
 * Running on http://192.168.8.155:5003
2026-03-03 22:21:14,782 | INFO | [33mPress CTRL+C to quit[0m
2026-03-03 22:21:14,817 | INFO |  * Restarting with watchdog (windowsapi)
2026-03-03 22:21:19,839 | INFO | Starting Employee Attrition Prediction API...
2026-03-03 22:21:19,840 | INFO | Model path: employee_attrition_model.pkl
2026-03-03 22:21:19,862 | WARNING |  * Debugger is active!
2026-03-03 22:21:19,873 | INFO |  * Debugger PIN: 796-502-977
2026-03-03 22:21:21,112 | INFO |  * Detected change in 'C:\\Users\\pavat\\Desktop\\MyFinal\\Lib\\Python38\\Lib\\site-packages\\torch\\library.py', reloading
2026-03-03 22:21:21,144 | INFO |  * Detected change in 'C:\\Users\\pavat\\Desktop\\MyFinal\\Lib\\Python38\\Lib\\site-packages\\torch\\_prims\\nvfuser_prims.py', reloading
2026-03-03 22:21:22,108 | INFO |  * Restarting with watchdog (windowsapi)
2026-03-03 22:21:25,503 | INFO | Starting Employee Attrition Prediction API...
2026-03-03 22:21:25,503 | INFO | Model path: employee_attrition_model.pkl
2026-03-03 22:21:25,518 | WARNING |  * Debugger is active!
2026-03-03 22:21:25,526 | INFO |  * Debugger PIN: 796-502-977
2026-03-03 22:21:25,584 | INFO |  * Detected change in 'C:\\Users\\pavat\\Desktop\\MyFinal\\Lib\\Python38\\Lib\\site-packages\\tensorflow\\python\\framework\\registry.py', reloading
2026-03-03 22:21:25,623 | INFO |  * Detected change in 'C:\\Users\\pavat\\Desktop\\MyFinal\\Lib\\Python38\\Lib\\site-packages\\tensorflow\\python\\framework\\ops.py', reloading
2026-03-03 22:21:25,685 | INFO |  * Detected change in 'C:\\Users\\pavat\\Desktop\\MyFinal\\Lib\\Python38\\Lib\\site-packages\\tensorflow\\python\\ops\\array_ops.py', reloading
2026-03-03 22:21:25,784 | INFO |  * Detected change in 'C:\\Users\\pavat\\Desktop\\MyFinal\\Lib\\Python38\\Lib\\site-packages\\tensorflow\\python\\ops\\list_ops.py', reloading
2026-03-03 22:21:26,487 | INFO |  * Detected change in 'C:\\Users\\pavat\\Desktop\\MyFinal\\Lib\\Python38\\Lib\\site-packages\\tensorflow\\python\\ops\\math_ops.py', reloading
2026-03-03 22:21:26,564 | INFO |  * Detected change in 'C:\\Users\\pavat\\Desktop\\MyFinal\\Lib\\Python38\\Lib\\site-packages\\tensorflow\\python\\ops\\control_flow_ops.py', reloading
2026-03-03 22:21:26,711 | INFO |  * Restarting with watchdog (windowsapi)
2026-03-03 22:21:29,390 | INFO | Starting Employee Attrition Prediction API...
2026-03-03 22:21:29,390 | INFO | Model path: employee_attrition_model.pkl
2026-03-03 22:21:29,405 | WARNING |  * Debugger is active!
2026-03-03 22:21:29,411 | INFO |  * Debugger PIN: 796-502-977
2026-03-03 22:21:30,024 | INFO |  * Detected change in 'C:\\Users\\pavat\\Desktop\\MyFinal\\Lib\\Python38\\Lib\\site-packages\\tensorflow\\python\\ops\\io_ops.py', reloading
2026-03-03 22:21:30,070 | INFO |  * Detected change in 'C:\\Users\\pavat\\Desktop\\MyFinal\\Lib\\Python38\\Lib\\site-packages\\tensorflow\\python\\ops\\string_ops.py', reloading
2026-03-03 22:21:30,569 | INFO |  * Restarting with watchdog (windowsapi)
2026-03-03 22:21:33,544 | INFO | Starting Employee Attrition Prediction API...
2026-03-03 22:21:33,544 | INFO | Model path: employee_attrition_model.pkl
2026-03-03 22:21:33,559 | WARNING |  * Debugger is active!
2026-03-03 22:21:33,567 | INFO |  * Debugger PIN: 796-502-977
2026-03-03 22:21:34,068 | INFO |  * Detected change in 'C:\\Users\\pavat\\Desktop\\MyFinal\\Lib\\Python38\\Lib\\site-packages\\tensorflow\\python\\ops\\lookup_ops.py', reloading
2026-03-03 22:21:34,169 | INFO |  * Detected change in 'C:\\Users\\pavat\\Desktop\\MyFinal\\Lib\\Python38\\Lib\\site-packages\\tensorflow\\python\\ops\\special_math_ops.py', reloading
2026-03-03 22:21:34,270 | INFO |  * Detected change in 'C:\\Users\\pavat\\Desktop\\MyFinal\\Lib\\Python38\\Lib\\site-packages\\tensorflow\\python\\ops\\nn_ops.py', reloading
2026-03-03 22:21:34,458 | INFO |  * Detected change in 'C:\\Users\\pavat\\Desktop\\MyFinal\\Lib\\Python38\\Lib\\site-packages\\tensorflow\\python\\autograph\\utils\\ag_logging.py', reloading
2026-03-03 22:21:34,542 | INFO |  * Detected change in 'C:\\Users\\pavat\\Desktop\\MyFinal\\Lib\\Python38\\Lib\\site-packages\\tensorflow\\python\\ops\\ragged\\ragged_math_ops.py', reloading
2026-03-03 22:21:34,587 | INFO |  * Detected change in 'C:\\Users\\pavat\\Desktop\\MyFinal\\Lib\\Python38\\Lib\\site-packages\\tensorflow\\python\\ops\\parsing_ops.py', reloading
2026-03-03 22:21:34,749 | INFO |  * Restarting with watchdog (windowsapi)
2026-03-03 22:21:38,161 | INFO | Starting Employee Attrition Prediction API...
2026-03-03 22:21:38,161 | INFO | Model path: employee_attrition_model.pkl
2026-03-03 22:21:38,177 | WARNING |  * Debugger is active!
2026-03-03 22:21:38,182 | INFO |  * Debugger PIN: 796-502-977
2026-03-03 22:21:51,259 | INFO |  * Detected change in 'C:\\Users\\pavat\\Desktop\\MyFinal\\Lib\\Python38\\Lib\\site-packages\\tensorflow\\python\\ops\\cudnn_rnn_grad.py', reloading
2026-03-03 22:21:51,286 | INFO |  * Detected change in 'C:\\Users\\pavat\\Desktop\\MyFinal\\Lib\\Python38\\Lib\\site-packages\\tensorflow\\python\\ops\\rnn_grad.py', reloading
2026-03-03 22:21:51,311 | INFO |  * Detected change in 'C:\\Users\\pavat\\Desktop\\MyFinal\\Lib\\Python38\\Lib\\site-packages\\tensorflow\\python\\ops\\sparse_grad.py', reloading
2026-03-03 22:21:51,430 | INFO |  * Restarting with watchdog (windowsapi)
2026-03-03 22:21:53,611 | INFO | Starting Employee Attrition Prediction API...
2026-03-03 22:21:53,611 | INFO | Model path: employee_attrition_model.pkl
2026-03-03 22:21:53,626 | WARNING |  * Debugger is active!
2026-03-03 22:21:53,633 | INFO |  * Debugger PIN: 796-502-977
2026-03-03 22:21:54,713 | INFO |  * Detected change in 'C:\\Users\\pavat\\Desktop\\MyFinal\\Lib\\Python38\\Lib\\site-packages\\sentence_transformers\\datasets\\NoDuplicatesDataLoader.py', reloading
2026-03-03 22:21:54,737 | INFO |  * Detected change in 'C:\\Users\\pavat\\Desktop\\MyFinal\\Lib\\Python38\\Lib\\site-packages\\sentence_transformers\\datasets\\ParallelSentencesDataset.py', reloading
2026-03-03 22:21:54,767 | INFO |  * Detected change in 'C:\\Users\\pavat\\Desktop\\MyFinal\\Lib\\Python38\\Lib\\site-packages\\sentence_transformers\\SentenceTransformer.py', reloading
2026-03-03 22:21:55,232 | INFO |  * Detected change in 'C:\\Users\\pavat\\Desktop\\MyFinal\\Lib\\Python38\\Lib\\site-packages\\sentence_transformers\\evaluation\\__init__.py', reloading
2026-03-03 22:21:55,267 | INFO |  * Detected change in 'C:\\Users\\pavat\\Desktop\\MyFinal\\Lib\\Python38\\Lib\\site-packages\\sentence_transformers\\evaluation\\SentenceEvaluator.py', reloading
2026-03-03 22:21:55,293 | INFO |  * Detected change in 'C:\\Users\\pavat\\Desktop\\MyFinal\\Lib\\Python38\\Lib\\site-packages\\sentence_transformers\\evaluation\\SimilarityFunction.py', reloading
2026-03-03 22:21:55,323 | INFO |  * Detected change in 'C:\\Users\\pavat\\Desktop\\MyFinal\\Lib\\Python38\\Lib\\site-packages\\sentence_transformers\\evaluation\\BinaryClassificationEvaluator.py', reloading
2026-03-03 22:21:55,350 | INFO |  * Detected change in 'C:\\Users\\pavat\\Desktop\\MyFinal\\Lib\\Python38\\Lib\\site-packages\\sentence_transformers\\evaluation\\EmbeddingSimilarityEvaluator.py', reloading
2026-03-03 22:21:55,382 | INFO |  * Detected change in 'C:\\Users\\pavat\\Desktop\\MyFinal\\Lib\\Python38\\Lib\\site-packages\\sentence_transformers\\evaluation\\InformationRetrievalEvaluator.py', reloading
2026-03-03 22:21:55,412 | INFO |  * Detected change in 'C:\\Users\\pavat\\Desktop\\MyFinal\\Lib\\Python38\\Lib\\site-packages\\sentence_transformers\\util.py', reloading
2026-03-03 22:21:55,446 | INFO |  * Detected change in 'C:\\Users\\pavat\\Desktop\\MyFinal\\Lib\\Python38\\Lib\\site-packages\\sentence_transformers\\evaluation\\LabelAccuracyEvaluator.py', reloading
2026-03-03 22:21:55,472 | INFO |  * Detected change in 'C:\\Users\\pavat\\Desktop\\MyFinal\\Lib\\Python38\\Lib\\site-packages\\sentence_transformers\\evaluation\\MSEEvaluator.py', reloading
2026-03-03 22:21:55,499 | INFO |  * Detected change in 'C:\\Users\\pavat\\Desktop\\MyFinal\\Lib\\Python38\\Lib\\site-packages\\sentence_transformers\\evaluation\\MSEEvaluatorFromDataFrame.py', reloading
2026-03-03 22:21:55,524 | INFO |  * Detected change in 'C:\\Users\\pavat\\Desktop\\MyFinal\\Lib\\Python38\\Lib\\site-packages\\sentence_transformers\\evaluation\\ParaphraseMiningEvaluator.py', reloading
2026-03-03 22:21:55,552 | INFO |  * Detected change in 'C:\\Users\\pavat\\Desktop\\MyFinal\\Lib\\Python38\\Lib\\site-packages\\sentence_transformers\\evaluation\\SequentialEvaluator.py', reloading
2026-03-03 22:21:55,571 | INFO |  * Detected change in 'C:\\Users\\pavat\\Desktop\\MyFinal\\Lib\\Python38\\Lib\\site-packages\\tensorflow\\python\\debug\\lib\\debug_gradients.py', reloading
2026-03-03 22:21:55,575 | INFO |  * Detected change in 'C:\\Users\\pavat\\Desktop\\MyFinal\\Lib\\Python38\\Lib\\site-packages\\sentence_transformers\\evaluation\\TranslationEvaluator.py', reloading
2026-03-03 22:21:55,603 | INFO |  * Detected change in 'C:\\Users\\pavat\\Desktop\\MyFinal\\Lib\\Python38\\Lib\\site-packages\\sentence_transformers\\evaluation\\TripletEvaluator.py', reloading
2026-03-03 22:21:55,629 | INFO |  * Detected change in 'C:\\Users\\pavat\\Desktop\\MyFinal\\Lib\\Python38\\Lib\\site-packages\\sentence_transformers\\evaluation\\RerankingEvaluator.py', reloading
2026-03-03 22:21:55,655 | INFO |  * Detected change in 'C:\\Users\\pavat\\Desktop\\MyFinal\\Lib\\Python38\\Lib\\site-packages\\sentence_transformers\\models\\__init__.py', reloading
2026-03-03 22:21:55,790 | INFO |  * Restarting with watchdog (windowsapi)
2026-03-03 22:21:58,854 | INFO | Starting Employee Attrition Prediction API...
2026-03-03 22:21:58,854 | INFO | Model path: employee_attrition_model.pkl
2026-03-03 22:21:58,869 | WARNING |  * Debugger is active!
2026-03-03 22:21:58,878 | INFO |  * Debugger PIN: 796-502-977
2026-03-03 22:22:00,592 | INFO |  * Detected change in 'C:\\Users\\pavat\\Desktop\\MyFinal\\Lib\\Python38\\Lib\\site-packages\\tensorflow\\lite\\experimental\\microfrontend\\python\\ops\\audio_microfrontend_op.py', reloading
2026-03-03 22:22:01,086 | INFO |  * Restarting with watchdog (windowsapi)
2026-03-03 22:22:05,156 | INFO | Starting Employee Attrition Prediction API...
2026-03-03 22:22:05,156 | INFO | Model path: employee_attrition_model.pkl
2026-03-03 22:22:05,178 | WARNING |  * Debugger is active!
2026-03-03 22:22:05,186 | INFO |  * Debugger PIN: 796-502-977
2026-03-03 22:22:07,568 | INFO |  * Detected change in 'C:\\Users\\pavat\\Desktop\\MyFinal\\Lib\\Python38\\Lib\\site-packages\\keras\\utils\\traceback_utils.py', reloading
2026-03-03 22:22:07,599 | INFO |  * Detected change in 'C:\\Users\\pavat\\Desktop\\MyFinal\\Lib\\Python38\\Lib\\site-packages\\keras\\saving\\save.py', reloading
2026-03-03 22:22:08,433 | INFO |  * Restarting with watchdog (windowsapi)
2026-03-03 22:22:12,843 | INFO | Starting Employee Attrition Prediction API...
2026-03-03 22:22:12,843 | INFO | Model path: employee_attrition_model.pkl
2026-03-03 22:22:12,853 | WARNING |  * Debugger is active!
2026-03-03 22:22:12,857 | INFO |  * Debugger PIN: 796-502-977
2026-03-03 22:22:48,308 | INFO | Starting Employee Attrition Prediction API...
2026-03-03 22:22:48,308 | INFO | Model path: employee_attrition_model.pkl
2026-03-03 22:22:48,347 | INFO | [31m[1mWARNING: This is a development server. Do not use it in a production deployment. Use a production WSGI server instead.[0m
 * Running on all addresses (0.0.0.0)
 * Running on http://127.0.0.1:5003
 * Running on http://192.168.8.155:5003
2026-03-03 22:22:48,348 | INFO | [33mPress CTRL+C to quit[0m
2026-03-03 22:22:48,363 | INFO |  * Restarting with watchdog (windowsapi)
2026-03-03 22:22:52,615 | INFO | Starting Employee Attrition Prediction API...
2026-03-03 22:22:52,616 | INFO | Model path: employee_attrition_model.pkl
2026-03-03 22:22:52,632 | WARNING |  * Debugger is active!
2026-03-03 22:22:52,640 | INFO |  * Debugger PIN: 796-502-977
2026-03-03 23:50:01,579 | INFO | Starting Employee Attrition Prediction API...
2026-03-03 23:50:01,579 | INFO | Model path: employee_attrition_model.pkl
2026-03-03 23:50:01,602 | INFO | [31m[1mWARNING: This is a development server. Do not use it in a production deployment. Use a production WSGI server instead.[0m
 * Running on all addresses (0.0.0.0)
 * Running on http://127.0.0.1:5003
 * Running on http://192.168.8.155:5003
2026-03-03 23:50:01,603 | INFO | [33mPress CTRL+C to quit[0m
2026-03-03 23:50:01,622 | INFO |  * Restarting with watchdog (windowsapi)
2026-03-03 23:50:03,521 | INFO | Starting Employee Attrition Prediction API...
2026-03-03 23:50:03,521 | INFO | Model path: employee_attrition_model.pkl
2026-03-03 23:50:03,528 | WARNING |  * Debugger is active!
2026-03-03 23:50:03,532 | INFO |  * Debugger PIN: 796-502-977
2026-03-03 23:50:03,549 | INFO |  * Detected change in 'C:\\Users\\pavat\\Desktop\\MyFinal\\Lib\\Python38\\Lib\\site-packages\\tensorflow\\python\\ops\\nn_grad.py', reloading
2026-03-03 23:50:03,554 | INFO |  * Detected change in 'C:\\Users\\pavat\\Desktop\\MyFinal\\Lib\\Python38\\Lib\\site-packages\\tensorflow\\python\\ops\\ctc_ops.py', reloading
2026-03-03 23:50:03,561 | INFO |  * Detected change in 'C:\\Users\\pavat\\Desktop\\MyFinal\\Lib\\Python38\\Lib\\site-packages\\tensorflow\\python\\ops\\data_flow_grad.py', reloading
2026-03-03 23:50:03,576 | INFO |  * Detected change in 'C:\\Users\\pavat\\Desktop\\MyFinal\\Lib\\Python38\\Lib\\site-packages\\tensorflow\\python\\ops\\sets_impl.py', reloading
2026-03-03 23:50:03,591 | INFO |  * Detected change in 'C:\\Users\\pavat\\Desktop\\MyFinal\\Lib\\Python38\\Lib\\site-packages\\tensorflow\\python\\ops\\composite_tensor_ops.py', reloading
2026-03-03 23:50:03,629 | INFO |  * Detected change in 'C:\\Users\\pavat\\Desktop\\MyFinal\\Lib\\Python38\\Lib\\site-packages\\tensorflow\\compiler\\tf2xla\\python\\xla.py', reloading
2026-03-03 23:50:03,654 | INFO |  * Detected change in 'C:\\Users\\pavat\\Desktop\\MyFinal\\Lib\\Python38\\Lib\\site-packages\\tensorflow\\compiler\\jit\\ops\\xla_ops_grad.py', reloading
2026-03-03 23:50:03,666 | INFO |  * Detected change in 'C:\\Users\\pavat\\Desktop\\MyFinal\\Lib\\Python38\\Lib\\site-packages\\tensorflow\\python\\tpu\\tpu.py', reloading
2026-03-03 23:50:03,686 | INFO |  * Detected change in 'C:\\Users\\pavat\\Desktop\\MyFinal\\Lib\\Python38\\Lib\\site-packages\\tensorflow\\python\\ops\\array_grad.py', reloading
2026-03-03 23:50:03,692 | INFO |  * Detected change in 'C:\\Users\\pavat\\Desktop\\MyFinal\\Lib\\Python38\\Lib\\site-packages\\tensorflow\\python\\ops\\control_flow_grad.py', reloading
2026-03-03 23:50:03,695 | INFO |  * Detected change in 'C:\\Users\\pavat\\Desktop\\MyFinal\\Lib\\Python38\\Lib\\site-packages\\tensorflow\\python\\ops\\image_grad.py', reloading
2026-03-03 23:50:03,701 | INFO |  * Detected change in 'C:\\Users\\pavat\\Desktop\\MyFinal\\Lib\\Python38\\Lib\\site-packages\\tensorflow\\python\\ops\\linalg_grad.py', reloading
2026-03-03 23:50:03,703 | INFO |  * Detected change in 'C:\\Users\\pavat\\Desktop\\MyFinal\\Lib\\Python38\\Lib\\site-packages\\tensorflow\\python\\ops\\manip_grad.py', reloading
2026-03-03 23:50:03,706 | INFO |  * Detected change in 'C:\\Users\\pavat\\Desktop\\MyFinal\\Lib\\Python38\\Lib\\site-packages\\tensorflow\\python\\ops\\math_grad.py', reloading
2026-03-03 23:50:03,715 | INFO |  * Detected change in 'C:\\Users\\pavat\\Desktop\\MyFinal\\Lib\\Python38\\Lib\\site-packages\\tensorflow\\python\\ops\\optional_grad.py', reloading
2026-03-03 23:50:03,717 | INFO |  * Detected change in 'C:\\Users\\pavat\\Desktop\\MyFinal\\Lib\\Python38\\Lib\\site-packages\\tensorflow\\python\\ops\\random_grad.py', reloading
2026-03-03 23:50:03,743 | INFO |  * Detected change in 'C:\\Users\\pavat\\Desktop\\MyFinal\\Lib\\Python38\\Lib\\site-packages\\tensorflow\\python\\training\\queue_runner_impl.py', reloading
2026-03-03 23:50:03,767 | INFO |  * Detected change in 'C:\\Users\\pavat\\Desktop\\MyFinal\\Lib\\Python38\\Lib\\site-packages\\tensorflow\\python\\ops\\ragged\\ragged_gather_ops.py', reloading
2026-03-03 23:50:03,779 | INFO |  * Detected change in 'C:\\Users\\pavat\\Desktop\\MyFinal\\Lib\\Python38\\Lib\\site-packages\\tensorflow\\python\\ops\\image_ops_impl.py', reloading
2026-03-03 23:50:03,787 | INFO |  * Detected change in 'C:\\Users\\pavat\\Desktop\\MyFinal\\Lib\\Python38\\Lib\\site-packages\\tensorflow\\python\\ops\\image_ops.py', reloading
2026-03-03 23:50:03,790 | INFO |  * Detected change in 'C:\\Users\\pavat\\Desktop\\MyFinal\\Lib\\Python38\\Lib\\site-packages\\tensorflow\\python\\ops\\tensor_array_grad.py', reloading
2026-03-03 23:50:03,882 | INFO |  * Detected change in 'C:\\Users\\pavat\\Desktop\\MyFinal\\Lib\\Python38\\Lib\\site-packages\\tensorflow\\python\\ops\\nccl_ops.py', reloading
2026-03-03 23:50:04,677 | INFO |  * Restarting with watchdog (windowsapi)
2026-03-03 23:50:06,620 | INFO | Starting Employee Attrition Prediction API...
2026-03-03 23:50:06,620 | INFO | Model path: employee_attrition_model.pkl
2026-03-03 23:50:06,630 | WARNING |  * Debugger is active!
2026-03-03 23:50:06,636 | INFO |  * Debugger PIN: 796-502-977
2026-03-03 23:50:07,548 | INFO |  * Detected change in 'C:\\Users\\pavat\\Desktop\\HRReactWeb_AppV26\\HRReactWeb_AppV26\\Performance_Productivity\\model_utils.py', reloading
2026-03-03 23:50:07,549 | INFO |  * Detected change in 'C:\\Users\\pavat\\Desktop\\MyFinal\\Lib\\Python38\\Lib\\site-packages\\keras\\utils\\traceback_utils.py', reloading
2026-03-03 23:50:07,550 | INFO |  * Detected change in 'C:\\Users\\pavat\\Desktop\\MyFinal\\Lib\\Python38\\Lib\\site-packages\\keras\\saving\\save.py', reloading
2026-03-03 23:50:07,802 | INFO |  * Restarting with watchdog (windowsapi)
2026-03-03 23:50:09,768 | INFO | Starting Employee Attrition Prediction API...
2026-03-03 23:50:09,768 | INFO | Model path: employee_attrition_model.pkl
2026-03-03 23:50:09,778 | WARNING |  * Debugger is active!
2026-03-03 23:50:09,784 | INFO |  * Debugger PIN: 796-502-977
2026-03-03 23:52:37,808 | INFO |  * Detected change in 'C:\\Users\\pavat\\Desktop\\MyFinal\\Lib\\Python38\\Lib\\site-packages\\flask_cors\\__init__.py', reloading
2026-03-03 23:52:38,839 | INFO |  * Restarting with watchdog (windowsapi)
2026-03-03 23:52:41,258 | INFO | Starting Employee Attrition Prediction API...
2026-03-03 23:52:41,258 | INFO | Model path: employee_attrition_model.pkl
2026-03-03 23:52:41,267 | WARNING |  * Debugger is active!
2026-03-03 23:52:41,270 | INFO |  * Debugger PIN: 796-502-977
2026-03-03 23:55:07,059 | INFO |  * Detected change in 'C:\\Users\\pavat\\Desktop\\HRReactWeb_AppV26\\HRReactWeb_AppV26\\Performance_Productivity\\predict_main.py', reloading
2026-03-03 23:55:08,143 | INFO |  * Restarting with watchdog (windowsapi)
2026-03-03 23:55:10,116 | INFO | Starting Employee Attrition Prediction API...
2026-03-03 23:55:10,116 | INFO | Model path: employee_attrition_model.pkl
2026-03-03 23:55:10,122 | WARNING |  * Debugger is active!
2026-03-03 23:55:10,125 | INFO |  * Debugger PIN: 796-502-977
2026-03-03 23:59:00,081 | INFO |  * Detected change in 'C:\\Users\\pavat\\Desktop\\MyFinal\\Lib\\Python38\\Lib\\site-packages\\tensorflow\\_api\\v2\\compat\\v2\\debugging\\__init__.py', reloading
2026-03-03 23:59:00,119 | INFO |  * Detected change in 'C:\\Users\\pavat\\Desktop\\MyFinal\\Lib\\Python38\\Lib\\site-packages\\tensorflow\\_api\\v2\\compat\\v2\\errors\\__init__.py', reloading
2026-03-03 23:59:00,998 | INFO |  * Restarting with watchdog (windowsapi)
2026-03-03 23:59:03,030 | INFO | Starting Employee Attrition Prediction API...
2026-03-03 23:59:03,031 | INFO | Model path: employee_attrition_model.pkl
2026-03-03 23:59:03,037 | WARNING |  * Debugger is active!
2026-03-03 23:59:03,040 | INFO |  * Debugger PIN: 796-502-977
2026-03-04 00:08:13,484 | INFO | 127.0.0.1 - - [04/Mar/2026 00:08:13] "GET /api/test HTTP/1.1" 200 -
2026-03-04 00:08:19,428 | INFO | 127.0.0.1 - - [04/Mar/2026 00:08:19] "GET /api/test HTTP/1.1" 200 -
2026-03-04 13:42:10,549 | INFO | Starting Employee Attrition Prediction API...
2026-03-04 13:42:10,550 | INFO | Model path: employee_attrition_model.pkl
2026-03-04 13:42:10,629 | INFO | [31m[1mWARNING: This is a development server. Do not use it in a production deployment. Use a production WSGI server instead.[0m
 * Running on all addresses (0.0.0.0)
 * Running on http://127.0.0.1:5003
 * Running on http://172.28.20.130:5003
2026-03-04 13:42:10,629 | INFO | [33mPress CTRL+C to quit[0m
2026-03-04 13:42:10,650 | INFO |  * Restarting with watchdog (windowsapi)
2026-03-04 13:42:13,803 | INFO | Starting Employee Attrition Prediction API...
2026-03-04 13:42:13,803 | INFO | Model path: employee_attrition_model.pkl
2026-03-04 13:42:13,817 | WARNING |  * Debugger is active!
2026-03-04 13:42:14,207 | INFO |  * Debugger PIN: 796-502-977
2026-03-04 13:42:16,098 | INFO |  * Detected change in 'C:\\Users\\pavat\\Desktop\\MyFinal\\Lib\\Python38\\Lib\\site-packages\\tensorflow\\python\\framework\\registry.py', reloading
2026-03-04 13:42:16,118 | INFO |  * Detected change in 'C:\\Users\\pavat\\Desktop\\MyFinal\\Lib\\Python38\\Lib\\site-packages\\tensorflow\\python\\framework\\ops.py', reloading
2026-03-04 13:42:16,163 | INFO |  * Detected change in 'C:\\Users\\pavat\\Desktop\\MyFinal\\Lib\\Python38\\Lib\\site-packages\\tensorflow\\python\\ops\\array_ops.py', reloading
2026-03-04 13:42:16,226 | INFO |  * Detected change in 'C:\\Users\\pavat\\Desktop\\MyFinal\\Lib\\Python38\\Lib\\site-packages\\tensorflow\\python\\ops\\list_ops.py', reloading
2026-03-04 13:42:16,382 | INFO |  * Restarting with watchdog (windowsapi)
2026-03-04 13:42:19,195 | INFO | Starting Employee Attrition Prediction API...
2026-03-04 13:42:19,195 | INFO | Model path: employee_attrition_model.pkl
2026-03-04 13:42:19,205 | WARNING |  * Debugger is active!
2026-03-04 13:42:19,209 | INFO |  * Debugger PIN: 796-502-977
2026-03-04 13:42:21,184 | INFO |  * Detected change in 'C:\\Users\\pavat\\Desktop\\MyFinal\\Lib\\Python38\\Lib\\site-packages\\tensorflow\\python\\ops\\cudnn_rnn_grad.py', reloading
2026-03-04 13:42:21,199 | INFO |  * Detected change in 'C:\\Users\\pavat\\Desktop\\MyFinal\\Lib\\Python38\\Lib\\site-packages\\tensorflow\\python\\ops\\rnn_grad.py', reloading
2026-03-04 13:42:21,214 | INFO |  * Detected change in 'C:\\Users\\pavat\\Desktop\\MyFinal\\Lib\\Python38\\Lib\\site-packages\\tensorflow\\python\\ops\\sparse_grad.py', reloading
2026-03-04 13:42:21,234 | INFO |  * Detected change in 'C:\\Users\\pavat\\Desktop\\MyFinal\\Lib\\Python38\\Lib\\site-packages\\tensorflow\\python\\ops\\state_grad.py', reloading
2026-03-04 13:42:21,387 | INFO |  * Restarting with watchdog (windowsapi)
2026-03-04 13:42:23,374 | INFO | Starting Employee Attrition Prediction API...
2026-03-04 13:42:23,375 | INFO | Model path: employee_attrition_model.pkl
2026-03-04 13:42:23,384 | WARNING |  * Debugger is active!
2026-03-04 13:42:23,388 | INFO |  * Debugger PIN: 796-502-977
2026-03-04 13:42:26,651 | INFO |  * Detected change in 'C:\\Users\\pavat\\Desktop\\HRReactWeb_AppV26\\HRReactWeb_AppV26\\Performance_Productivity\\model_utils.py', reloading
2026-03-04 13:42:26,654 | INFO |  * Detected change in 'C:\\Users\\pavat\\Desktop\\MyFinal\\Lib\\Python38\\Lib\\site-packages\\keras\\utils\\traceback_utils.py', reloading
2026-03-04 13:42:26,670 | INFO |  * Detected change in 'C:\\Users\\pavat\\Desktop\\MyFinal\\Lib\\Python38\\Lib\\site-packages\\keras\\saving\\save.py', reloading
2026-03-04 13:42:27,570 | INFO |  * Restarting with watchdog (windowsapi)
2026-03-04 13:42:30,308 | INFO | Starting Employee Attrition Prediction API...
2026-03-04 13:42:30,308 | INFO | Model path: employee_attrition_model.pkl
2026-03-04 13:42:30,319 | WARNING |  * Debugger is active!
2026-03-04 13:42:30,323 | INFO |  * Debugger PIN: 796-502-977
2026-03-04 13:43:59,733 | INFO |  * Detected change in 'C:\\Users\\pavat\\Desktop\\HRReactWeb_AppV26\\HRReactWeb_AppV26\\Performance_Productivity\\modelTrain.py', reloading
2026-03-04 13:44:00,559 | INFO |  * Restarting with watchdog (windowsapi)
2026-03-04 13:44:02,382 | INFO | Starting Employee Attrition Prediction API...
2026-03-04 13:44:02,382 | INFO | Model path: employee_attrition_model.pkl
2026-03-04 13:44:02,390 | WARNING |  * Debugger is active!
2026-03-04 13:44:02,394 | INFO |  * Debugger PIN: 796-502-977
2026-03-04 13:44:08,083 | INFO |  * Detected change in 'C:\\Users\\pavat\\Desktop\\HRReactWeb_AppV26\\HRReactWeb_AppV26\\Performance_Productivity\\Load_Data.py', reloading
2026-03-04 13:44:08,564 | INFO |  * Restarting with watchdog (windowsapi)
2026-03-04 13:44:10,516 | INFO | Starting Employee Attrition Prediction API...
2026-03-04 13:44:10,517 | INFO | Model path: employee_attrition_model.pkl
2026-03-04 13:44:10,525 | WARNING |  * Debugger is active!
2026-03-04 13:44:10,528 | INFO |  * Debugger PIN: 796-502-977
2026-03-04 13:44:12,939 | INFO |  * Detected change in 'C:\\Users\\pavat\\Desktop\\MyFinal\\Lib\\Python38\\Lib\\site-packages\\keras\\engine\\training.py', reloading
2026-03-04 13:44:13,223 | INFO |  * Detected change in 'C:\\Users\\pavat\\Desktop\\MyFinal\\Lib\\Python38\\Lib\\site-packages\\tensorflow\\python\\ops\\custom_gradient.py', reloading
2026-03-04 13:44:13,693 | INFO |  * Restarting with watchdog (windowsapi)
2026-03-04 13:44:15,889 | INFO | Starting Employee Attrition Prediction API...
2026-03-04 13:44:15,889 | INFO | Model path: employee_attrition_model.pkl
2026-03-04 13:44:15,898 | WARNING |  * Debugger is active!
2026-03-04 13:44:15,902 | INFO |  * Debugger PIN: 796-502-977
2026-03-04 13:49:05,417 | INFO | Starting Employee Attrition Prediction API...
2026-03-04 13:49:05,417 | INFO | Model path: employee_attrition_model.pkl
2026-03-04 13:49:05,436 | INFO | [31m[1mWARNING: This is a development server. Do not use it in a production deployment. Use a production WSGI server instead.[0m
 * Running on all addresses (0.0.0.0)
 * Running on http://127.0.0.1:5003
 * Running on http://172.28.20.130:5003
2026-03-04 13:49:05,436 | INFO | [33mPress CTRL+C to quit[0m
2026-03-04 13:49:05,446 | INFO |  * Restarting with watchdog (windowsapi)
2026-03-04 13:49:07,414 | INFO | Starting Employee Attrition Prediction API...
2026-03-04 13:49:07,414 | INFO | Model path: employee_attrition_model.pkl
2026-03-04 13:49:07,423 | WARNING |  * Debugger is active!
2026-03-04 13:49:07,427 | INFO |  * Debugger PIN: 796-502-977
2026-03-04 14:13:28,933 | INFO | Starting Employee Attrition Prediction API...
2026-03-04 14:13:28,933 | INFO | Model path: employee_attrition_model.pkl
2026-03-04 14:13:28,957 | INFO | [31m[1mWARNING: This is a development server. Do not use it in a production deployment. Use a production WSGI server instead.[0m
 * Running on all addresses (0.0.0.0)
 * Running on http://127.0.0.1:5003
 * Running on http://172.20.10.2:5003
2026-03-04 14:13:28,957 | INFO | [33mPress CTRL+C to quit[0m
2026-03-04 14:13:28,965 | INFO |  * Restarting with watchdog (windowsapi)
2026-03-04 14:13:31,110 | INFO | Starting Employee Attrition Prediction API...
2026-03-04 14:13:31,110 | INFO | Model path: employee_attrition_model.pkl
2026-03-04 14:13:31,121 | WARNING |  * Debugger is active!
2026-03-04 14:13:31,125 | INFO |  * Debugger PIN: 796-502-977
2026-03-04 14:14:07,321 | INFO |  * Detected change in 'C:\\Users\\pavat\\Desktop\\HRReactWeb_AppV26\\HRReactWeb_AppV26\\Performance_Productivity\\model_utils.py', reloading
2026-03-04 14:14:07,323 | INFO |  * Detected change in 'C:\\Users\\pavat\\Desktop\\HRReactWeb_AppV26\\HRReactWeb_AppV26\\Performance_Productivity\\model_utils.py', reloading
2026-03-04 14:14:07,323 | INFO |  * Detected change in 'C:\\Users\\pavat\\Desktop\\HRReactWeb_AppV26\\HRReactWeb_AppV26\\Performance_Productivity\\model_utils.py', reloading
2026-03-04 14:14:07,614 | INFO |  * Restarting with watchdog (windowsapi)
2026-03-04 14:14:16,336 | INFO | Starting Employee Attrition Prediction API...
2026-03-04 14:14:16,336 | INFO | Model path: employee_attrition_model.pkl
2026-03-04 14:14:16,362 | INFO | [31m[1mWARNING: This is a development server. Do not use it in a production deployment. Use a production WSGI server instead.[0m
 * Running on all addresses (0.0.0.0)
 * Running on http://127.0.0.1:5003
 * Running on http://172.20.10.2:5003
2026-03-04 14:14:16,362 | INFO | [33mPress CTRL+C to quit[0m
2026-03-04 14:14:16,371 | INFO |  * Restarting with watchdog (windowsapi)
2026-03-04 14:14:18,429 | INFO | Starting Employee Attrition Prediction API...
2026-03-04 14:14:18,429 | INFO | Model path: employee_attrition_model.pkl
2026-03-04 14:14:18,437 | WARNING |  * Debugger is active!
2026-03-04 14:14:18,443 | INFO |  * Debugger PIN: 796-502-977
2026-03-04 14:14:54,403 | INFO | Starting Employee Attrition Prediction API...
2026-03-04 14:14:54,404 | INFO | Model path: employee_attrition_model.pkl
2026-03-04 14:14:54,421 | INFO | [31m[1mWARNING: This is a development server. Do not use it in a production deployment. Use a production WSGI server instead.[0m
 * Running on all addresses (0.0.0.0)
 * Running on http://127.0.0.1:5003
 * Running on http://172.20.10.2:5003
2026-03-04 14:14:54,421 | INFO | [33mPress CTRL+C to quit[0m
2026-03-04 14:14:54,430 | INFO |  * Restarting with watchdog (windowsapi)
2026-03-04 14:14:56,564 | INFO | Starting Employee Attrition Prediction API...
2026-03-04 14:14:56,564 | INFO | Model path: employee_attrition_model.pkl
2026-03-04 14:14:56,572 | WARNING |  * Debugger is active!
2026-03-04 14:14:56,576 | INFO |  * Debugger PIN: 796-502-977
2026-03-04 14:14:58,004 | INFO |  * Detected change in 'C:\\Users\\pavat\\Desktop\\MyFinal\\Lib\\Python38\\Lib\\site-packages\\joblib\\numpy_pickle.py', reloading
2026-03-04 14:14:58,737 | INFO |  * Restarting with watchdog (windowsapi)
2026-03-04 14:15:01,556 | INFO | Starting Employee Attrition Prediction API...
2026-03-04 14:15:01,557 | INFO | Model path: employee_attrition_model.pkl
2026-03-04 14:15:01,566 | WARNING |  * Debugger is active!
2026-03-04 14:15:01,571 | INFO |  * Debugger PIN: 796-502-977
2026-03-04 14:16:25,234 | INFO |  * Detected change in 'C:\\Users\\pavat\\Desktop\\HRReactWeb_AppV26\\HRReactWeb_AppV26\\Performance_Productivity\\model_utils.py', reloading
2026-03-04 14:16:25,241 | INFO |  * Detected change in 'C:\\Users\\pavat\\Desktop\\HRReactWeb_AppV26\\HRReactWeb_AppV26\\Performance_Productivity\\model_utils.py', reloading
2026-03-04 14:16:25,242 | INFO |  * Detected change in 'C:\\Users\\pavat\\Desktop\\HRReactWeb_AppV26\\HRReactWeb_AppV26\\Performance_Productivity\\model_utils.py', reloading
2026-03-04 14:16:25,676 | INFO |  * Restarting with watchdog (windowsapi)
2026-03-04 14:16:27,966 | INFO | Starting Employee Attrition Prediction API...
2026-03-04 14:16:27,966 | INFO | Model path: employee_attrition_model.pkl
2026-03-04 14:16:27,972 | WARNING |  * Debugger is active!
2026-03-04 14:16:27,975 | INFO |  * Debugger PIN: 796-502-977
2026-03-04 14:20:57,373 | INFO |  * Detected change in 'C:\\Users\\pavat\\Desktop\\HRReactWeb_AppV26\\HRReactWeb_AppV26\\Performance_Productivity\\model_utils.py', reloading
2026-03-04 14:20:57,373 | INFO |  * Detected change in 'C:\\Users\\pavat\\Desktop\\HRReactWeb_AppV26\\HRReactWeb_AppV26\\Performance_Productivity\\model_utils.py', reloading
2026-03-04 14:20:57,735 | INFO |  * Restarting with watchdog (windowsapi)
2026-03-04 14:22:38,161 | INFO | Starting Employee Attrition Prediction API...
2026-03-04 14:22:38,161 | INFO | Model path: employee_attrition_model.pkl
2026-03-04 14:22:38,180 | INFO | [31m[1mWARNING: This is a development server. Do not use it in a production deployment. Use a production WSGI server instead.[0m
 * Running on all addresses (0.0.0.0)
 * Running on http://127.0.0.1:5003
 * Running on http://172.20.10.2:5003
2026-03-04 14:22:38,180 | INFO | [33mPress CTRL+C to quit[0m
2026-03-04 14:22:38,187 | INFO |  * Restarting with watchdog (windowsapi)
2026-03-04 14:22:40,065 | INFO | Starting Employee Attrition Prediction API...
2026-03-04 14:22:40,066 | INFO | Model path: employee_attrition_model.pkl
2026-03-04 14:22:40,076 | WARNING |  * Debugger is active!
2026-03-04 14:22:40,079 | INFO |  * Debugger PIN: 796-502-977
2026-03-04 14:28:09,956 | INFO | Starting Employee Attrition Prediction API...
2026-03-04 14:28:09,956 | INFO | Model path: employee_attrition_model.pkl
2026-03-04 14:28:09,974 | INFO | [31m[1mWARNING: This is a development server. Do not use it in a production deployment. Use a production WSGI server instead.[0m
 * Running on all addresses (0.0.0.0)
 * Running on http://127.0.0.1:5003
 * Running on http://172.28.20.130:5003
2026-03-04 14:28:09,974 | INFO | [33mPress CTRL+C to quit[0m
2026-03-04 14:28:09,982 | INFO |  * Restarting with watchdog (windowsapi)
2026-03-04 14:28:11,847 | INFO | Starting Employee Attrition Prediction API...
2026-03-04 14:28:11,847 | INFO | Model path: employee_attrition_model.pkl
2026-03-04 14:28:11,854 | WARNING |  * Debugger is active!
2026-03-04 14:28:11,858 | INFO |  * Debugger PIN: 796-502-977
2026-03-04 16:55:51,402 | INFO | Starting Employee Attrition Prediction API...
2026-03-04 16:55:51,403 | INFO | Model path: employee_attrition_model.pkl
2026-03-04 16:55:51,466 | INFO | [31m[1mWARNING: This is a development server. Do not use it in a production deployment. Use a production WSGI server instead.[0m
 * Running on all addresses (0.0.0.0)
 * Running on http://127.0.0.1:5003
 * Running on http://172.28.20.130:5003
2026-03-04 16:55:51,466 | INFO | [33mPress CTRL+C to quit[0m
2026-03-04 16:55:51,482 | INFO |  * Restarting with watchdog (windowsapi)
2026-03-04 16:55:53,886 | INFO | Starting Employee Attrition Prediction API...
2026-03-04 16:55:53,886 | INFO | Model path: employee_attrition_model.pkl
2026-03-04 16:55:53,898 | WARNING |  * Debugger is active!
2026-03-04 16:55:53,905 | INFO |  * Debugger PIN: 796-502-977
2026-03-04 16:55:54,058 | INFO |  * Detected change in 'C:\\Users\\pavat\\Desktop\\MyFinal\\Lib\\Python38\\Lib\\site-packages\\torch\\library.py', reloading
2026-03-04 16:55:54,071 | INFO |  * Detected change in 'C:\\Users\\pavat\\Desktop\\MyFinal\\Lib\\Python38\\Lib\\site-packages\\torch\\_prims\\nvfuser_prims.py', reloading
2026-03-04 16:55:54,089 | INFO |  * Detected change in 'C:\\Users\\pavat\\Desktop\\MyFinal\\Lib\\Python38\\Lib\\site-packages\\tensorflow\\python\\ops\\resource_variable_ops.py', reloading
2026-03-04 16:55:54,153 | INFO |  * Detected change in 'C:\\Users\\pavat\\Desktop\\MyFinal\\Lib\\Python38\\Lib\\site-packages\\tensorflow\\python\\ops\\bitwise_ops.py', reloading
2026-03-04 16:55:54,178 | INFO |  * Detected change in 'C:\\Users\\pavat\\Desktop\\MyFinal\\Lib\\Python38\\Lib\\site-packages\\tensorflow\\python\\ops\\stateless_random_ops.py', reloading
2026-03-04 16:55:54,202 | INFO |  * Detected change in 'C:\\Users\\pavat\\Desktop\\MyFinal\\Lib\\Python38\\Lib\\site-packages\\tensorflow\\python\\ops\\random_ops.py', reloading
2026-03-04 16:55:54,261 | INFO |  * Detected change in 'C:\\Users\\pavat\\Desktop\\MyFinal\\Lib\\Python38\\Lib\\site-packages\\tensorflow\\python\\ops\\io_ops.py', reloading
2026-03-04 16:55:54,288 | INFO |  * Detected change in 'C:\\Users\\pavat\\Desktop\\MyFinal\\Lib\\Python38\\Lib\\site-packages\\tensorflow\\python\\ops\\string_ops.py', reloading
2026-03-04 16:55:54,419 | INFO |  * Detected change in 'C:\\Users\\pavat\\Desktop\\MyFinal\\Lib\\Python38\\Lib\\site-packages\\tensorflow\\python\\tpu\\ops\\tpu_ops.py', reloading
2026-03-04 16:55:54,474 | INFO |  * Detected change in 'C:\\Users\\pavat\\Desktop\\MyFinal\\Lib\\Python38\\Lib\\site-packages\\tensorflow\\python\\training\\saver.py', reloading
2026-03-04 16:55:54,502 | INFO |  * Detected change in 'C:\\Users\\pavat\\Desktop\\MyFinal\\Lib\\Python38\\Lib\\site-packages\\tensorflow\\python\\ops\\logging_ops.py', reloading
2026-03-04 16:55:54,528 | INFO |  * Detected change in 'C:\\Users\\pavat\\Desktop\\MyFinal\\Lib\\Python38\\Lib\\site-packages\\tensorflow\\python\\ops\\script_ops.py', reloading
2026-03-04 16:55:54,552 | INFO |  * Detected change in 'C:\\Users\\pavat\\Desktop\\MyFinal\\Lib\\Python38\\Lib\\site-packages\\tensorflow\\python\\data\\ops\\dataset_ops.py', reloading
2026-03-04 16:55:54,575 | INFO |  * Detected change in 'C:\\Users\\pavat\\Desktop\\MyFinal\\Lib\\Python38\\Lib\\site-packages\\tensorflow\\python\\framework\\auto_control_deps.py', reloading
2026-03-04 16:55:54,716 | INFO |  * Detected change in 'C:\\Users\\pavat\\Desktop\\MyFinal\\Lib\\Python38\\Lib\\site-packages\\tensorflow\\python\\ops\\lookup_ops.py', reloading
2026-03-04 16:55:54,775 | INFO |  * Detected change in 'C:\\Users\\pavat\\Desktop\\MyFinal\\Lib\\Python38\\Lib\\site-packages\\tensorflow\\python\\ops\\special_math_ops.py', reloading
2026-03-04 16:55:54,829 | INFO |  * Detected change in 'C:\\Users\\pavat\\Desktop\\MyFinal\\Lib\\Python38\\Lib\\site-packages\\tensorflow\\python\\ops\\nn_ops.py', reloading
2026-03-04 16:55:55,107 | INFO |  * Restarting with watchdog (windowsapi)
2026-03-04 16:55:57,734 | INFO | Starting Employee Attrition Prediction API...
2026-03-04 16:55:57,734 | INFO | Model path: employee_attrition_model.pkl
2026-03-04 16:55:57,744 | WARNING |  * Debugger is active!
2026-03-04 16:55:57,750 | INFO |  * Debugger PIN: 796-502-977
2026-03-04 16:55:57,791 | INFO |  * Detected change in 'C:\\Users\\pavat\\Desktop\\MyFinal\\Lib\\Python38\\Lib\\site-packages\\tensorflow\\python\\ops\\cudnn_rnn_grad.py', reloading
2026-03-04 16:55:57,807 | INFO |  * Detected change in 'C:\\Users\\pavat\\Desktop\\MyFinal\\Lib\\Python38\\Lib\\site-packages\\tensorflow\\python\\ops\\rnn_grad.py', reloading
2026-03-04 16:55:57,819 | INFO |  * Detected change in 'C:\\Users\\pavat\\Desktop\\MyFinal\\Lib\\Python38\\Lib\\site-packages\\tensorflow\\python\\ops\\sparse_grad.py', reloading
2026-03-04 16:55:57,835 | INFO |  * Detected change in 'C:\\Users\\pavat\\Desktop\\MyFinal\\Lib\\Python38\\Lib\\site-packages\\tensorflow\\python\\ops\\state_grad.py', reloading
2026-03-04 16:55:57,866 | INFO |  * Detected change in 'C:\\Users\\pavat\\Desktop\\MyFinal\\Lib\\Python38\\Lib\\site-packages\\tensorflow\\python\\ops\\proto_ops.py', reloading
2026-03-04 16:55:58,115 | INFO |  * Detected change in 'C:\\Users\\pavat\\Desktop\\MyFinal\\Lib\\Python38\\Lib\\site-packages\\tensorflow\\python\\ops\\cond_v2.py', reloading
2026-03-04 16:55:58,138 | INFO |  * Detected change in 'C:\\Users\\pavat\\Desktop\\MyFinal\\Lib\\Python38\\Lib\\site-packages\\tensorflow\\python\\ops\\while_v2.py', reloading
2026-03-04 16:55:58,207 | INFO |  * Detected change in 'C:\\Users\\pavat\\Desktop\\MyFinal\\Lib\\Python38\\Lib\\site-packages\\tensorflow\\python\\ops\\signal\\fft_ops.py', reloading
2026-03-04 16:55:58,255 | INFO |  * Detected change in 'C:\\Users\\pavat\\Desktop\\MyFinal\\Lib\\Python38\\Lib\\site-packages\\tensorflow\\python\\ops\\linalg\\sparse\\sparse_csr_matrix_grad.py', reloading
2026-03-04 16:55:58,278 | INFO |  * Detected change in 'C:\\Users\\pavat\\Desktop\\MyFinal\\Lib\\Python38\\Lib\\site-packages\\tensorflow\\python\\ops\\ragged\\ragged_conversion_ops.py', reloading
2026-03-04 16:55:58,328 | INFO |  * Detected change in 'C:\\Users\\pavat\\Desktop\\MyFinal\\Lib\\Python38\\Lib\\site-packages\\tensorflow\\python\\profiler\\internal\\flops_registry.py', reloading
2026-03-04 16:55:58,428 | INFO |  * Detected change in 'C:\\Users\\pavat\\Desktop\\MyFinal\\Lib\\Python38\\Lib\\site-packages\\tensorflow\\python\\ops\\sdca_ops.py', reloading
2026-03-04 16:55:58,471 | INFO |  * Detected change in 'C:\\Users\\pavat\\Desktop\\MyFinal\\Lib\\Python38\\Lib\\site-packages\\tensorflow\\python\\training\\checkpoint_ops.py', reloading
2026-03-04 16:55:58,588 | INFO |  * Detected change in 'C:\\Users\\pavat\\Desktop\\MyFinal\\Lib\\Python38\\Lib\\site-packages\\tensorflow\\python\\debug\\lib\\debug_gradients.py', reloading
2026-03-04 16:55:58,657 | INFO |  * Detected change in 'C:\\Users\\pavat\\Desktop\\MyFinal\\Lib\\Python38\\Lib\\site-packages\\tensorflow\\python\\debug\\lib\\dumping_callback.py', reloading
2026-03-04 16:55:58,902 | INFO |  * Restarting with watchdog (windowsapi)
2026-03-04 16:56:00,598 | INFO | Starting Employee Attrition Prediction API...
2026-03-04 16:56:00,598 | INFO | Model path: employee_attrition_model.pkl
2026-03-04 16:56:00,606 | WARNING |  * Debugger is active!
2026-03-04 16:56:00,609 | INFO |  * Debugger PIN: 796-502-977
2026-03-04 16:56:40,579 | INFO |  * Detected change in 'C:\\Users\\pavat\\Desktop\\MyFinal\\Lib\\Python38\\Lib\\site-packages\\sklearn\\preprocessing\\_encoders.py', reloading
2026-03-04 16:56:40,969 | INFO |  * Detected change in 'C:\\Users\\pavat\\Desktop\\MyFinal\\Lib\\Python38\\Lib\\site-packages\\keras\\engine\\training.py', reloading
2026-03-04 16:56:41,448 | INFO |  * Restarting with watchdog (windowsapi)
2026-03-04 16:56:43,907 | INFO | Starting Employee Attrition Prediction API...
2026-03-04 16:56:43,907 | INFO | Model path: employee_attrition_model.pkl
2026-03-04 16:56:43,916 | WARNING |  * Debugger is active!
2026-03-04 16:56:43,920 | INFO |  * Debugger PIN: 796-502-977
2026-03-04 16:57:45,896 | INFO | 127.0.0.1 - - [04/Mar/2026 16:57:45] "GET /api/test HTTP/1.1" 200 -
2026-03-04 16:57:58,995 | ERROR | Preview error for row 0: [Errno 2] No such file or directory: 'employee_attrition_model.pkl'
2026-03-04 16:57:58,995 | ERROR | Preview error for row 1: [Errno 2] No such file or directory: 'employee_attrition_model.pkl'
2026-03-04 16:57:58,996 | ERROR | Preview error for row 2: [Errno 2] No such file or directory: 'employee_attrition_model.pkl'
2026-03-04 16:57:58,996 | ERROR | Preview error for row 3: [Errno 2] No such file or directory: 'employee_attrition_model.pkl'
2026-03-04 16:57:58,996 | ERROR | Preview error for row 4: [Errno 2] No such file or directory: 'employee_attrition_model.pkl'
2026-03-04 16:57:58,998 | INFO | 127.0.0.1 - - [04/Mar/2026 16:57:58] "POST /api/predict/preview HTTP/1.1" 200 -
2026-03-04 16:58:02,229 | INFO | CSV loaded with 1490 rows and columns: ['EmployeeID', 'Age', 'Gender', 'MaritalStatus', 'Education', 'EducationField', 'Department', 'JobRole', 'JobLevel', 'YearsAtCompany', 'YearsInCurrentRole', 'YearsSinceLastPromotion', 'YearsWithCurrManager', 'MonthlyIncome', 'HourlyRate', 'DailyRate', 'PercentSalaryHike', 'DistanceFromHome', 'BusinessTravel', 'OverTime', 'NumCompaniesWorked', 'TotalWorkingYears', 'TrainingTimesLastYear', 'EnvironmentSatisfaction', 'JobSatisfaction', 'RelationshipSatisfaction', 'WorkLifeBalance', 'JobInvolvement', 'PerformanceRating', 'StockOptionLevel', 'Attrition', 'Over18', 'StandardHours']
2026-03-04 16:58:02,229 | INFO | Processing 1490 employees for attrition prediction...
2026-03-04 16:58:02,230 | INFO | Predicting employee index 0...
2026-03-04 16:58:02,231 | ERROR | Error processing employee 0: [Errno 2] No such file or directory: 'employee_attrition_model.pkl'
2026-03-04 16:58:02,231 | INFO | Predicting employee index 1...
2026-03-04 16:58:02,231 | ERROR | Error processing employee 1: [Errno 2] No such file or directory: 'employee_attrition_model.pkl'
2026-03-04 16:58:02,231 | INFO | Predicting employee index 2...
2026-03-04 16:58:02,231 | ERROR | Error processing employee 2: [Errno 2] No such file or directory: 'employee_attrition_model.pkl'
2026-03-04 16:58:02,231 | INFO | Predicting employee index 3...
2026-03-04 16:58:02,232 | ERROR | Error processing employee 3: [Errno 2] No such file or directory: 'employee_attrition_model.pkl'
2026-03-04 16:58:02,232 | INFO | Predicting employee index 4...
2026-03-04 16:58:02,232 | ERROR | Error processing employee 4: [Errno 2] No such file or directory: 'employee_attrition_model.pkl'
2026-03-04 16:58:02,232 | INFO | Predicting employee index 5...
2026-03-04 16:58:02,232 | ERROR | Error processing employee 5: [Errno 2] No such file or directory: 'employee_attrition_model.pkl'
2026-03-04 16:58:02,233 | INFO | Predicting employee index 6...
2026-03-04 16:58:02,233 | ERROR | Error processing employee 6: [Errno 2] No such file or directory: 'employee_attrition_model.pkl'
2026-03-04 16:58:02,233 | INFO | Predicting employee index 7...
2026-03-04 16:58:02,233 | ERROR | Error processing employee 7: [Errno 2] No such file or directory: 'employee_attrition_model.pkl'
2026-03-04 16:58:02,233 | INFO | Predicting employee index 8...
2026-03-04 16:58:02,233 | ERROR | Error processing employee 8: [Errno 2] No such file or directory: 'employee_attrition_model.pkl'
2026-03-04 16:58:02,234 | INFO | Predicting employee index 9...
2026-03-04 16:58:02,234 | ERROR | Error processing employee 9: [Errno 2] No such file or directory: 'employee_attrition_model.pkl'
2026-03-04 16:58:02,234 | INFO | Predicting employee index 10...
2026-03-04 16:58:02,234 | ERROR | Error processing employee 10: [Errno 2] No such file or directory: 'employee_attrition_model.pkl'
2026-03-04 16:58:02,234 | INFO | Predicting employee index 11...
2026-03-04 16:58:02,235 | ERROR | Error processing employee 11: [Errno 2] No such file or directory: 'employee_attrition_model.pkl'
2026-03-04 16:58:02,235 | INFO | Predicting employee index 12...
2026-03-04 16:58:02,235 | ERROR | Error processing employee 12: [Errno 2] No such file or directory: 'employee_attrition_model.pkl'
2026-03-04 16:58:02,235 | INFO | Predicting employee index 13...
2026-03-04 16:58:02,236 | ERROR | Error processing employee 13: [Errno 2] No such file or directory: 'employee_attrition_model.pkl'
2026-03-04 16:58:02,236 | INFO | Predicting employee index 14...
2026-03-04 16:58:02,236 | ERROR | Error processing employee 14: [Errno 2] No such file or directory: 'employee_attrition_model.pkl'
2026-03-04 16:58:02,237 | INFO | Predicting employee index 15...
2026-03-04 16:58:02,238 | ERROR | Error processing employee 15: [Errno 2] No such file or directory: 'employee_attrition_model.pkl'
2026-03-04 16:58:02,238 | INFO | Predicting employee index 16...
2026-03-04 16:58:02,238 | ERROR | Error processing employee 16: [Errno 2] No such file or directory: 'employee_attrition_model.pkl'
2026-03-04 16:58:02,240 | INFO | Predicting employee index 17...
2026-03-04 16:58:02,240 | ERROR | Error processing employee 17: [Errno 2] No such file or directory: 'employee_attrition_model.pkl'
2026-03-04 16:58:02,240 | INFO | Predicting employee index 18...
2026-03-04 16:58:02,240 | ERROR | Error processing employee 18: [Errno 2] No such file or directory: 'employee_attrition_model.pkl'
2026-03-04 16:58:02,240 | INFO | Predicting employee index 19...
2026-03-04 16:58:02,240 | ERROR | Error processing employee 19: [Errno 2] No such file or directory: 'employee_attrition_model.pkl'
2026-03-04 16:58:02,240 | INFO | Predicting employee index 20...
2026-03-04 16:58:02,242 | ERROR | Error processing employee 20: [Errno 2] No such file or directory: 'employee_attrition_model.pkl'
2026-03-04 16:58:02,242 | INFO | Predicting employee index 21...
2026-03-04 16:58:02,242 | ERROR | Error processing employee 21: [Errno 2] No such file or directory: 'employee_attrition_model.pkl'
2026-03-04 16:58:02,242 | INFO | Predicting employee index 22...
2026-03-04 16:58:02,243 | ERROR | Error processing employee 22: [Errno 2] No such file or directory: 'employee_attrition_model.pkl'
2026-03-04 16:58:02,243 | INFO | Predicting employee index 23...
2026-03-04 16:58:02,243 | ERROR | Error processing employee 23: [Errno 2] No such file or directory: 'employee_attrition_model.pkl'
2026-03-04 16:58:02,243 | INFO | Predicting employee index 24...
2026-03-04 16:58:02,244 | ERROR | Error processing employee 24: [Errno 2] No such file or directory: 'employee_attrition_model.pkl'
2026-03-04 16:58:02,244 | INFO | Predicting employee index 25...
2026-03-04 16:58:02,244 | ERROR | Error processing employee 25: [Errno 2] No such file or directory: 'employee_attrition_model.pkl'
2026-03-04 16:58:02,244 | INFO | Predicting employee index 26...
2026-03-04 16:58:02,244 | ERROR | Error processing employee 26: [Errno 2] No such file or directory: 'employee_attrition_model.pkl'
2026-03-04 16:58:02,245 | INFO | Predicting employee index 27...
2026-03-04 16:58:02,245 | ERROR | Error processing employee 27: [Errno 2] No such file or directory: 'employee_attrition_model.pkl'
2026-03-04 16:58:02,248 | INFO | Predicting employee index 28...
2026-03-04 16:58:02,250 | ERROR | Error processing employee 28: [Errno 2] No such file or directory: 'employee_attrition_model.pkl'
2026-03-04 16:58:02,250 | INFO | Predicting employee index 29...
2026-03-04 16:58:02,250 | ERROR | Error processing employee 29: [Errno 2] No such file or directory: 'employee_attrition_model.pkl'
2026-03-04 16:58:02,251 | INFO | Predicting employee index 30...
2026-03-04 16:58:02,251 | ERROR | Error processing employee 30: [Errno 2] No such file or directory: 'employee_attrition_model.pkl'
2026-03-04 16:58:02,251 | INFO | Predicting employee index 31...
2026-03-04 16:58:02,252 | ERROR | Error processing employee 31: [Errno 2] No such file or directory: 'employee_attrition_model.pkl'
2026-03-04 16:58:02,252 | INFO | Predicting employee index 32...
2026-03-04 16:58:02,252 | ERROR | Error processing employee 32: [Errno 2] No such file or directory: 'employee_attrition_model.pkl'
2026-03-04 16:58:02,252 | INFO | Predicting employee index 33...
2026-03-04 16:58:02,252 | ERROR | Error processing employee 33: [Errno 2] No such file or directory: 'employee_attrition_model.pkl'
2026-03-04 16:58:02,253 | INFO | Predicting employee index 34...
2026-03-04 16:58:02,253 | ERROR | Error processing employee 34: [Errno 2] No such file or directory: 'employee_attrition_model.pkl'
2026-03-04 16:58:02,253 | INFO | Predicting employee index 35...
2026-03-04 16:58:02,254 | ERROR | Error processing employee 35: [Errno 2] No such file or directory: 'employee_attrition_model.pkl'
2026-03-04 16:58:02,254 | INFO | Predicting employee index 36...
2026-03-04 16:58:02,254 | ERROR | Error processing employee 36: [Errno 2] No such file or directory: 'employee_attrition_model.pkl'
2026-03-04 16:58:02,255 | INFO | Predicting employee index 37...
2026-03-04 16:58:02,255 | ERROR | Error processing employee 37: [Errno 2] No such file or directory: 'employee_attrition_model.pkl'
2026-03-04 16:58:02,255 | INFO | Predicting employee index 38...
2026-03-04 16:58:02,256 | ERROR | Error processing employee 38: [Errno 2] No such file or directory: 'employee_attrition_model.pkl'
2026-03-04 16:58:02,256 | INFO | Predicting employee index 39...
2026-03-04 16:58:02,256 | ERROR | Error processing employee 39: [Errno 2] No such file or directory: 'employee_attrition_model.pkl'
2026-03-04 16:58:02,257 | INFO | Predicting employee index 40...
2026-03-04 16:58:02,257 | ERROR | Error processing employee 40: [Errno 2] No such file or directory: 'employee_attrition_model.pkl'
2026-03-04 16:58:02,257 | INFO | Predicting employee index 41...
2026-03-04 16:58:02,257 | ERROR | Error processing employee 41: [Errno 2] No such file or directory: 'employee_attrition_model.pkl'
2026-03-04 16:58:02,258 | INFO | Predicting employee index 42...
2026-03-04 16:58:02,258 | ERROR | Error processing employee 42: [Errno 2] No such file or directory: 'employee_attrition_model.pkl'
2026-03-04 16:58:02,258 | INFO | Predicting employee index 43...
2026-03-04 16:58:02,258 | ERROR | Error processing employee 43: [Errno 2] No such file or directory: 'employee_attrition_model.pkl'
2026-03-04 16:58:02,258 | INFO | Predicting employee index 44...
2026-03-04 16:58:02,259 | ERROR | Error processing employee 44: [Errno 2] No such file or directory: 'employee_attrition_model.pkl'
2026-03-04 16:58:02,259 | INFO | Predicting employee index 45...
2026-03-04 16:58:02,259 | ERROR | Error processing employee 45: [Errno 2] No such file or directory: 'employee_attrition_model.pkl'
2026-03-04 16:58:02,259 | INFO | Predicting employee index 46...
2026-03-04 16:58:02,259 | ERROR | Error processing employee 46: [Errno 2] No such file or directory: 'employee_attrition_model.pkl'
2026-03-04 16:58:02,260 | INFO | Predicting employee index 47...
2026-03-04 16:58:02,260 | ERROR | Error processing employee 47: [Errno 2] No such file or directory: 'employee_attrition_model.pkl'
2026-03-04 16:58:02,260 | INFO | Predicting employee index 48...
2026-03-04 16:58:02,260 | ERROR | Error processing employee 48: [Errno 2] No such file or directory: 'employee_attrition_model.pkl'
2026-03-04 16:58:02,264 | INFO | Predicting employee index 49...
2026-03-04 16:58:02,264 | ERROR | Error processing employee 49: [Errno 2] No such file or directory: 'employee_attrition_model.pkl'
2026-03-04 16:58:02,265 | INFO | Predicting employee index 50...
2026-03-04 16:58:02,265 | ERROR | Error processing employee 50: [Errno 2] No such file or directory: 'employee_attrition_model.pkl'
2026-03-04 16:58:02,265 | INFO | Predicting employee index 51...
2026-03-04 16:58:02,266 | ERROR | Error processing employee 51: [Errno 2] No such file or directory: 'employee_attrition_model.pkl'
2026-03-04 16:58:02,266 | INFO | Predicting employee index 52...
2026-03-04 16:58:02,266 | ERROR | Error processing employee 52: [Errno 2] No such file or directory: 'employee_attrition_model.pkl'
2026-03-04 16:58:02,266 | INFO | Predicting employee index 53...
2026-03-04 16:58:02,267 | ERROR | Error processing employee 53: [Errno 2] No such file or directory: 'employee_attrition_model.pkl'
2026-03-04 16:58:02,267 | INFO | Predicting employee index 54...
2026-03-04 16:58:02,267 | ERROR | Error processing employee 54: [Errno 2] No such file or directory: 'employee_attrition_model.pkl'
2026-03-04 16:58:02,267 | INFO | Predicting employee index 55...
2026-03-04 16:58:02,268 | ERROR | Error processing employee 55: [Errno 2] No such file or directory: 'employee_attrition_model.pkl'
2026-03-04 16:58:02,268 | INFO | Predicting employee index 56...
2026-03-04 16:58:02,268 | ERROR | Error processing employee 56: [Errno 2] No such file or directory: 'employee_attrition_model.pkl'
2026-03-04 16:58:02,268 | INFO | Predicting employee index 57...
2026-03-04 16:58:02,268 | ERROR | Error processing employee 57: [Errno 2] No such file or directory: 'employee_attrition_model.pkl'
2026-03-04 16:58:02,268 | INFO | Predicting employee index 58...
2026-03-04 16:58:02,268 | ERROR | Error processing employee 58: [Errno 2] No such file or directory: 'employee_attrition_model.pkl'
2026-03-04 16:58:02,269 | INFO | Predicting employee index 59...
2026-03-04 16:58:02,269 | ERROR | Error processing employee 59: [Errno 2] No such file or directory: 'employee_attrition_model.pkl'
2026-03-04 16:58:02,269 | INFO | Predicting employee index 60...
2026-03-04 16:58:02,269 | ERROR | Error processing employee 60: [Errno 2] No such file or directory: 'employee_attrition_model.pkl'
2026-03-04 16:58:02,269 | INFO | Predicting employee index 61...
2026-03-04 16:58:02,270 | ERROR | Error processing employee 61: [Errno 2] No such file or directory: 'employee_attrition_model.pkl'
2026-03-04 16:58:02,270 | INFO | Predicting employee index 62...
2026-03-04 16:58:02,270 | ERROR | Error processing employee 62: [Errno 2] No such file or directory: 'employee_attrition_model.pkl'
2026-03-04 16:58:02,270 | INFO | Predicting employee index 63...
2026-03-04 16:58:02,270 | ERROR | Error processing employee 63: [Errno 2] No such file or directory: 'employee_attrition_model.pkl'
2026-03-04 16:58:02,271 | INFO | Predicting employee index 64...
2026-03-04 16:58:02,271 | ERROR | Error processing employee 64: [Errno 2] No such file or directory: 'employee_attrition_model.pkl'
2026-03-04 16:58:02,271 | INFO | Predicting employee index 65...
2026-03-04 16:58:02,271 | ERROR | Error processing employee 65: [Errno 2] No such file or directory: 'employee_attrition_model.pkl'
2026-03-04 16:58:02,271 | INFO | Predicting employee index 66...
2026-03-04 16:58:02,272 | ERROR | Error processing employee 66: [Errno 2] No such file or directory: 'employee_attrition_model.pkl'
2026-03-04 16:58:02,272 | INFO | Predicting employee index 67...
2026-03-04 16:58:02,272 | ERROR | Error processing employee 67: [Errno 2] No such file or directory: 'employee_attrition_model.pkl'
2026-03-04 16:58:02,272 | INFO | Predicting employee index 68...
2026-03-04 16:58:02,272 | ERROR | Error processing employee 68: [Errno 2] No such file or directory: 'employee_attrition_model.pkl'
2026-03-04 16:58:02,273 | INFO | Predicting employee index 69...
2026-03-04 16:58:02,273 | ERROR | Error processing employee 69: [Errno 2] No such file or directory: 'employee_attrition_model.pkl'
2026-03-04 16:58:02,279 | INFO | Predicting employee index 70...
2026-03-04 16:58:02,279 | ERROR | Error processing employee 70: [Errno 2] No such file or directory: 'employee_attrition_model.pkl'
2026-03-04 16:58:02,279 | INFO | Predicting employee index 71...
2026-03-04 16:58:02,279 | ERROR | Error processing employee 71: [Errno 2] No such file or directory: 'employee_attrition_model.pkl'
2026-03-04 16:58:02,280 | INFO | Predicting employee index 72...
2026-03-04 16:58:02,280 | ERROR | Error processing employee 72: [Errno 2] No such file or directory: 'employee_attrition_model.pkl'
2026-03-04 16:58:02,280 | INFO | Predicting employee index 73...
2026-03-04 16:58:02,280 | ERROR | Error processing employee 73: [Errno 2] No such file or directory: 'employee_attrition_model.pkl'
2026-03-04 16:58:02,296 | INFO | Predicting employee index 74...
2026-03-04 16:58:02,296 | ERROR | Error processing employee 74: [Errno 2] No such file or directory: 'employee_attrition_model.pkl'
2026-03-04 16:58:02,296 | INFO | Predicting employee index 75...
2026-03-04 16:58:02,297 | ERROR | Error processing employee 75: [Errno 2] No such file or directory: 'employee_attrition_model.pkl'
2026-03-04 16:58:02,297 | INFO | Predicting employee index 76...
2026-03-04 16:58:02,297 | ERROR | Error processing employee 76: [Errno 2] No such file or directory: 'employee_attrition_model.pkl'
2026-03-04 16:58:02,297 | INFO | Predicting employee index 77...
2026-03-04 16:58:02,297 | ERROR | Error processing employee 77: [Errno 2] No such file or directory: 'employee_attrition_model.pkl'
2026-03-04 16:58:02,297 | INFO | Predicting employee index 78...
2026-03-04 16:58:02,297 | ERROR | Error processing employee 78: [Errno 2] No such file or directory: 'employee_attrition_model.pkl'
2026-03-04 16:58:02,298 | INFO | Predicting employee index 79...
2026-03-04 16:58:02,298 | ERROR | Error processing employee 79: [Errno 2] No such file or directory: 'employee_attrition_model.pkl'
2026-03-04 16:58:02,299 | INFO | Predicting employee index 80...
2026-03-04 16:58:02,299 | ERROR | Error processing employee 80: [Errno 2] No such file or directory: 'employee_attrition_model.pkl'
2026-03-04 16:58:02,300 | INFO | Predicting employee index 81...
2026-03-04 16:58:02,300 | ERROR | Error processing employee 81: [Errno 2] No such file or directory: 'employee_attrition_model.pkl'
2026-03-04 16:58:02,300 | INFO | Predicting employee index 82...
2026-03-04 16:58:02,300 | ERROR | Error processing employee 82: [Errno 2] No such file or directory: 'employee_attrition_model.pkl'
2026-03-04 16:58:02,301 | INFO | Predicting employee index 83...
2026-03-04 16:58:02,301 | ERROR | Error processing employee 83: [Errno 2] No such file or directory: 'employee_attrition_model.pkl'
2026-03-04 16:58:02,301 | INFO | Predicting employee index 84...
2026-03-04 16:58:02,301 | ERROR | Error processing employee 84: [Errno 2] No such file or directory: 'employee_attrition_model.pkl'
2026-03-04 16:58:02,301 | INFO | Predicting employee index 85...
2026-03-04 16:58:02,301 | ERROR | Error processing employee 85: [Errno 2] No such file or directory: 'employee_attrition_model.pkl'
2026-03-04 16:58:02,302 | INFO | Predicting employee index 86...
2026-03-04 16:58:02,302 | ERROR | Error processing employee 86: [Errno 2] No such file or directory: 'employee_attrition_model.pkl'
2026-03-04 16:58:02,302 | INFO | Predicting employee index 87...
2026-03-04 16:58:02,302 | ERROR | Error processing employee 87: [Errno 2] No such file or directory: 'employee_attrition_model.pkl'
2026-03-04 16:58:02,302 | INFO | Predicting employee index 88...
2026-03-04 16:58:02,302 | ERROR | Error processing employee 88: [Errno 2] No such file or directory: 'employee_attrition_model.pkl'
2026-03-04 16:58:02,303 | INFO | Predicting employee index 89...
2026-03-04 16:58:02,303 | ERROR | Error processing employee 89: [Errno 2] No such file or directory: 'employee_attrition_model.pkl'
2026-03-04 16:58:02,303 | INFO | Predicting employee index 90...
2026-03-04 16:58:02,304 | ERROR | Error processing employee 90: [Errno 2] No such file or directory: 'employee_attrition_model.pkl'
2026-03-04 16:58:02,304 | INFO | Predicting employee index 91...
2026-03-04 16:58:02,304 | ERROR | Error processing employee 91: [Errno 2] No such file or directory: 'employee_attrition_model.pkl'
2026-03-04 16:58:02,304 | INFO | Predicting employee index 92...
2026-03-04 16:58:02,305 | ERROR | Error processing employee 92: [Errno 2] No such file or directory: 'employee_attrition_model.pkl'
2026-03-04 16:58:02,305 | INFO | Predicting employee index 93...
2026-03-04 16:58:02,305 | ERROR | Error processing employee 93: [Errno 2] No such file or directory: 'employee_attrition_model.pkl'
2026-03-04 16:58:02,305 | INFO | Predicting employee index 94...
2026-03-04 16:58:02,306 | ERROR | Error processing employee 94: [Errno 2] No such file or directory: 'employee_attrition_model.pkl'
2026-03-04 16:58:02,310 | INFO | Predicting employee index 95...
2026-03-04 16:58:02,310 | ERROR | Error processing employee 95: [Errno 2] No such file or directory: 'employee_attrition_model.pkl'
2026-03-04 16:58:02,310 | INFO | Predicting employee index 96...
2026-03-04 16:58:02,310 | ERROR | Error processing employee 96: [Errno 2] No such file or directory: 'employee_attrition_model.pkl'
2026-03-04 16:58:02,310 | INFO | Predicting employee index 97...
2026-03-04 16:58:02,312 | ERROR | Error processing employee 97: [Errno 2] No such file or directory: 'employee_attrition_model.pkl'
2026-03-04 16:58:02,312 | INFO | Predicting employee index 98...
2026-03-04 16:58:02,312 | ERROR | Error processing employee 98: [Errno 2] No such file or directory: 'employee_attrition_model.pkl'
2026-03-04 16:58:02,312 | INFO | Predicting employee index 99...
2026-03-04 16:58:02,312 | ERROR | Error processing employee 99: [Errno 2] No such file or directory: 'employee_attrition_model.pkl'
2026-03-04 16:58:02,312 | INFO | Predicting employee index 100...
2026-03-04 16:58:02,312 | ERROR | Error processing employee 100: [Errno 2] No such file or directory: 'employee_attrition_model.pkl'
2026-03-04 16:58:02,313 | INFO | Predicting employee index 101...
2026-03-04 16:58:02,313 | ERROR | Error processing employee 101: [Errno 2] No such file or directory: 'employee_attrition_model.pkl'
2026-03-04 16:58:02,313 | INFO | Predicting employee index 102...
2026-03-04 16:58:02,314 | ERROR | Error processing employee 102: [Errno 2] No such file or directory: 'employee_attrition_model.pkl'
2026-03-04 16:58:02,314 | INFO | Predicting employee index 103...
2026-03-04 16:58:02,314 | ERROR | Error processing employee 103: [Errno 2] No such file or directory: 'employee_attrition_model.pkl'
2026-03-04 16:58:02,315 | INFO | Predicting employee index 104...
2026-03-04 16:58:02,315 | ERROR | Error processing employee 104: [Errno 2] No such file or directory: 'employee_attrition_model.pkl'
2026-03-04 16:58:02,315 | INFO | Predicting employee index 105...
2026-03-04 16:58:02,316 | ERROR | Error processing employee 105: [Errno 2] No such file or directory: 'employee_attrition_model.pkl'
2026-03-04 16:58:02,316 | INFO | Predicting employee index 106...
2026-03-04 16:58:02,316 | ERROR | Error processing employee 106: [Errno 2] No such file or directory: 'employee_attrition_model.pkl'
2026-03-04 16:58:02,316 | INFO | Predicting employee index 107...
2026-03-04 16:58:02,316 | ERROR | Error processing employee 107: [Errno 2] No such file or directory: 'employee_attrition_model.pkl'
2026-03-04 16:58:02,317 | INFO | Predicting employee index 108...
2026-03-04 16:58:02,317 | ERROR | Error processing employee 108: [Errno 2] No such file or directory: 'employee_attrition_model.pkl'
2026-03-04 16:58:02,317 | INFO | Predicting employee index 109...
2026-03-04 16:58:02,317 | ERROR | Error processing employee 109: [Errno 2] No such file or directory: 'employee_attrition_model.pkl'
2026-03-04 16:58:02,317 | INFO | Predicting employee index 110...
2026-03-04 16:58:02,317 | ERROR | Error processing employee 110: [Errno 2] No such file or directory: 'employee_attrition_model.pkl'
2026-03-04 16:58:02,318 | INFO | Predicting employee index 111...
2026-03-04 16:58:02,318 | ERROR | Error processing employee 111: [Errno 2] No such file or directory: 'employee_attrition_model.pkl'
2026-03-04 16:58:02,318 | INFO | Predicting employee index 112...
2026-03-04 16:58:02,318 | ERROR | Error processing employee 112: [Errno 2] No such file or directory: 'employee_attrition_model.pkl'
2026-03-04 16:58:02,319 | INFO | Predicting employee index 113...
2026-03-04 16:58:02,319 | ERROR | Error processing employee 113: [Errno 2] No such file or directory: 'employee_attrition_model.pkl'
2026-03-04 16:58:02,319 | INFO | Predicting employee index 114...
2026-03-04 16:58:02,319 | ERROR | Error processing employee 114: [Errno 2] No such file or directory: 'employee_attrition_model.pkl'
2026-03-04 16:58:02,319 | INFO | Predicting employee index 115...
2026-03-04 16:58:02,320 | ERROR | Error processing employee 115: [Errno 2] No such file or directory: 'employee_attrition_model.pkl'
2026-03-04 16:58:02,320 | INFO | Predicting employee index 116...
2026-03-04 16:58:02,320 | ERROR | Error processing employee 116: [Errno 2] No such file or directory: 'employee_attrition_model.pkl'
2026-03-04 16:58:02,326 | INFO | Predicting employee index 117...
2026-03-04 16:58:02,326 | ERROR | Error processing employee 117: [Errno 2] No such file or directory: 'employee_attrition_model.pkl'
2026-03-04 16:58:02,326 | INFO | Predicting employee index 118...
2026-03-04 16:58:02,326 | ERROR | Error processing employee 118: [Errno 2] No such file or directory: 'employee_attrition_model.pkl'
2026-03-04 16:58:02,326 | INFO | Predicting employee index 119...
2026-03-04 16:58:02,327 | ERROR | Error processing employee 119: [Errno 2] No such file or directory: 'employee_attrition_model.pkl'
2026-03-04 16:58:02,327 | INFO | Predicting employee index 120...
2026-03-04 16:58:02,327 | ERROR | Error processing employee 120: [Errno 2] No such file or directory: 'employee_attrition_model.pkl'
2026-03-04 16:58:02,327 | INFO | Predicting employee index 121...
2026-03-04 16:58:02,327 | ERROR | Error processing employee 121: [Errno 2] No such file or directory: 'employee_attrition_model.pkl'
2026-03-04 16:58:02,327 | INFO | Predicting employee index 122...
2026-03-04 16:58:02,327 | ERROR | Error processing employee 122: [Errno 2] No such file or directory: 'employee_attrition_model.pkl'
2026-03-04 16:58:02,328 | INFO | Predicting employee index 123...
2026-03-04 16:58:02,328 | ERROR | Error processing employee 123: [Errno 2] No such file or directory: 'employee_attrition_model.pkl'
2026-03-04 16:58:02,328 | INFO | Predicting employee index 124...
2026-03-04 16:58:02,328 | ERROR | Error processing employee 124: [Errno 2] No such file or directory: 'employee_attrition_model.pkl'
2026-03-04 16:58:02,328 | INFO | Predicting employee index 125...
2026-03-04 16:58:02,329 | ERROR | Error processing employee 125: [Errno 2] No such file or directory: 'employee_attrition_model.pkl'
2026-03-04 16:58:02,329 | INFO | Predicting employee index 126...
2026-03-04 16:58:02,329 | ERROR | Error processing employee 126: [Errno 2] No such file or directory: 'employee_attrition_model.pkl'
2026-03-04 16:58:02,329 | INFO | Predicting employee index 127...
2026-03-04 16:58:02,329 | ERROR | Error processing employee 127: [Errno 2] No such file or directory: 'employee_attrition_model.pkl'
2026-03-04 16:58:02,330 | INFO | Predicting employee index 128...
2026-03-04 16:58:02,330 | ERROR | Error processing employee 128: [Errno 2] No such file or directory: 'employee_attrition_model.pkl'
2026-03-04 16:58:02,330 | INFO | Predicting employee index 129...
2026-03-04 16:58:02,330 | ERROR | Error processing employee 129: [Errno 2] No such file or directory: 'employee_attrition_model.pkl'
2026-03-04 16:58:02,330 | INFO | Predicting employee index 130...
2026-03-04 16:58:02,331 | ERROR | Error processing employee 130: [Errno 2] No such file or directory: 'employee_attrition_model.pkl'
2026-03-04 16:58:02,331 | INFO | Predicting employee index 131...
2026-03-04 16:58:02,331 | ERROR | Error processing employee 131: [Errno 2] No such file or directory: 'employee_attrition_model.pkl'
2026-03-04 16:58:02,331 | INFO | Predicting employee index 132...
2026-03-04 16:58:02,331 | ERROR | Error processing employee 132: [Errno 2] No such file or directory: 'employee_attrition_model.pkl'
2026-03-04 16:58:02,331 | INFO | Predicting employee index 133...
2026-03-04 16:58:02,332 | ERROR | Error processing employee 133: [Errno 2] No such file or directory: 'employee_attrition_model.pkl'
2026-03-04 16:58:02,332 | INFO | Predicting employee index 134...
2026-03-04 16:58:02,332 | ERROR | Error processing employee 134: [Errno 2] No such file or directory: 'employee_attrition_model.pkl'
2026-03-04 16:58:02,332 | INFO | Predicting employee index 135...
2026-03-04 16:58:02,332 | ERROR | Error processing employee 135: [Errno 2] No such file or directory: 'employee_attrition_model.pkl'
2026-03-04 16:58:02,333 | INFO | Predicting employee index 136...
2026-03-04 16:58:02,333 | ERROR | Error processing employee 136: [Errno 2] No such file or directory: 'employee_attrition_model.pkl'
2026-03-04 16:58:02,333 | INFO | Predicting employee index 137...
2026-03-04 16:58:02,333 | ERROR | Error processing employee 137: [Errno 2] No such file or directory: 'employee_attrition_model.pkl'
2026-03-04 16:58:02,333 | INFO | Predicting employee index 138...
2026-03-04 16:58:02,333 | ERROR | Error processing employee 138: [Errno 2] No such file or directory: 'employee_attrition_model.pkl'
2026-03-04 16:58:02,341 | INFO | Predicting employee index 139...
2026-03-04 16:58:02,341 | ERROR | Error processing employee 139: [Errno 2] No such file or directory: 'employee_attrition_model.pkl'
2026-03-04 16:58:02,341 | INFO | Predicting employee index 140...
2026-03-04 16:58:02,341 | ERROR | Error processing employee 140: [Errno 2] No such file or directory: 'employee_attrition_model.pkl'
2026-03-04 16:58:02,341 | INFO | Predicting employee index 141...
2026-03-04 16:58:02,342 | ERROR | Error processing employee 141: [Errno 2] No such file or directory: 'employee_attrition_model.pkl'
2026-03-04 16:58:02,342 | INFO | Predicting employee index 142...
2026-03-04 16:58:02,342 | ERROR | Error processing employee 142: [Errno 2] No such file or directory: 'employee_attrition_model.pkl'
2026-03-04 16:58:02,342 | INFO | Predicting employee index 143...
2026-03-04 16:58:02,342 | ERROR | Error processing employee 143: [Errno 2] No such file or directory: 'employee_attrition_model.pkl'
2026-03-04 16:58:02,342 | INFO | Predicting employee index 144...
2026-03-04 16:58:02,343 | ERROR | Error processing employee 144: [Errno 2] No such file or directory: 'employee_attrition_model.pkl'
2026-03-04 16:58:02,343 | INFO | Predicting employee index 145...
2026-03-04 16:58:02,343 | ERROR | Error processing employee 145: [Errno 2] No such file or directory: 'employee_attrition_model.pkl'
2026-03-04 16:58:02,343 | INFO | Predicting employee index 146...
2026-03-04 16:58:02,344 | ERROR | Error processing employee 146: [Errno 2] No such file or directory: 'employee_attrition_model.pkl'
2026-03-04 16:58:02,344 | INFO | Predicting employee index 147...
2026-03-04 16:58:02,344 | ERROR | Error processing employee 147: [Errno 2] No such file or directory: 'employee_attrition_model.pkl'
2026-03-04 16:58:02,345 | INFO | Predicting employee index 148...
2026-03-04 16:58:02,345 | ERROR | Error processing employee 148: [Errno 2] No such file or directory: 'employee_attrition_model.pkl'
2026-03-04 16:58:02,345 | INFO | Predicting employee index 149...
2026-03-04 16:58:02,345 | ERROR | Error processing employee 149: [Errno 2] No such file or directory: 'employee_attrition_model.pkl'
2026-03-04 16:58:02,346 | INFO | Predicting employee index 150...
2026-03-04 16:58:02,346 | ERROR | Error processing employee 150: [Errno 2] No such file or directory: 'employee_attrition_model.pkl'
2026-03-04 16:58:02,346 | INFO | Predicting employee index 151...
2026-03-04 16:58:02,346 | ERROR | Error processing employee 151: [Errno 2] No such file or directory: 'employee_attrition_model.pkl'
2026-03-04 16:58:02,346 | INFO | Predicting employee index 152...
2026-03-04 16:58:02,346 | ERROR | Error processing employee 152: [Errno 2] No such file or directory: 'employee_attrition_model.pkl'
2026-03-04 16:58:02,346 | INFO | Predicting employee index 153...
2026-03-04 16:58:02,346 | ERROR | Error processing employee 153: [Errno 2] No such file or directory: 'employee_attrition_model.pkl'
2026-03-04 16:58:02,346 | INFO | Predicting employee index 154...
2026-03-04 16:58:02,346 | ERROR | Error processing employee 154: [Errno 2] No such file or directory: 'employee_attrition_model.pkl'
2026-03-04 16:58:02,347 | INFO | Predicting employee index 155...
2026-03-04 16:58:02,347 | ERROR | Error processing employee 155: [Errno 2] No such file or directory: 'employee_attrition_model.pkl'
2026-03-04 16:58:02,347 | INFO | Predicting employee index 156...
2026-03-04 16:58:02,347 | ERROR | Error processing employee 156: [Errno 2] No such file or directory: 'employee_attrition_model.pkl'
2026-03-04 16:58:02,347 | INFO | Predicting employee index 157...
2026-03-04 16:58:02,347 | ERROR | Error processing employee 157: [Errno 2] No such file or directory: 'employee_attrition_model.pkl'
2026-03-04 16:58:02,347 | INFO | Predicting employee index 158...
2026-03-04 16:58:02,347 | ERROR | Error processing employee 158: [Errno 2] No such file or directory: 'employee_attrition_model.pkl'
2026-03-04 16:58:02,348 | INFO | Predicting employee index 159...
2026-03-04 16:58:02,348 | ERROR | Error processing employee 159: [Errno 2] No such file or directory: 'employee_attrition_model.pkl'
2026-03-04 16:58:02,357 | INFO | Predicting employee index 160...
2026-03-04 16:58:02,357 | ERROR | Error processing employee 160: [Errno 2] No such file or directory: 'employee_attrition_model.pkl'
2026-03-04 16:58:02,358 | INFO | Predicting employee index 161...
2026-03-04 16:58:02,358 | ERROR | Error processing employee 161: [Errno 2] No such file or directory: 'employee_attrition_model.pkl'
2026-03-04 16:58:02,358 | INFO | Predicting employee index 162...
2026-03-04 16:58:02,358 | ERROR | Error processing employee 162: [Errno 2] No such file or directory: 'employee_attrition_model.pkl'
2026-03-04 16:58:02,359 | INFO | Predicting employee index 163...
2026-03-04 16:58:02,359 | ERROR | Error processing employee 163: [Errno 2] No such file or directory: 'employee_attrition_model.pkl'
2026-03-04 16:58:02,359 | INFO | Predicting employee index 164...
2026-03-04 16:58:02,359 | ERROR | Error processing employee 164: [Errno 2] No such file or directory: 'employee_attrition_model.pkl'
2026-03-04 16:58:02,360 | INFO | Predicting employee index 165...
2026-03-04 16:58:02,360 | ERROR | Error processing employee 165: [Errno 2] No such file or directory: 'employee_attrition_model.pkl'
2026-03-04 16:58:02,360 | INFO | Predicting employee index 166...
2026-03-04 16:58:02,360 | ERROR | Error processing employee 166: [Errno 2] No such file or directory: 'employee_attrition_model.pkl'
2026-03-04 16:58:02,360 | INFO | Predicting employee index 167...
2026-03-04 16:58:02,360 | ERROR | Error processing employee 167: [Errno 2] No such file or directory: 'employee_attrition_model.pkl'
2026-03-04 16:58:02,361 | INFO | Predicting employee index 168...
2026-03-04 16:58:02,361 | ERROR | Error processing employee 168: [Errno 2] No such file or directory: 'employee_attrition_model.pkl'
2026-03-04 16:58:02,361 | INFO | Predicting employee index 169...
2026-03-04 16:58:02,361 | ERROR | Error processing employee 169: [Errno 2] No such file or directory: 'employee_attrition_model.pkl'
2026-03-04 16:58:02,361 | INFO | Predicting employee index 170...
2026-03-04 16:58:02,361 | ERROR | Error processing employee 170: [Errno 2] No such file or directory: 'employee_attrition_model.pkl'
2026-03-04 16:58:02,362 | INFO | Predicting employee index 171...
2026-03-04 16:58:02,362 | ERROR | Error processing employee 171: [Errno 2] No such file or directory: 'employee_attrition_model.pkl'
2026-03-04 16:58:02,362 | INFO | Predicting employee index 172...
2026-03-04 16:58:02,362 | ERROR | Error processing employee 172: [Errno 2] No such file or directory: 'employee_attrition_model.pkl'
2026-03-04 16:58:02,362 | INFO | Predicting employee index 173...
2026-03-04 16:58:02,362 | ERROR | Error processing employee 173: [Errno 2] No such file or directory: 'employee_attrition_model.pkl'
2026-03-04 16:58:02,362 | INFO | Predicting employee index 174...
2026-03-04 16:58:02,363 | ERROR | Error processing employee 174: [Errno 2] No such file or directory: 'employee_attrition_model.pkl'
2026-03-04 16:58:02,363 | INFO | Predicting employee index 175...
2026-03-04 16:58:02,363 | ERROR | Error processing employee 175: [Errno 2] No such file or directory: 'employee_attrition_model.pkl'
2026-03-04 16:58:02,363 | INFO | Predicting employee index 176...
2026-03-04 16:58:02,363 | ERROR | Error processing employee 176: [Errno 2] No such file or directory: 'employee_attrition_model.pkl'
2026-03-04 16:58:02,363 | INFO | Predicting employee index 177...
2026-03-04 16:58:02,363 | ERROR | Error processing employee 177: [Errno 2] No such file or directory: 'employee_attrition_model.pkl'
2026-03-04 16:58:02,364 | INFO | Predicting employee index 178...
2026-03-04 16:58:02,364 | ERROR | Error processing employee 178: [Errno 2] No such file or directory: 'employee_attrition_model.pkl'
2026-03-04 16:58:02,364 | INFO | Predicting employee index 179...
2026-03-04 16:58:02,364 | ERROR | Error processing employee 179: [Errno 2] No such file or directory: 'employee_attrition_model.pkl'
2026-03-04 16:58:02,364 | INFO | Predicting employee index 180...
2026-03-04 16:58:02,364 | ERROR | Error processing employee 180: [Errno 2] No such file or directory: 'employee_attrition_model.pkl'
2026-03-04 16:58:02,372 | INFO | Predicting employee index 181...
2026-03-04 16:58:02,372 | ERROR | Error processing employee 181: [Errno 2] No such file or directory: 'employee_attrition_model.pkl'
2026-03-04 16:58:02,372 | INFO | Predicting employee index 182...
2026-03-04 16:58:02,372 | ERROR | Error processing employee 182: [Errno 2] No such file or directory: 'employee_attrition_model.pkl'
2026-03-04 16:58:02,373 | INFO | Predicting employee index 183...
2026-03-04 16:58:02,373 | ERROR | Error processing employee 183: [Errno 2] No such file or directory: 'employee_attrition_model.pkl'
2026-03-04 16:58:02,373 | INFO | Predicting employee index 184...
2026-03-04 16:58:02,373 | ERROR | Error processing employee 184: [Errno 2] No such file or directory: 'employee_attrition_model.pkl'
2026-03-04 16:58:02,373 | INFO | Predicting employee index 185...
2026-03-04 16:58:02,373 | ERROR | Error processing employee 185: [Errno 2] No such file or directory: 'employee_attrition_model.pkl'
2026-03-04 16:58:02,373 | INFO | Predicting employee index 186...
2026-03-04 16:58:02,373 | ERROR | Error processing employee 186: [Errno 2] No such file or directory: 'employee_attrition_model.pkl'
2026-03-04 16:58:02,373 | INFO | Predicting employee index 187...
2026-03-04 16:58:02,373 | ERROR | Error processing employee 187: [Errno 2] No such file or directory: 'employee_attrition_model.pkl'
2026-03-04 16:58:02,373 | INFO | Predicting employee index 188...
2026-03-04 16:58:02,373 | ERROR | Error processing employee 188: [Errno 2] No such file or directory: 'employee_attrition_model.pkl'
2026-03-04 16:58:02,373 | INFO | Predicting employee index 189...
2026-03-04 16:58:02,373 | ERROR | Error processing employee 189: [Errno 2] No such file or directory: 'employee_attrition_model.pkl'
2026-03-04 16:58:02,374 | INFO | Predicting employee index 190...
2026-03-04 16:58:02,374 | ERROR | Error processing employee 190: [Errno 2] No such file or directory: 'employee_attrition_model.pkl'
2026-03-04 16:58:02,374 | INFO | Predicting employee index 191...
2026-03-04 16:58:02,374 | ERROR | Error processing employee 191: [Errno 2] No such file or directory: 'employee_attrition_model.pkl'
2026-03-04 16:58:02,374 | INFO | Predicting employee index 192...
2026-03-04 16:58:02,374 | ERROR | Error processing employee 192: [Errno 2] No such file or directory: 'employee_attrition_model.pkl'
2026-03-04 16:58:02,374 | INFO | Predicting employee index 193...
2026-03-04 16:58:02,374 | ERROR | Error processing employee 193: [Errno 2] No such file or directory: 'employee_attrition_model.pkl'
2026-03-04 16:58:02,374 | INFO | Predicting employee index 194...
2026-03-04 16:58:02,374 | ERROR | Error processing employee 194: [Errno 2] No such file or directory: 'employee_attrition_model.pkl'
2026-03-04 16:58:02,375 | INFO | Predicting employee index 195...
2026-03-04 16:58:02,375 | ERROR | Error processing employee 195: [Errno 2] No such file or directory: 'employee_attrition_model.pkl'
2026-03-04 16:58:02,375 | INFO | Predicting employee index 196...
2026-03-04 16:58:02,375 | ERROR | Error processing employee 196: [Errno 2] No such file or directory: 'employee_attrition_model.pkl'
2026-03-04 16:58:02,375 | INFO | Predicting employee index 197...
2026-03-04 16:58:02,375 | ERROR | Error processing employee 197: [Errno 2] No such file or directory: 'employee_attrition_model.pkl'
2026-03-04 16:58:02,375 | INFO | Predicting employee index 198...
2026-03-04 16:58:02,375 | ERROR | Error processing employee 198: [Errno 2] No such file or directory: 'employee_attrition_model.pkl'
2026-03-04 16:58:02,375 | INFO | Predicting employee index 199...
2026-03-04 16:58:02,375 | ERROR | Error processing employee 199: [Errno 2] No such file or directory: 'employee_attrition_model.pkl'
2026-03-04 16:58:02,375 | INFO | Predicting employee index 200...
2026-03-04 16:58:02,375 | ERROR | Error processing employee 200: [Errno 2] No such file or directory: 'employee_attrition_model.pkl'
2026-03-04 16:58:02,375 | INFO | Predicting employee index 201...
2026-03-04 16:58:02,375 | ERROR | Error processing employee 201: [Errno 2] No such file or directory: 'employee_attrition_model.pkl'
2026-03-04 16:58:02,387 | INFO | Predicting employee index 202...
2026-03-04 16:58:02,388 | ERROR | Error processing employee 202: [Errno 2] No such file or directory: 'employee_attrition_model.pkl'
2026-03-04 16:58:02,388 | INFO | Predicting employee index 203...
2026-03-04 16:58:02,388 | ERROR | Error processing employee 203: [Errno 2] No such file or directory: 'employee_attrition_model.pkl'
2026-03-04 16:58:02,389 | INFO | Predicting employee index 204...
2026-03-04 16:58:02,390 | ERROR | Error processing employee 204: [Errno 2] No such file or directory: 'employee_attrition_model.pkl'
2026-03-04 16:58:02,390 | INFO | Predicting employee index 205...
2026-03-04 16:58:02,390 | ERROR | Error processing employee 205: [Errno 2] No such file or directory: 'employee_attrition_model.pkl'
2026-03-04 16:58:02,390 | INFO | Predicting employee index 206...
2026-03-04 16:58:02,390 | ERROR | Error processing employee 206: [Errno 2] No such file or directory: 'employee_attrition_model.pkl'
2026-03-04 16:58:02,391 | INFO | Predicting employee index 207...
2026-03-04 16:58:02,391 | ERROR | Error processing employee 207: [Errno 2] No such file or directory: 'employee_attrition_model.pkl'
2026-03-04 16:58:02,391 | INFO | Predicting employee index 208...
2026-03-04 16:58:02,392 | ERROR | Error processing employee 208: [Errno 2] No such file or directory: 'employee_attrition_model.pkl'
2026-03-04 16:58:02,392 | INFO | Predicting employee index 209...
2026-03-04 16:58:02,392 | ERROR | Error processing employee 209: [Errno 2] No such file or directory: 'employee_attrition_model.pkl'
2026-03-04 16:58:02,392 | INFO | Predicting employee index 210...
2026-03-04 16:58:02,393 | ERROR | Error processing employee 210: [Errno 2] No such file or directory: 'employee_attrition_model.pkl'
2026-03-04 16:58:02,393 | INFO | Predicting employee index 211...
2026-03-04 16:58:02,393 | ERROR | Error processing employee 211: [Errno 2] No such file or directory: 'employee_attrition_model.pkl'
2026-03-04 16:58:02,393 | INFO | Predicting employee index 212...
2026-03-04 16:58:02,393 | ERROR | Error processing employee 212: [Errno 2] No such file or directory: 'employee_attrition_model.pkl'
2026-03-04 16:58:02,393 | INFO | Predicting employee index 213...
2026-03-04 16:58:02,394 | ERROR | Error processing employee 213: [Errno 2] No such file or directory: 'employee_attrition_model.pkl'
2026-03-04 16:58:02,394 | INFO | Predicting employee index 214...
2026-03-04 16:58:02,394 | ERROR | Error processing employee 214: [Errno 2] No such file or directory: 'employee_attrition_model.pkl'
2026-03-04 16:58:02,394 | INFO | Predicting employee index 215...
2026-03-04 16:58:02,394 | ERROR | Error processing employee 215: [Errno 2] No such file or directory: 'employee_attrition_model.pkl'
2026-03-04 16:58:02,394 | INFO | Predicting employee index 216...
2026-03-04 16:58:02,394 | ERROR | Error processing employee 216: [Errno 2] No such file or directory: 'employee_attrition_model.pkl'
2026-03-04 16:58:02,395 | INFO | Predicting employee index 217...
2026-03-04 16:58:02,395 | ERROR | Error processing employee 217: [Errno 2] No such file or directory: 'employee_attrition_model.pkl'
2026-03-04 16:58:02,395 | INFO | Predicting employee index 218...
2026-03-04 16:58:02,395 | ERROR | Error processing employee 218: [Errno 2] No such file or directory: 'employee_attrition_model.pkl'
2026-03-04 16:58:02,395 | INFO | Predicting employee index 219...
2026-03-04 16:58:02,395 | ERROR | Error processing employee 219: [Errno 2] No such file or directory: 'employee_attrition_model.pkl'
2026-03-04 16:58:02,395 | INFO | Predicting employee index 220...
2026-03-04 16:58:02,395 | ERROR | Error processing employee 220: [Errno 2] No such file or directory: 'employee_attrition_model.pkl'
2026-03-04 16:58:02,396 | INFO | Predicting employee index 221...
2026-03-04 16:58:02,396 | ERROR | Error processing employee 221: [Errno 2] No such file or directory: 'employee_attrition_model.pkl'
2026-03-04 16:58:02,396 | INFO | Predicting employee index 222...
2026-03-04 16:58:02,396 | ERROR | Error processing employee 222: [Errno 2] No such file or directory: 'employee_attrition_model.pkl'
2026-03-04 16:58:02,396 | INFO | Predicting employee index 223...
2026-03-04 16:58:02,396 | ERROR | Error processing employee 223: [Errno 2] No such file or directory: 'employee_attrition_model.pkl'
2026-03-04 16:58:02,404 | INFO | Predicting employee index 224...
2026-03-04 16:58:02,404 | ERROR | Error processing employee 224: [Errno 2] No such file or directory: 'employee_attrition_model.pkl'
2026-03-04 16:58:02,404 | INFO | Predicting employee index 225...
2026-03-04 16:58:02,404 | ERROR | Error processing employee 225: [Errno 2] No such file or directory: 'employee_attrition_model.pkl'
2026-03-04 16:58:02,404 | INFO | Predicting employee index 226...
2026-03-04 16:58:02,405 | ERROR | Error processing employee 226: [Errno 2] No such file or directory: 'employee_attrition_model.pkl'
2026-03-04 16:58:02,405 | INFO | Predicting employee index 227...
2026-03-04 16:58:02,405 | ERROR | Error processing employee 227: [Errno 2] No such file or directory: 'employee_attrition_model.pkl'
2026-03-04 16:58:02,405 | INFO | Predicting employee index 228...
2026-03-04 16:58:02,405 | ERROR | Error processing employee 228: [Errno 2] No such file or directory: 'employee_attrition_model.pkl'
2026-03-04 16:58:02,405 | INFO | Predicting employee index 229...
2026-03-04 16:58:02,405 | ERROR | Error processing employee 229: [Errno 2] No such file or directory: 'employee_attrition_model.pkl'
2026-03-04 16:58:02,405 | INFO | Predicting employee index 230...
2026-03-04 16:58:02,406 | ERROR | Error processing employee 230: [Errno 2] No such file or directory: 'employee_attrition_model.pkl'
2026-03-04 16:58:02,406 | INFO | Predicting employee index 231...
2026-03-04 16:58:02,406 | ERROR | Error processing employee 231: [Errno 2] No such file or directory: 'employee_attrition_model.pkl'
2026-03-04 16:58:02,406 | INFO | Predicting employee index 232...
2026-03-04 16:58:02,406 | ERROR | Error processing employee 232: [Errno 2] No such file or directory: 'employee_attrition_model.pkl'
2026-03-04 16:58:02,406 | INFO | Predicting employee index 233...
2026-03-04 16:58:02,406 | ERROR | Error processing employee 233: [Errno 2] No such file or directory: 'employee_attrition_model.pkl'
2026-03-04 16:58:02,406 | INFO | Predicting employee index 234...
2026-03-04 16:58:02,406 | ERROR | Error processing employee 234: [Errno 2] No such file or directory: 'employee_attrition_model.pkl'
2026-03-04 16:58:02,406 | INFO | Predicting employee index 235...
2026-03-04 16:58:02,406 | ERROR | Error processing employee 235: [Errno 2] No such file or directory: 'employee_attrition_model.pkl'
2026-03-04 16:58:02,407 | INFO | Predicting employee index 236...
2026-03-04 16:58:02,407 | ERROR | Error processing employee 236: [Errno 2] No such file or directory: 'employee_attrition_model.pkl'
2026-03-04 16:58:02,407 | INFO | Predicting employee index 237...
2026-03-04 16:58:02,407 | ERROR | Error processing employee 237: [Errno 2] No such file or directory: 'employee_attrition_model.pkl'
2026-03-04 16:58:02,408 | INFO | Predicting employee index 238...
2026-03-04 16:58:02,408 | ERROR | Error processing employee 238: [Errno 2] No such file or directory: 'employee_attrition_model.pkl'
2026-03-04 16:58:02,408 | INFO | Predicting employee index 239...
2026-03-04 16:58:02,408 | ERROR | Error processing employee 239: [Errno 2] No such file or directory: 'employee_attrition_model.pkl'
2026-03-04 16:58:02,408 | INFO | Predicting employee index 240...
2026-03-04 16:58:02,409 | ERROR | Error processing employee 240: [Errno 2] No such file or directory: 'employee_attrition_model.pkl'
2026-03-04 16:58:02,409 | INFO | Predicting employee index 241...
2026-03-04 16:58:02,409 | ERROR | Error processing employee 241: [Errno 2] No such file or directory: 'employee_attrition_model.pkl'
2026-03-04 16:58:02,410 | INFO | Predicting employee index 242...
2026-03-04 16:58:02,410 | ERROR | Error processing employee 242: [Errno 2] No such file or directory: 'employee_attrition_model.pkl'
2026-03-04 16:58:02,410 | INFO | Predicting employee index 243...
2026-03-04 16:58:02,410 | ERROR | Error processing employee 243: [Errno 2] No such file or directory: 'employee_attrition_model.pkl'
2026-03-04 16:58:02,411 | INFO | Predicting employee index 244...
2026-03-04 16:58:02,411 | ERROR | Error processing employee 244: [Errno 2] No such file or directory: 'employee_attrition_model.pkl'
2026-03-04 16:58:02,418 | INFO | Predicting employee index 245...
2026-03-04 16:58:02,419 | ERROR | Error processing employee 245: [Errno 2] No such file or directory: 'employee_attrition_model.pkl'
2026-03-04 16:58:02,419 | INFO | Predicting employee index 246...
2026-03-04 16:58:02,419 | ERROR | Error processing employee 246: [Errno 2] No such file or directory: 'employee_attrition_model.pkl'
2026-03-04 16:58:02,419 | INFO | Predicting employee index 247...
2026-03-04 16:58:02,419 | ERROR | Error processing employee 247: [Errno 2] No such file or directory: 'employee_attrition_model.pkl'
2026-03-04 16:58:02,419 | INFO | Predicting employee index 248...
2026-03-04 16:58:02,420 | ERROR | Error processing employee 248: [Errno 2] No such file or directory: 'employee_attrition_model.pkl'
2026-03-04 16:58:02,420 | INFO | Predicting employee index 249...
2026-03-04 16:58:02,421 | ERROR | Error processing employee 249: [Errno 2] No such file or directory: 'employee_attrition_model.pkl'
2026-03-04 16:58:02,421 | INFO | Predicting employee index 250...
2026-03-04 16:58:02,421 | ERROR | Error processing employee 250: [Errno 2] No such file or directory: 'employee_attrition_model.pkl'
2026-03-04 16:58:02,421 | INFO | Predicting employee index 251...
2026-03-04 16:58:02,421 | ERROR | Error processing employee 251: [Errno 2] No such file or directory: 'employee_attrition_model.pkl'
2026-03-04 16:58:02,421 | INFO | Predicting employee index 252...
2026-03-04 16:58:02,422 | ERROR | Error processing employee 252: [Errno 2] No such file or directory: 'employee_attrition_model.pkl'
2026-03-04 16:58:02,422 | INFO | Predicting employee index 253...
2026-03-04 16:58:02,422 | ERROR | Error processing employee 253: [Errno 2] No such file or directory: 'employee_attrition_model.pkl'
2026-03-04 16:58:02,422 | INFO | Predicting employee index 254...
2026-03-04 16:58:02,422 | ERROR | Error processing employee 254: [Errno 2] No such file or directory: 'employee_attrition_model.pkl'
2026-03-04 16:58:02,422 | INFO | Predicting employee index 255...
2026-03-04 16:58:02,423 | ERROR | Error processing employee 255: [Errno 2] No such file or directory: 'employee_attrition_model.pkl'
2026-03-04 16:58:02,423 | INFO | Predicting employee index 256...
2026-03-04 16:58:02,423 | ERROR | Error processing employee 256: [Errno 2] No such file or directory: 'employee_attrition_model.pkl'
2026-03-04 16:58:02,423 | INFO | Predicting employee index 257...
2026-03-04 16:58:02,423 | ERROR | Error processing employee 257: [Errno 2] No such file or directory: 'employee_attrition_model.pkl'
2026-03-04 16:58:02,423 | INFO | Predicting employee index 258...
2026-03-04 16:58:02,424 | ERROR | Error processing employee 258: [Errno 2] No such file or directory: 'employee_attrition_model.pkl'
2026-03-04 16:58:02,424 | INFO | Predicting employee index 259...
2026-03-04 16:58:02,424 | ERROR | Error processing employee 259: [Errno 2] No such file or directory: 'employee_attrition_model.pkl'
2026-03-04 16:58:02,424 | INFO | Predicting employee index 260...
2026-03-04 16:58:02,424 | ERROR | Error processing employee 260: [Errno 2] No such file or directory: 'employee_attrition_model.pkl'
2026-03-04 16:58:02,425 | INFO | Predicting employee index 261...
2026-03-04 16:58:02,425 | ERROR | Error processing employee 261: [Errno 2] No such file or directory: 'employee_attrition_model.pkl'
2026-03-04 16:58:02,425 | INFO | Predicting employee index 262...
2026-03-04 16:58:02,425 | ERROR | Error processing employee 262: [Errno 2] No such file or directory: 'employee_attrition_model.pkl'
2026-03-04 16:58:02,425 | INFO | Predicting employee index 263...
2026-03-04 16:58:02,425 | ERROR | Error processing employee 263: [Errno 2] No such file or directory: 'employee_attrition_model.pkl'
2026-03-04 16:58:02,425 | INFO | Predicting employee index 264...
2026-03-04 16:58:02,426 | ERROR | Error processing employee 264: [Errno 2] No such file or directory: 'employee_attrition_model.pkl'
2026-03-04 16:58:02,426 | INFO | Predicting employee index 265...
2026-03-04 16:58:02,426 | ERROR | Error processing employee 265: [Errno 2] No such file or directory: 'employee_attrition_model.pkl'
2026-03-04 16:58:02,434 | INFO | Predicting employee index 266...
2026-03-04 16:58:02,434 | ERROR | Error processing employee 266: [Errno 2] No such file or directory: 'employee_attrition_model.pkl'
2026-03-04 16:58:02,434 | INFO | Predicting employee index 267...
2026-03-04 16:58:02,434 | ERROR | Error processing employee 267: [Errno 2] No such file or directory: 'employee_attrition_model.pkl'
2026-03-04 16:58:02,434 | INFO | Predicting employee index 268...
2026-03-04 16:58:02,434 | ERROR | Error processing employee 268: [Errno 2] No such file or directory: 'employee_attrition_model.pkl'
2026-03-04 16:58:02,435 | INFO | Predicting employee index 269...
2026-03-04 16:58:02,435 | ERROR | Error processing employee 269: [Errno 2] No such file or directory: 'employee_attrition_model.pkl'
2026-03-04 16:58:02,435 | INFO | Predicting employee index 270...
2026-03-04 16:58:02,435 | ERROR | Error processing employee 270: [Errno 2] No such file or directory: 'employee_attrition_model.pkl'
2026-03-04 16:58:02,435 | INFO | Predicting employee index 271...
2026-03-04 16:58:02,435 | ERROR | Error processing employee 271: [Errno 2] No such file or directory: 'employee_attrition_model.pkl'
2026-03-04 16:58:02,435 | INFO | Predicting employee index 272...
2026-03-04 16:58:02,435 | ERROR | Error processing employee 272: [Errno 2] No such file or directory: 'employee_attrition_model.pkl'
2026-03-04 16:58:02,435 | INFO | Predicting employee index 273...
2026-03-04 16:58:02,435 | ERROR | Error processing employee 273: [Errno 2] No such file or directory: 'employee_attrition_model.pkl'
2026-03-04 16:58:02,435 | INFO | Predicting employee index 274...
2026-03-04 16:58:02,435 | ERROR | Error processing employee 274: [Errno 2] No such file or directory: 'employee_attrition_model.pkl'
2026-03-04 16:58:02,435 | INFO | Predicting employee index 275...
2026-03-04 16:58:02,435 | ERROR | Error processing employee 275: [Errno 2] No such file or directory: 'employee_attrition_model.pkl'
2026-03-04 16:58:02,435 | INFO | Predicting employee index 276...
2026-03-04 16:58:02,435 | ERROR | Error processing employee 276: [Errno 2] No such file or directory: 'employee_attrition_model.pkl'
2026-03-04 16:58:02,435 | INFO | Predicting employee index 277...
2026-03-04 16:58:02,435 | ERROR | Error processing employee 277: [Errno 2] No such file or directory: 'employee_attrition_model.pkl'
2026-03-04 16:58:02,436 | INFO | Predicting employee index 278...
2026-03-04 16:58:02,436 | ERROR | Error processing employee 278: [Errno 2] No such file or directory: 'employee_attrition_model.pkl'
2026-03-04 16:58:02,436 | INFO | Predicting employee index 279...
2026-03-04 16:58:02,436 | ERROR | Error processing employee 279: [Errno 2] No such file or directory: 'employee_attrition_model.pkl'
2026-03-04 16:58:02,436 | INFO | Predicting employee index 280...
2026-03-04 16:58:02,436 | ERROR | Error processing employee 280: [Errno 2] No such file or directory: 'employee_attrition_model.pkl'
2026-03-04 16:58:02,436 | INFO | Predicting employee index 281...
2026-03-04 16:58:02,436 | ERROR | Error processing employee 281: [Errno 2] No such file or directory: 'employee_attrition_model.pkl'
2026-03-04 16:58:02,436 | INFO | Predicting employee index 282...
2026-03-04 16:58:02,436 | ERROR | Error processing employee 282: [Errno 2] No such file or directory: 'employee_attrition_model.pkl'
2026-03-04 16:58:02,437 | INFO | Predicting employee index 283...
2026-03-04 16:58:02,437 | ERROR | Error processing employee 283: [Errno 2] No such file or directory: 'employee_attrition_model.pkl'
2026-03-04 16:58:02,437 | INFO | Predicting employee index 284...
2026-03-04 16:58:02,438 | ERROR | Error processing employee 284: [Errno 2] No such file or directory: 'employee_attrition_model.pkl'
2026-03-04 16:58:02,438 | INFO | Predicting employee index 285...
2026-03-04 16:58:02,438 | ERROR | Error processing employee 285: [Errno 2] No such file or directory: 'employee_attrition_model.pkl'
2026-03-04 16:58:02,438 | INFO | Predicting employee index 286...
2026-03-04 16:58:02,439 | ERROR | Error processing employee 286: [Errno 2] No such file or directory: 'employee_attrition_model.pkl'
2026-03-04 16:58:02,450 | INFO | Predicting employee index 287...
2026-03-04 16:58:02,450 | ERROR | Error processing employee 287: [Errno 2] No such file or directory: 'employee_attrition_model.pkl'
2026-03-04 16:58:02,450 | INFO | Predicting employee index 288...
2026-03-04 16:58:02,451 | ERROR | Error processing employee 288: [Errno 2] No such file or directory: 'employee_attrition_model.pkl'
2026-03-04 16:58:02,451 | INFO | Predicting employee index 289...
2026-03-04 16:58:02,451 | ERROR | Error processing employee 289: [Errno 2] No such file or directory: 'employee_attrition_model.pkl'
2026-03-04 16:58:02,451 | INFO | Predicting employee index 290...
2026-03-04 16:58:02,451 | ERROR | Error processing employee 290: [Errno 2] No such file or directory: 'employee_attrition_model.pkl'
2026-03-04 16:58:02,451 | INFO | Predicting employee index 291...
2026-03-04 16:58:02,451 | ERROR | Error processing employee 291: [Errno 2] No such file or directory: 'employee_attrition_model.pkl'
2026-03-04 16:58:02,451 | INFO | Predicting employee index 292...
2026-03-04 16:58:02,451 | ERROR | Error processing employee 292: [Errno 2] No such file or directory: 'employee_attrition_model.pkl'
2026-03-04 16:58:02,451 | INFO | Predicting employee index 293...
2026-03-04 16:58:02,451 | ERROR | Error processing employee 293: [Errno 2] No such file or directory: 'employee_attrition_model.pkl'
2026-03-04 16:58:02,451 | INFO | Predicting employee index 294...
2026-03-04 16:58:02,451 | ERROR | Error processing employee 294: [Errno 2] No such file or directory: 'employee_attrition_model.pkl'
2026-03-04 16:58:02,451 | INFO | Predicting employee index 295...
2026-03-04 16:58:02,452 | ERROR | Error processing employee 295: [Errno 2] No such file or directory: 'employee_attrition_model.pkl'
2026-03-04 16:58:02,452 | INFO | Predicting employee index 296...
2026-03-04 16:58:02,452 | ERROR | Error processing employee 296: [Errno 2] No such file or directory: 'employee_attrition_model.pkl'
2026-03-04 16:58:02,452 | INFO | Predicting employee index 297...
2026-03-04 16:58:02,452 | ERROR | Error processing employee 297: [Errno 2] No such file or directory: 'employee_attrition_model.pkl'
2026-03-04 16:58:02,452 | INFO | Predicting employee index 298...
2026-03-04 16:58:02,452 | ERROR | Error processing employee 298: [Errno 2] No such file or directory: 'employee_attrition_model.pkl'
2026-03-04 16:58:02,452 | INFO | Predicting employee index 299...
2026-03-04 16:58:02,452 | ERROR | Error processing employee 299: [Errno 2] No such file or directory: 'employee_attrition_model.pkl'
2026-03-04 16:58:02,452 | INFO | Predicting employee index 300...
2026-03-04 16:58:02,452 | ERROR | Error processing employee 300: [Errno 2] No such file or directory: 'employee_attrition_model.pkl'
2026-03-04 16:58:02,453 | INFO | Predicting employee index 301...
2026-03-04 16:58:02,453 | ERROR | Error processing employee 301: [Errno 2] No such file or directory: 'employee_attrition_model.pkl'
2026-03-04 16:58:02,453 | INFO | Predicting employee index 302...
2026-03-04 16:58:02,453 | ERROR | Error processing employee 302: [Errno 2] No such file or directory: 'employee_attrition_model.pkl'
2026-03-04 16:58:02,453 | INFO | Predicting employee index 303...
2026-03-04 16:58:02,453 | ERROR | Error processing employee 303: [Errno 2] No such file or directory: 'employee_attrition_model.pkl'
2026-03-04 16:58:02,453 | INFO | Predicting employee index 304...
2026-03-04 16:58:02,453 | ERROR | Error processing employee 304: [Errno 2] No such file or directory: 'employee_attrition_model.pkl'
2026-03-04 16:58:02,453 | INFO | Predicting employee index 305...
2026-03-04 16:58:02,453 | ERROR | Error processing employee 305: [Errno 2] No such file or directory: 'employee_attrition_model.pkl'
2026-03-04 16:58:02,453 | INFO | Predicting employee index 306...
2026-03-04 16:58:02,453 | ERROR | Error processing employee 306: [Errno 2] No such file or directory: 'employee_attrition_model.pkl'
2026-03-04 16:58:02,453 | INFO | Predicting employee index 307...
2026-03-04 16:58:02,453 | ERROR | Error processing employee 307: [Errno 2] No such file or directory: 'employee_attrition_model.pkl'
2026-03-04 16:58:02,453 | INFO | Predicting employee index 308...
2026-03-04 16:58:02,453 | ERROR | Error processing employee 308: [Errno 2] No such file or directory: 'employee_attrition_model.pkl'
2026-03-04 16:58:02,454 | INFO | Predicting employee index 309...
2026-03-04 16:58:02,454 | ERROR | Error processing employee 309: [Errno 2] No such file or directory: 'employee_attrition_model.pkl'
2026-03-04 16:58:02,454 | INFO | Predicting employee index 310...
2026-03-04 16:58:02,454 | ERROR | Error processing employee 310: [Errno 2] No such file or directory: 'employee_attrition_model.pkl'
2026-03-04 16:58:02,454 | INFO | Predicting employee index 311...
2026-03-04 16:58:02,454 | ERROR | Error processing employee 311: [Errno 2] No such file or directory: 'employee_attrition_model.pkl'
2026-03-04 16:58:02,454 | INFO | Predicting employee index 312...
2026-03-04 16:58:02,454 | ERROR | Error processing employee 312: [Errno 2] No such file or directory: 'employee_attrition_model.pkl'
2026-03-04 16:58:02,455 | INFO | Predicting employee index 313...
2026-03-04 16:58:02,455 | ERROR | Error processing employee 313: [Errno 2] No such file or directory: 'employee_attrition_model.pkl'
2026-03-04 16:58:02,455 | INFO | Predicting employee index 314...
2026-03-04 16:58:02,455 | ERROR | Error processing employee 314: [Errno 2] No such file or directory: 'employee_attrition_model.pkl'
2026-03-04 16:58:02,455 | INFO | Predicting employee index 315...
2026-03-04 16:58:02,455 | ERROR | Error processing employee 315: [Errno 2] No such file or directory: 'employee_attrition_model.pkl'
2026-03-04 16:58:02,455 | INFO | Predicting employee index 316...
2026-03-04 16:58:02,455 | ERROR | Error processing employee 316: [Errno 2] No such file or directory: 'employee_attrition_model.pkl'
2026-03-04 16:58:02,466 | INFO | Predicting employee index 317...
2026-03-04 16:58:02,467 | ERROR | Error processing employee 317: [Errno 2] No such file or directory: 'employee_attrition_model.pkl'
2026-03-04 16:58:02,467 | INFO | Predicting employee index 318...
2026-03-04 16:58:02,467 | ERROR | Error processing employee 318: [Errno 2] No such file or directory: 'employee_attrition_model.pkl'
2026-03-04 16:58:02,467 | INFO | Predicting employee index 319...
2026-03-04 16:58:02,467 | ERROR | Error processing employee 319: [Errno 2] No such file or directory: 'employee_attrition_model.pkl'
2026-03-04 16:58:02,467 | INFO | Predicting employee index 320...
2026-03-04 16:58:02,467 | ERROR | Error processing employee 320: [Errno 2] No such file or directory: 'employee_attrition_model.pkl'
2026-03-04 16:58:02,468 | INFO | Predicting employee index 321...
2026-03-04 16:58:02,468 | ERROR | Error processing employee 321: [Errno 2] No such file or directory: 'employee_attrition_model.pkl'
2026-03-04 16:58:02,468 | INFO | Predicting employee index 322...
2026-03-04 16:58:02,468 | ERROR | Error processing employee 322: [Errno 2] No such file or directory: 'employee_attrition_model.pkl'
2026-03-04 16:58:02,468 | INFO | Predicting employee index 323...
2026-03-04 16:58:02,470 | ERROR | Error processing employee 323: [Errno 2] No such file or directory: 'employee_attrition_model.pkl'
2026-03-04 16:58:02,470 | INFO | Predicting employee index 324...
2026-03-04 16:58:02,470 | ERROR | Error processing employee 324: [Errno 2] No such file or directory: 'employee_attrition_model.pkl'
2026-03-04 16:58:02,470 | INFO | Predicting employee index 325...
2026-03-04 16:58:02,470 | ERROR | Error processing employee 325: [Errno 2] No such file or directory: 'employee_attrition_model.pkl'
2026-03-04 16:58:02,470 | INFO | Predicting employee index 326...
2026-03-04 16:58:02,470 | ERROR | Error processing employee 326: [Errno 2] No such file or directory: 'employee_attrition_model.pkl'
2026-03-04 16:58:02,470 | INFO | Predicting employee index 327...
2026-03-04 16:58:02,470 | ERROR | Error processing employee 327: [Errno 2] No such file or directory: 'employee_attrition_model.pkl'
2026-03-04 16:58:02,470 | INFO | Predicting employee index 328...
2026-03-04 16:58:02,470 | ERROR | Error processing employee 328: [Errno 2] No such file or directory: 'employee_attrition_model.pkl'
2026-03-04 16:58:02,470 | INFO | Predicting employee index 329...
2026-03-04 16:58:02,470 | ERROR | Error processing employee 329: [Errno 2] No such file or directory: 'employee_attrition_model.pkl'
2026-03-04 16:58:02,470 | INFO | Predicting employee index 330...
2026-03-04 16:58:02,472 | ERROR | Error processing employee 330: [Errno 2] No such file or directory: 'employee_attrition_model.pkl'
2026-03-04 16:58:02,472 | INFO | Predicting employee index 331...
2026-03-04 16:58:02,472 | ERROR | Error processing employee 331: [Errno 2] No such file or directory: 'employee_attrition_model.pkl'
2026-03-04 16:58:02,472 | INFO | Predicting employee index 332...
2026-03-04 16:58:02,472 | ERROR | Error processing employee 332: [Errno 2] No such file or directory: 'employee_attrition_model.pkl'
2026-03-04 16:58:02,472 | INFO | Predicting employee index 333...
2026-03-04 16:58:02,472 | ERROR | Error processing employee 333: [Errno 2] No such file or directory: 'employee_attrition_model.pkl'
2026-03-04 16:58:02,473 | INFO | Predicting employee index 334...
2026-03-04 16:58:02,473 | ERROR | Error processing employee 334: [Errno 2] No such file or directory: 'employee_attrition_model.pkl'
2026-03-04 16:58:02,473 | INFO | Predicting employee index 335...
2026-03-04 16:58:02,473 | ERROR | Error processing employee 335: [Errno 2] No such file or directory: 'employee_attrition_model.pkl'
2026-03-04 16:58:02,473 | INFO | Predicting employee index 336...
2026-03-04 16:58:02,473 | ERROR | Error processing employee 336: [Errno 2] No such file or directory: 'employee_attrition_model.pkl'
2026-03-04 16:58:02,474 | INFO | Predicting employee index 337...
2026-03-04 16:58:02,474 | ERROR | Error processing employee 337: [Errno 2] No such file or directory: 'employee_attrition_model.pkl'
2026-03-04 16:58:02,481 | INFO | Predicting employee index 338...
2026-03-04 16:58:02,481 | ERROR | Error processing employee 338: [Errno 2] No such file or directory: 'employee_attrition_model.pkl'
2026-03-04 16:58:02,482 | INFO | Predicting employee index 339...
2026-03-04 16:58:02,482 | ERROR | Error processing employee 339: [Errno 2] No such file or directory: 'employee_attrition_model.pkl'
2026-03-04 16:58:02,482 | INFO | Predicting employee index 340...
2026-03-04 16:58:02,483 | ERROR | Error processing employee 340: [Errno 2] No such file or directory: 'employee_attrition_model.pkl'
2026-03-04 16:58:02,483 | INFO | Predicting employee index 341...
2026-03-04 16:58:02,483 | ERROR | Error processing employee 341: [Errno 2] No such file or directory: 'employee_attrition_model.pkl'
2026-03-04 16:58:02,484 | INFO | Predicting employee index 342...
2026-03-04 16:58:02,484 | ERROR | Error processing employee 342: [Errno 2] No such file or directory: 'employee_attrition_model.pkl'
2026-03-04 16:58:02,484 | INFO | Predicting employee index 343...
2026-03-04 16:58:02,484 | ERROR | Error processing employee 343: [Errno 2] No such file or directory: 'employee_attrition_model.pkl'
2026-03-04 16:58:02,484 | INFO | Predicting employee index 344...
2026-03-04 16:58:02,484 | ERROR | Error processing employee 344: [Errno 2] No such file or directory: 'employee_attrition_model.pkl'
2026-03-04 16:58:02,485 | INFO | Predicting employee index 345...
2026-03-04 16:58:02,485 | ERROR | Error processing employee 345: [Errno 2] No such file or directory: 'employee_attrition_model.pkl'
2026-03-04 16:58:02,485 | INFO | Predicting employee index 346...
2026-03-04 16:58:02,485 | ERROR | Error processing employee 346: [Errno 2] No such file or directory: 'employee_attrition_model.pkl'
2026-03-04 16:58:02,485 | INFO | Predicting employee index 347...
2026-03-04 16:58:02,485 | ERROR | Error processing employee 347: [Errno 2] No such file or directory: 'employee_attrition_model.pkl'
2026-03-04 16:58:02,486 | INFO | Predicting employee index 348...
2026-03-04 16:58:02,486 | ERROR | Error processing employee 348: [Errno 2] No such file or directory: 'employee_attrition_model.pkl'
2026-03-04 16:58:02,486 | INFO | Predicting employee index 349...
2026-03-04 16:58:02,486 | ERROR | Error processing employee 349: [Errno 2] No such file or directory: 'employee_attrition_model.pkl'
2026-03-04 16:58:02,487 | INFO | Predicting employee index 350...
2026-03-04 16:58:02,487 | ERROR | Error processing employee 350: [Errno 2] No such file or directory: 'employee_attrition_model.pkl'
2026-03-04 16:58:02,487 | INFO | Predicting employee index 351...
2026-03-04 16:58:02,487 | ERROR | Error processing employee 351: [Errno 2] No such file or directory: 'employee_attrition_model.pkl'
2026-03-04 16:58:02,487 | INFO | Predicting employee index 352...
2026-03-04 16:58:02,487 | ERROR | Error processing employee 352: [Errno 2] No such file or directory: 'employee_attrition_model.pkl'
2026-03-04 16:58:02,488 | INFO | Predicting employee index 353...
2026-03-04 16:58:02,488 | ERROR | Error processing employee 353: [Errno 2] No such file or directory: 'employee_attrition_model.pkl'
2026-03-04 16:58:02,488 | INFO | Predicting employee index 354...
2026-03-04 16:58:02,488 | ERROR | Error processing employee 354: [Errno 2] No such file or directory: 'employee_attrition_model.pkl'
2026-03-04 16:58:02,488 | INFO | Predicting employee index 355...
2026-03-04 16:58:02,488 | ERROR | Error processing employee 355: [Errno 2] No such file or directory: 'employee_attrition_model.pkl'
2026-03-04 16:58:02,489 | INFO | Predicting employee index 356...
2026-03-04 16:58:02,489 | ERROR | Error processing employee 356: [Errno 2] No such file or directory: 'employee_attrition_model.pkl'
2026-03-04 16:58:02,489 | INFO | Predicting employee index 357...
2026-03-04 16:58:02,489 | ERROR | Error processing employee 357: [Errno 2] No such file or directory: 'employee_attrition_model.pkl'
2026-03-04 16:58:02,489 | INFO | Predicting employee index 358...
2026-03-04 16:58:02,489 | ERROR | Error processing employee 358: [Errno 2] No such file or directory: 'employee_attrition_model.pkl'
2026-03-04 16:58:02,496 | INFO | Predicting employee index 359...
2026-03-04 16:58:02,496 | ERROR | Error processing employee 359: [Errno 2] No such file or directory: 'employee_attrition_model.pkl'
2026-03-04 16:58:02,497 | INFO | Predicting employee index 360...
2026-03-04 16:58:02,497 | ERROR | Error processing employee 360: [Errno 2] No such file or directory: 'employee_attrition_model.pkl'
2026-03-04 16:58:02,497 | INFO | Predicting employee index 361...
2026-03-04 16:58:02,497 | ERROR | Error processing employee 361: [Errno 2] No such file or directory: 'employee_attrition_model.pkl'
2026-03-04 16:58:02,497 | INFO | Predicting employee index 362...
2026-03-04 16:58:02,497 | ERROR | Error processing employee 362: [Errno 2] No such file or directory: 'employee_attrition_model.pkl'
2026-03-04 16:58:02,497 | INFO | Predicting employee index 363...
2026-03-04 16:58:02,497 | ERROR | Error processing employee 363: [Errno 2] No such file or directory: 'employee_attrition_model.pkl'
2026-03-04 16:58:02,497 | INFO | Predicting employee index 364...
2026-03-04 16:58:02,497 | ERROR | Error processing employee 364: [Errno 2] No such file or directory: 'employee_attrition_model.pkl'
2026-03-04 16:58:02,497 | INFO | Predicting employee index 365...
2026-03-04 16:58:02,497 | ERROR | Error processing employee 365: [Errno 2] No such file or directory: 'employee_attrition_model.pkl'
2026-03-04 16:58:02,498 | INFO | Predicting employee index 366...
2026-03-04 16:58:02,498 | ERROR | Error processing employee 366: [Errno 2] No such file or directory: 'employee_attrition_model.pkl'
2026-03-04 16:58:02,498 | INFO | Predicting employee index 367...
2026-03-04 16:58:02,498 | ERROR | Error processing employee 367: [Errno 2] No such file or directory: 'employee_attrition_model.pkl'
2026-03-04 16:58:02,499 | INFO | Predicting employee index 368...
2026-03-04 16:58:02,499 | ERROR | Error processing employee 368: [Errno 2] No such file or directory: 'employee_attrition_model.pkl'
2026-03-04 16:58:02,499 | INFO | Predicting employee index 369...
2026-03-04 16:58:02,499 | ERROR | Error processing employee 369: [Errno 2] No such file or directory: 'employee_attrition_model.pkl'
2026-03-04 16:58:02,499 | INFO | Predicting employee index 370...
2026-03-04 16:58:02,500 | ERROR | Error processing employee 370: [Errno 2] No such file or directory: 'employee_attrition_model.pkl'
2026-03-04 16:58:02,500 | INFO | Predicting employee index 371...
2026-03-04 16:58:02,500 | ERROR | Error processing employee 371: [Errno 2] No such file or directory: 'employee_attrition_model.pkl'
2026-03-04 16:58:02,500 | INFO | Predicting employee index 372...
2026-03-04 16:58:02,500 | ERROR | Error processing employee 372: [Errno 2] No such file or directory: 'employee_attrition_model.pkl'
2026-03-04 16:58:02,500 | INFO | Predicting employee index 373...
2026-03-04 16:58:02,500 | ERROR | Error processing employee 373: [Errno 2] No such file or directory: 'employee_attrition_model.pkl'
2026-03-04 16:58:02,500 | INFO | Predicting employee index 374...
2026-03-04 16:58:02,501 | ERROR | Error processing employee 374: [Errno 2] No such file or directory: 'employee_attrition_model.pkl'
2026-03-04 16:58:02,501 | INFO | Predicting employee index 375...
2026-03-04 16:58:02,501 | ERROR | Error processing employee 375: [Errno 2] No such file or directory: 'employee_attrition_model.pkl'
2026-03-04 16:58:02,501 | INFO | Predicting employee index 376...
2026-03-04 16:58:02,501 | ERROR | Error processing employee 376: [Errno 2] No such file or directory: 'employee_attrition_model.pkl'
2026-03-04 16:58:02,501 | INFO | Predicting employee index 377...
2026-03-04 16:58:02,501 | ERROR | Error processing employee 377: [Errno 2] No such file or directory: 'employee_attrition_model.pkl'
2026-03-04 16:58:02,502 | INFO | Predicting employee index 378...
2026-03-04 16:58:02,502 | ERROR | Error processing employee 378: [Errno 2] No such file or directory: 'employee_attrition_model.pkl'
2026-03-04 16:58:02,502 | INFO | Predicting employee index 379...
2026-03-04 16:58:02,502 | ERROR | Error processing employee 379: [Errno 2] No such file or directory: 'employee_attrition_model.pkl'
2026-03-04 16:58:02,511 | INFO | Predicting employee index 380...
2026-03-04 16:58:02,511 | ERROR | Error processing employee 380: [Errno 2] No such file or directory: 'employee_attrition_model.pkl'
2026-03-04 16:58:02,511 | INFO | Predicting employee index 381...
2026-03-04 16:58:02,512 | ERROR | Error processing employee 381: [Errno 2] No such file or directory: 'employee_attrition_model.pkl'
2026-03-04 16:58:02,512 | INFO | Predicting employee index 382...
2026-03-04 16:58:02,512 | ERROR | Error processing employee 382: [Errno 2] No such file or directory: 'employee_attrition_model.pkl'
2026-03-04 16:58:02,512 | INFO | Predicting employee index 383...
2026-03-04 16:58:02,512 | ERROR | Error processing employee 383: [Errno 2] No such file or directory: 'employee_attrition_model.pkl'
2026-03-04 16:58:02,512 | INFO | Predicting employee index 384...
2026-03-04 16:58:02,512 | ERROR | Error processing employee 384: [Errno 2] No such file or directory: 'employee_attrition_model.pkl'
2026-03-04 16:58:02,512 | INFO | Predicting employee index 385...
2026-03-04 16:58:02,512 | ERROR | Error processing employee 385: [Errno 2] No such file or directory: 'employee_attrition_model.pkl'
2026-03-04 16:58:02,512 | INFO | Predicting employee index 386...
2026-03-04 16:58:02,512 | ERROR | Error processing employee 386: [Errno 2] No such file or directory: 'employee_attrition_model.pkl'
2026-03-04 16:58:02,512 | INFO | Predicting employee index 387...
2026-03-04 16:58:02,512 | ERROR | Error processing employee 387: [Errno 2] No such file or directory: 'employee_attrition_model.pkl'
2026-03-04 16:58:02,512 | INFO | Predicting employee index 388...
2026-03-04 16:58:02,512 | ERROR | Error processing employee 388: [Errno 2] No such file or directory: 'employee_attrition_model.pkl'
2026-03-04 16:58:02,512 | INFO | Predicting employee index 389...
2026-03-04 16:58:02,512 | ERROR | Error processing employee 389: [Errno 2] No such file or directory: 'employee_attrition_model.pkl'
2026-03-04 16:58:02,512 | INFO | Predicting employee index 390...
2026-03-04 16:58:02,513 | ERROR | Error processing employee 390: [Errno 2] No such file or directory: 'employee_attrition_model.pkl'
2026-03-04 16:58:02,513 | INFO | Predicting employee index 391...
2026-03-04 16:58:02,513 | ERROR | Error processing employee 391: [Errno 2] No such file or directory: 'employee_attrition_model.pkl'
2026-03-04 16:58:02,514 | INFO | Predicting employee index 392...
2026-03-04 16:58:02,514 | ERROR | Error processing employee 392: [Errno 2] No such file or directory: 'employee_attrition_model.pkl'
2026-03-04 16:58:02,514 | INFO | Predicting employee index 393...
2026-03-04 16:58:02,514 | ERROR | Error processing employee 393: [Errno 2] No such file or directory: 'employee_attrition_model.pkl'
2026-03-04 16:58:02,515 | INFO | Predicting employee index 394...
2026-03-04 16:58:02,515 | ERROR | Error processing employee 394: [Errno 2] No such file or directory: 'employee_attrition_model.pkl'
2026-03-04 16:58:02,515 | INFO | Predicting employee index 395...
2026-03-04 16:58:02,515 | ERROR | Error processing employee 395: [Errno 2] No such file or directory: 'employee_attrition_model.pkl'
2026-03-04 16:58:02,516 | INFO | Predicting employee index 396...
2026-03-04 16:58:02,516 | ERROR | Error processing employee 396: [Errno 2] No such file or directory: 'employee_attrition_model.pkl'
2026-03-04 16:58:02,516 | INFO | Predicting employee index 397...
2026-03-04 16:58:02,516 | ERROR | Error processing employee 397: [Errno 2] No such file or directory: 'employee_attrition_model.pkl'
2026-03-04 16:58:02,516 | INFO | Predicting employee index 398...
2026-03-04 16:58:02,516 | ERROR | Error processing employee 398: [Errno 2] No such file or directory: 'employee_attrition_model.pkl'
2026-03-04 16:58:02,516 | INFO | Predicting employee index 399...
2026-03-04 16:58:02,516 | ERROR | Error processing employee 399: [Errno 2] No such file or directory: 'employee_attrition_model.pkl'
2026-03-04 16:58:02,517 | INFO | Predicting employee index 400...
2026-03-04 16:58:02,517 | ERROR | Error processing employee 400: [Errno 2] No such file or directory: 'employee_attrition_model.pkl'
2026-03-04 16:58:02,527 | INFO | Predicting employee index 401...
2026-03-04 16:58:02,527 | ERROR | Error processing employee 401: [Errno 2] No such file or directory: 'employee_attrition_model.pkl'
2026-03-04 16:58:02,527 | INFO | Predicting employee index 402...
2026-03-04 16:58:02,527 | ERROR | Error processing employee 402: [Errno 2] No such file or directory: 'employee_attrition_model.pkl'
2026-03-04 16:58:02,527 | INFO | Predicting employee index 403...
2026-03-04 16:58:02,527 | ERROR | Error processing employee 403: [Errno 2] No such file or directory: 'employee_attrition_model.pkl'
2026-03-04 16:58:02,528 | INFO | Predicting employee index 404...
2026-03-04 16:58:02,528 | ERROR | Error processing employee 404: [Errno 2] No such file or directory: 'employee_attrition_model.pkl'
2026-03-04 16:58:02,528 | INFO | Predicting employee index 405...
2026-03-04 16:58:02,529 | ERROR | Error processing employee 405: [Errno 2] No such file or directory: 'employee_attrition_model.pkl'
2026-03-04 16:58:02,529 | INFO | Predicting employee index 406...
2026-03-04 16:58:02,530 | ERROR | Error processing employee 406: [Errno 2] No such file or directory: 'employee_attrition_model.pkl'
2026-03-04 16:58:02,530 | INFO | Predicting employee index 407...
2026-03-04 16:58:02,530 | ERROR | Error processing employee 407: [Errno 2] No such file or directory: 'employee_attrition_model.pkl'
2026-03-04 16:58:02,531 | INFO | Predicting employee index 408...
2026-03-04 16:58:02,531 | ERROR | Error processing employee 408: [Errno 2] No such file or directory: 'employee_attrition_model.pkl'
2026-03-04 16:58:02,532 | INFO | Predicting employee index 409...
2026-03-04 16:58:02,533 | ERROR | Error processing employee 409: [Errno 2] No such file or directory: 'employee_attrition_model.pkl'
2026-03-04 16:58:02,533 | INFO | Predicting employee index 410...
2026-03-04 16:58:02,533 | ERROR | Error processing employee 410: [Errno 2] No such file or directory: 'employee_attrition_model.pkl'
2026-03-04 16:58:02,534 | INFO | Predicting employee index 411...
2026-03-04 16:58:02,534 | ERROR | Error processing employee 411: [Errno 2] No such file or directory: 'employee_attrition_model.pkl'
2026-03-04 16:58:02,534 | INFO | Predicting employee index 412...
2026-03-04 16:58:02,534 | ERROR | Error processing employee 412: [Errno 2] No such file or directory: 'employee_attrition_model.pkl'
2026-03-04 16:58:02,535 | INFO | Predicting employee index 413...
2026-03-04 16:58:02,535 | ERROR | Error processing employee 413: [Errno 2] No such file or directory: 'employee_attrition_model.pkl'
2026-03-04 16:58:02,535 | INFO | Predicting employee index 414...
2026-03-04 16:58:02,535 | ERROR | Error processing employee 414: [Errno 2] No such file or directory: 'employee_attrition_model.pkl'
2026-03-04 16:58:02,535 | INFO | Predicting employee index 415...
2026-03-04 16:58:02,536 | ERROR | Error processing employee 415: [Errno 2] No such file or directory: 'employee_attrition_model.pkl'
2026-03-04 16:58:02,536 | INFO | Predicting employee index 416...
2026-03-04 16:58:02,536 | ERROR | Error processing employee 416: [Errno 2] No such file or directory: 'employee_attrition_model.pkl'
2026-03-04 16:58:02,536 | INFO | Predicting employee index 417...
2026-03-04 16:58:02,536 | ERROR | Error processing employee 417: [Errno 2] No such file or directory: 'employee_attrition_model.pkl'
2026-03-04 16:58:02,536 | INFO | Predicting employee index 418...
2026-03-04 16:58:02,537 | ERROR | Error processing employee 418: [Errno 2] No such file or directory: 'employee_attrition_model.pkl'
2026-03-04 16:58:02,537 | INFO | Predicting employee index 419...
2026-03-04 16:58:02,537 | ERROR | Error processing employee 419: [Errno 2] No such file or directory: 'employee_attrition_model.pkl'
2026-03-04 16:58:02,537 | INFO | Predicting employee index 420...
2026-03-04 16:58:02,537 | ERROR | Error processing employee 420: [Errno 2] No such file or directory: 'employee_attrition_model.pkl'
2026-03-04 16:58:02,537 | INFO | Predicting employee index 421...
2026-03-04 16:58:02,537 | ERROR | Error processing employee 421: [Errno 2] No such file or directory: 'employee_attrition_model.pkl'
2026-03-04 16:58:02,542 | INFO | Predicting employee index 422...
2026-03-04 16:58:02,542 | ERROR | Error processing employee 422: [Errno 2] No such file or directory: 'employee_attrition_model.pkl'
2026-03-04 16:58:02,544 | INFO | Predicting employee index 423...
2026-03-04 16:58:02,544 | ERROR | Error processing employee 423: [Errno 2] No such file or directory: 'employee_attrition_model.pkl'
2026-03-04 16:58:02,544 | INFO | Predicting employee index 424...
2026-03-04 16:58:02,544 | ERROR | Error processing employee 424: [Errno 2] No such file or directory: 'employee_attrition_model.pkl'
2026-03-04 16:58:02,544 | INFO | Predicting employee index 425...
2026-03-04 16:58:02,544 | ERROR | Error processing employee 425: [Errno 2] No such file or directory: 'employee_attrition_model.pkl'
2026-03-04 16:58:02,544 | INFO | Predicting employee index 426...
2026-03-04 16:58:02,544 | ERROR | Error processing employee 426: [Errno 2] No such file or directory: 'employee_attrition_model.pkl'
2026-03-04 16:58:02,545 | INFO | Predicting employee index 427...
2026-03-04 16:58:02,545 | ERROR | Error processing employee 427: [Errno 2] No such file or directory: 'employee_attrition_model.pkl'
2026-03-04 16:58:02,545 | INFO | Predicting employee index 428...
2026-03-04 16:58:02,545 | ERROR | Error processing employee 428: [Errno 2] No such file or directory: 'employee_attrition_model.pkl'
2026-03-04 16:58:02,545 | INFO | Predicting employee index 429...
2026-03-04 16:58:02,545 | ERROR | Error processing employee 429: [Errno 2] No such file or directory: 'employee_attrition_model.pkl'
2026-03-04 16:58:02,546 | INFO | Predicting employee index 430...
2026-03-04 16:58:02,546 | ERROR | Error processing employee 430: [Errno 2] No such file or directory: 'employee_attrition_model.pkl'
2026-03-04 16:58:02,546 | INFO | Predicting employee index 431...
2026-03-04 16:58:02,546 | ERROR | Error processing employee 431: [Errno 2] No such file or directory: 'employee_attrition_model.pkl'
2026-03-04 16:58:02,546 | INFO | Predicting employee index 432...
2026-03-04 16:58:02,546 | ERROR | Error processing employee 432: [Errno 2] No such file or directory: 'employee_attrition_model.pkl'
2026-03-04 16:58:02,547 | INFO | Predicting employee index 433...
2026-03-04 16:58:02,547 | ERROR | Error processing employee 433: [Errno 2] No such file or directory: 'employee_attrition_model.pkl'
2026-03-04 16:58:02,547 | INFO | Predicting employee index 434...
2026-03-04 16:58:02,547 | ERROR | Error processing employee 434: [Errno 2] No such file or directory: 'employee_attrition_model.pkl'
2026-03-04 16:58:02,547 | INFO | Predicting employee index 435...
2026-03-04 16:58:02,549 | ERROR | Error processing employee 435: [Errno 2] No such file or directory: 'employee_attrition_model.pkl'
2026-03-04 16:58:02,549 | INFO | Predicting employee index 436...
2026-03-04 16:58:02,549 | ERROR | Error processing employee 436: [Errno 2] No such file or directory: 'employee_attrition_model.pkl'
2026-03-04 16:58:02,550 | INFO | Predicting employee index 437...
2026-03-04 16:58:02,550 | ERROR | Error processing employee 437: [Errno 2] No such file or directory: 'employee_attrition_model.pkl'
2026-03-04 16:58:02,550 | INFO | Predicting employee index 438...
2026-03-04 16:58:02,550 | ERROR | Error processing employee 438: [Errno 2] No such file or directory: 'employee_attrition_model.pkl'
2026-03-04 16:58:02,550 | INFO | Predicting employee index 439...
2026-03-04 16:58:02,551 | ERROR | Error processing employee 439: [Errno 2] No such file or directory: 'employee_attrition_model.pkl'
2026-03-04 16:58:02,551 | INFO | Predicting employee index 440...
2026-03-04 16:58:02,551 | ERROR | Error processing employee 440: [Errno 2] No such file or directory: 'employee_attrition_model.pkl'
2026-03-04 16:58:02,551 | INFO | Predicting employee index 441...
2026-03-04 16:58:02,551 | ERROR | Error processing employee 441: [Errno 2] No such file or directory: 'employee_attrition_model.pkl'
2026-03-04 16:58:02,552 | INFO | Predicting employee index 442...
2026-03-04 16:58:02,552 | ERROR | Error processing employee 442: [Errno 2] No such file or directory: 'employee_attrition_model.pkl'
2026-03-04 16:58:02,558 | INFO | Predicting employee index 443...
2026-03-04 16:58:02,558 | ERROR | Error processing employee 443: [Errno 2] No such file or directory: 'employee_attrition_model.pkl'
2026-03-04 16:58:02,558 | INFO | Predicting employee index 444...
2026-03-04 16:58:02,558 | ERROR | Error processing employee 444: [Errno 2] No such file or directory: 'employee_attrition_model.pkl'
2026-03-04 16:58:02,558 | INFO | Predicting employee index 445...
2026-03-04 16:58:02,558 | ERROR | Error processing employee 445: [Errno 2] No such file or directory: 'employee_attrition_model.pkl'
2026-03-04 16:58:02,558 | INFO | Predicting employee index 446...
2026-03-04 16:58:02,558 | ERROR | Error processing employee 446: [Errno 2] No such file or directory: 'employee_attrition_model.pkl'
2026-03-04 16:58:02,558 | INFO | Predicting employee index 447...
2026-03-04 16:58:02,558 | ERROR | Error processing employee 447: [Errno 2] No such file or directory: 'employee_attrition_model.pkl'
2026-03-04 16:58:02,558 | INFO | Predicting employee index 448...
2026-03-04 16:58:02,558 | ERROR | Error processing employee 448: [Errno 2] No such file or directory: 'employee_attrition_model.pkl'
2026-03-04 16:58:02,558 | INFO | Predicting employee index 449...
2026-03-04 16:58:02,558 | ERROR | Error processing employee 449: [Errno 2] No such file or directory: 'employee_attrition_model.pkl'
2026-03-04 16:58:02,558 | INFO | Predicting employee index 450...
2026-03-04 16:58:02,558 | ERROR | Error processing employee 450: [Errno 2] No such file or directory: 'employee_attrition_model.pkl'
2026-03-04 16:58:02,558 | INFO | Predicting employee index 451...
2026-03-04 16:58:02,558 | ERROR | Error processing employee 451: [Errno 2] No such file or directory: 'employee_attrition_model.pkl'
2026-03-04 16:58:02,558 | INFO | Predicting employee index 452...
2026-03-04 16:58:02,558 | ERROR | Error processing employee 452: [Errno 2] No such file or directory: 'employee_attrition_model.pkl'
2026-03-04 16:58:02,558 | INFO | Predicting employee index 453...
2026-03-04 16:58:02,558 | ERROR | Error processing employee 453: [Errno 2] No such file or directory: 'employee_attrition_model.pkl'
2026-03-04 16:58:02,559 | INFO | Predicting employee index 454...
2026-03-04 16:58:02,559 | ERROR | Error processing employee 454: [Errno 2] No such file or directory: 'employee_attrition_model.pkl'
2026-03-04 16:58:02,559 | INFO | Predicting employee index 455...
2026-03-04 16:58:02,559 | ERROR | Error processing employee 455: [Errno 2] No such file or directory: 'employee_attrition_model.pkl'
2026-03-04 16:58:02,559 | INFO | Predicting employee index 456...
2026-03-04 16:58:02,559 | ERROR | Error processing employee 456: [Errno 2] No such file or directory: 'employee_attrition_model.pkl'
2026-03-04 16:58:02,559 | INFO | Predicting employee index 457...
2026-03-04 16:58:02,559 | ERROR | Error processing employee 457: [Errno 2] No such file or directory: 'employee_attrition_model.pkl'
2026-03-04 16:58:02,559 | INFO | Predicting employee index 458...
2026-03-04 16:58:02,559 | ERROR | Error processing employee 458: [Errno 2] No such file or directory: 'employee_attrition_model.pkl'
2026-03-04 16:58:02,559 | INFO | Predicting employee index 459...
2026-03-04 16:58:02,559 | ERROR | Error processing employee 459: [Errno 2] No such file or directory: 'employee_attrition_model.pkl'
2026-03-04 16:58:02,559 | INFO | Predicting employee index 460...
2026-03-04 16:58:02,559 | ERROR | Error processing employee 460: [Errno 2] No such file or directory: 'employee_attrition_model.pkl'
2026-03-04 16:58:02,560 | INFO | Predicting employee index 461...
2026-03-04 16:58:02,560 | ERROR | Error processing employee 461: [Errno 2] No such file or directory: 'employee_attrition_model.pkl'
2026-03-04 16:58:02,560 | INFO | Predicting employee index 462...
2026-03-04 16:58:02,560 | ERROR | Error processing employee 462: [Errno 2] No such file or directory: 'employee_attrition_model.pkl'
2026-03-04 16:58:02,560 | INFO | Predicting employee index 463...
2026-03-04 16:58:02,560 | ERROR | Error processing employee 463: [Errno 2] No such file or directory: 'employee_attrition_model.pkl'
2026-03-04 16:58:02,574 | INFO | Predicting employee index 464...
2026-03-04 16:58:02,587 | ERROR | Error processing employee 464: [Errno 2] No such file or directory: 'employee_attrition_model.pkl'
2026-03-04 16:58:02,588 | INFO | Predicting employee index 465...
2026-03-04 16:58:02,588 | ERROR | Error processing employee 465: [Errno 2] No such file or directory: 'employee_attrition_model.pkl'
2026-03-04 16:58:02,588 | INFO | Predicting employee index 466...
2026-03-04 16:58:02,588 | ERROR | Error processing employee 466: [Errno 2] No such file or directory: 'employee_attrition_model.pkl'
2026-03-04 16:58:02,589 | INFO | Predicting employee index 467...
2026-03-04 16:58:02,589 | ERROR | Error processing employee 467: [Errno 2] No such file or directory: 'employee_attrition_model.pkl'
2026-03-04 16:58:02,589 | INFO | Predicting employee index 468...
2026-03-04 16:58:02,589 | ERROR | Error processing employee 468: [Errno 2] No such file or directory: 'employee_attrition_model.pkl'
2026-03-04 16:58:02,589 | INFO | Predicting employee index 469...
2026-03-04 16:58:02,589 | ERROR | Error processing employee 469: [Errno 2] No such file or directory: 'employee_attrition_model.pkl'
2026-03-04 16:58:02,590 | INFO | Predicting employee index 470...
2026-03-04 16:58:02,590 | ERROR | Error processing employee 470: [Errno 2] No such file or directory: 'employee_attrition_model.pkl'
2026-03-04 16:58:02,590 | INFO | Predicting employee index 471...
2026-03-04 16:58:02,590 | ERROR | Error processing employee 471: [Errno 2] No such file or directory: 'employee_attrition_model.pkl'
2026-03-04 16:58:02,590 | INFO | Predicting employee index 472...
2026-03-04 16:58:02,591 | ERROR | Error processing employee 472: [Errno 2] No such file or directory: 'employee_attrition_model.pkl'
2026-03-04 16:58:02,591 | INFO | Predicting employee index 473...
2026-03-04 16:58:02,591 | ERROR | Error processing employee 473: [Errno 2] No such file or directory: 'employee_attrition_model.pkl'
2026-03-04 16:58:02,591 | INFO | Predicting employee index 474...
2026-03-04 16:58:02,591 | ERROR | Error processing employee 474: [Errno 2] No such file or directory: 'employee_attrition_model.pkl'
2026-03-04 16:58:02,591 | INFO | Predicting employee index 475...
2026-03-04 16:58:02,591 | ERROR | Error processing employee 475: [Errno 2] No such file or directory: 'employee_attrition_model.pkl'
2026-03-04 16:58:02,592 | INFO | Predicting employee index 476...
2026-03-04 16:58:02,592 | ERROR | Error processing employee 476: [Errno 2] No such file or directory: 'employee_attrition_model.pkl'
2026-03-04 16:58:02,592 | INFO | Predicting employee index 477...
2026-03-04 16:58:02,592 | ERROR | Error processing employee 477: [Errno 2] No such file or directory: 'employee_attrition_model.pkl'
2026-03-04 16:58:02,592 | INFO | Predicting employee index 478...
2026-03-04 16:58:02,592 | ERROR | Error processing employee 478: [Errno 2] No such file or directory: 'employee_attrition_model.pkl'
2026-03-04 16:58:02,592 | INFO | Predicting employee index 479...
2026-03-04 16:58:02,593 | ERROR | Error processing employee 479: [Errno 2] No such file or directory: 'employee_attrition_model.pkl'
2026-03-04 16:58:02,593 | INFO | Predicting employee index 480...
2026-03-04 16:58:02,593 | ERROR | Error processing employee 480: [Errno 2] No such file or directory: 'employee_attrition_model.pkl'
2026-03-04 16:58:02,593 | INFO | Predicting employee index 481...
2026-03-04 16:58:02,593 | ERROR | Error processing employee 481: [Errno 2] No such file or directory: 'employee_attrition_model.pkl'
2026-03-04 16:58:02,593 | INFO | Predicting employee index 482...
2026-03-04 16:58:02,593 | ERROR | Error processing employee 482: [Errno 2] No such file or directory: 'employee_attrition_model.pkl'
2026-03-04 16:58:02,594 | INFO | Predicting employee index 483...
2026-03-04 16:58:02,594 | ERROR | Error processing employee 483: [Errno 2] No such file or directory: 'employee_attrition_model.pkl'
2026-03-04 16:58:02,594 | INFO | Predicting employee index 484...
2026-03-04 16:58:02,594 | ERROR | Error processing employee 484: [Errno 2] No such file or directory: 'employee_attrition_model.pkl'
2026-03-04 16:58:02,594 | INFO | Predicting employee index 485...
2026-03-04 16:58:02,594 | ERROR | Error processing employee 485: [Errno 2] No such file or directory: 'employee_attrition_model.pkl'
2026-03-04 16:58:02,605 | INFO | Predicting employee index 486...
2026-03-04 16:58:02,605 | ERROR | Error processing employee 486: [Errno 2] No such file or directory: 'employee_attrition_model.pkl'
2026-03-04 16:58:02,606 | INFO | Predicting employee index 487...
2026-03-04 16:58:02,606 | ERROR | Error processing employee 487: [Errno 2] No such file or directory: 'employee_attrition_model.pkl'
2026-03-04 16:58:02,606 | INFO | Predicting employee index 488...
2026-03-04 16:58:02,606 | ERROR | Error processing employee 488: [Errno 2] No such file or directory: 'employee_attrition_model.pkl'
2026-03-04 16:58:02,606 | INFO | Predicting employee index 489...
2026-03-04 16:58:02,606 | ERROR | Error processing employee 489: [Errno 2] No such file or directory: 'employee_attrition_model.pkl'
2026-03-04 16:58:02,607 | INFO | Predicting employee index 490...
2026-03-04 16:58:02,607 | ERROR | Error processing employee 490: [Errno 2] No such file or directory: 'employee_attrition_model.pkl'
2026-03-04 16:58:02,607 | INFO | Predicting employee index 491...
2026-03-04 16:58:02,607 | ERROR | Error processing employee 491: [Errno 2] No such file or directory: 'employee_attrition_model.pkl'
2026-03-04 16:58:02,608 | INFO | Predicting employee index 492...
2026-03-04 16:58:02,608 | ERROR | Error processing employee 492: [Errno 2] No such file or directory: 'employee_attrition_model.pkl'
2026-03-04 16:58:02,608 | INFO | Predicting employee index 493...
2026-03-04 16:58:02,609 | ERROR | Error processing employee 493: [Errno 2] No such file or directory: 'employee_attrition_model.pkl'
2026-03-04 16:58:02,609 | INFO | Predicting employee index 494...
2026-03-04 16:58:02,609 | ERROR | Error processing employee 494: [Errno 2] No such file or directory: 'employee_attrition_model.pkl'
2026-03-04 16:58:02,610 | INFO | Predicting employee index 495...
2026-03-04 16:58:02,610 | ERROR | Error processing employee 495: [Errno 2] No such file or directory: 'employee_attrition_model.pkl'
2026-03-04 16:58:02,610 | INFO | Predicting employee index 496...
2026-03-04 16:58:02,610 | ERROR | Error processing employee 496: [Errno 2] No such file or directory: 'employee_attrition_model.pkl'
2026-03-04 16:58:02,610 | INFO | Predicting employee index 497...
2026-03-04 16:58:02,610 | ERROR | Error processing employee 497: [Errno 2] No such file or directory: 'employee_attrition_model.pkl'
2026-03-04 16:58:02,611 | INFO | Predicting employee index 498...
2026-03-04 16:58:02,611 | ERROR | Error processing employee 498: [Errno 2] No such file or directory: 'employee_attrition_model.pkl'
2026-03-04 16:58:02,611 | INFO | Predicting employee index 499...
2026-03-04 16:58:02,611 | ERROR | Error processing employee 499: [Errno 2] No such file or directory: 'employee_attrition_model.pkl'
2026-03-04 16:58:02,611 | INFO | Predicting employee index 500...
2026-03-04 16:58:02,611 | ERROR | Error processing employee 500: [Errno 2] No such file or directory: 'employee_attrition_model.pkl'
2026-03-04 16:58:02,611 | INFO | Predicting employee index 501...
2026-03-04 16:58:02,611 | ERROR | Error processing employee 501: [Errno 2] No such file or directory: 'employee_attrition_model.pkl'
2026-03-04 16:58:02,612 | INFO | Predicting employee index 502...
2026-03-04 16:58:02,612 | ERROR | Error processing employee 502: [Errno 2] No such file or directory: 'employee_attrition_model.pkl'
2026-03-04 16:58:02,612 | INFO | Predicting employee index 503...
2026-03-04 16:58:02,612 | ERROR | Error processing employee 503: [Errno 2] No such file or directory: 'employee_attrition_model.pkl'
2026-03-04 16:58:02,612 | INFO | Predicting employee index 504...
2026-03-04 16:58:02,612 | ERROR | Error processing employee 504: [Errno 2] No such file or directory: 'employee_attrition_model.pkl'
2026-03-04 16:58:02,612 | INFO | Predicting employee index 505...
2026-03-04 16:58:02,613 | ERROR | Error processing employee 505: [Errno 2] No such file or directory: 'employee_attrition_model.pkl'
2026-03-04 16:58:02,613 | INFO | Predicting employee index 506...
2026-03-04 16:58:02,613 | ERROR | Error processing employee 506: [Errno 2] No such file or directory: 'employee_attrition_model.pkl'
2026-03-04 16:58:02,620 | INFO | Predicting employee index 507...
2026-03-04 16:58:02,620 | ERROR | Error processing employee 507: [Errno 2] No such file or directory: 'employee_attrition_model.pkl'
2026-03-04 16:58:02,620 | INFO | Predicting employee index 508...
2026-03-04 16:58:02,620 | ERROR | Error processing employee 508: [Errno 2] No such file or directory: 'employee_attrition_model.pkl'
2026-03-04 16:58:02,620 | INFO | Predicting employee index 509...
2026-03-04 16:58:02,620 | ERROR | Error processing employee 509: [Errno 2] No such file or directory: 'employee_attrition_model.pkl'
2026-03-04 16:58:02,620 | INFO | Predicting employee index 510...
2026-03-04 16:58:02,621 | ERROR | Error processing employee 510: [Errno 2] No such file or directory: 'employee_attrition_model.pkl'
2026-03-04 16:58:02,621 | INFO | Predicting employee index 511...
2026-03-04 16:58:02,621 | ERROR | Error processing employee 511: [Errno 2] No such file or directory: 'employee_attrition_model.pkl'
2026-03-04 16:58:02,622 | INFO | Predicting employee index 512...
2026-03-04 16:58:02,622 | ERROR | Error processing employee 512: [Errno 2] No such file or directory: 'employee_attrition_model.pkl'
2026-03-04 16:58:02,622 | INFO | Predicting employee index 513...
2026-03-04 16:58:02,622 | ERROR | Error processing employee 513: [Errno 2] No such file or directory: 'employee_attrition_model.pkl'
2026-03-04 16:58:02,622 | INFO | Predicting employee index 514...
2026-03-04 16:58:02,622 | ERROR | Error processing employee 514: [Errno 2] No such file or directory: 'employee_attrition_model.pkl'
2026-03-04 16:58:02,623 | INFO | Predicting employee index 515...
2026-03-04 16:58:02,623 | ERROR | Error processing employee 515: [Errno 2] No such file or directory: 'employee_attrition_model.pkl'
2026-03-04 16:58:02,623 | INFO | Predicting employee index 516...
2026-03-04 16:58:02,623 | ERROR | Error processing employee 516: [Errno 2] No such file or directory: 'employee_attrition_model.pkl'
2026-03-04 16:58:02,624 | INFO | Predicting employee index 517...
2026-03-04 16:58:02,624 | ERROR | Error processing employee 517: [Errno 2] No such file or directory: 'employee_attrition_model.pkl'
2026-03-04 16:58:02,624 | INFO | Predicting employee index 518...
2026-03-04 16:58:02,624 | ERROR | Error processing employee 518: [Errno 2] No such file or directory: 'employee_attrition_model.pkl'
2026-03-04 16:58:02,625 | INFO | Predicting employee index 519...
2026-03-04 16:58:02,625 | ERROR | Error processing employee 519: [Errno 2] No such file or directory: 'employee_attrition_model.pkl'
2026-03-04 16:58:02,625 | INFO | Predicting employee index 520...
2026-03-04 16:58:02,625 | ERROR | Error processing employee 520: [Errno 2] No such file or directory: 'employee_attrition_model.pkl'
2026-03-04 16:58:02,626 | INFO | Predicting employee index 521...
2026-03-04 16:58:02,626 | ERROR | Error processing employee 521: [Errno 2] No such file or directory: 'employee_attrition_model.pkl'
2026-03-04 16:58:02,626 | INFO | Predicting employee index 522...
2026-03-04 16:58:02,626 | ERROR | Error processing employee 522: [Errno 2] No such file or directory: 'employee_attrition_model.pkl'
2026-03-04 16:58:02,627 | INFO | Predicting employee index 523...
2026-03-04 16:58:02,627 | ERROR | Error processing employee 523: [Errno 2] No such file or directory: 'employee_attrition_model.pkl'
2026-03-04 16:58:02,627 | INFO | Predicting employee index 524...
2026-03-04 16:58:02,627 | ERROR | Error processing employee 524: [Errno 2] No such file or directory: 'employee_attrition_model.pkl'
2026-03-04 16:58:02,627 | INFO | Predicting employee index 525...
2026-03-04 16:58:02,628 | ERROR | Error processing employee 525: [Errno 2] No such file or directory: 'employee_attrition_model.pkl'
2026-03-04 16:58:02,628 | INFO | Predicting employee index 526...
2026-03-04 16:58:02,628 | ERROR | Error processing employee 526: [Errno 2] No such file or directory: 'employee_attrition_model.pkl'
2026-03-04 16:58:02,628 | INFO | Predicting employee index 527...
2026-03-04 16:58:02,628 | ERROR | Error processing employee 527: [Errno 2] No such file or directory: 'employee_attrition_model.pkl'
2026-03-04 16:58:02,635 | INFO | Predicting employee index 528...
2026-03-04 16:58:02,636 | ERROR | Error processing employee 528: [Errno 2] No such file or directory: 'employee_attrition_model.pkl'
2026-03-04 16:58:02,636 | INFO | Predicting employee index 529...
2026-03-04 16:58:02,636 | ERROR | Error processing employee 529: [Errno 2] No such file or directory: 'employee_attrition_model.pkl'
2026-03-04 16:58:02,636 | INFO | Predicting employee index 530...
2026-03-04 16:58:02,636 | ERROR | Error processing employee 530: [Errno 2] No such file or directory: 'employee_attrition_model.pkl'
2026-03-04 16:58:02,636 | INFO | Predicting employee index 531...
2026-03-04 16:58:02,637 | ERROR | Error processing employee 531: [Errno 2] No such file or directory: 'employee_attrition_model.pkl'
2026-03-04 16:58:02,638 | INFO | Predicting employee index 532...
2026-03-04 16:58:02,638 | ERROR | Error processing employee 532: [Errno 2] No such file or directory: 'employee_attrition_model.pkl'
2026-03-04 16:58:02,638 | INFO | Predicting employee index 533...
2026-03-04 16:58:02,638 | ERROR | Error processing employee 533: [Errno 2] No such file or directory: 'employee_attrition_model.pkl'
2026-03-04 16:58:02,638 | INFO | Predicting employee index 534...
2026-03-04 16:58:02,638 | ERROR | Error processing employee 534: [Errno 2] No such file or directory: 'employee_attrition_model.pkl'
2026-03-04 16:58:02,639 | INFO | Predicting employee index 535...
2026-03-04 16:58:02,639 | ERROR | Error processing employee 535: [Errno 2] No such file or directory: 'employee_attrition_model.pkl'
2026-03-04 16:58:02,639 | INFO | Predicting employee index 536...
2026-03-04 16:58:02,639 | ERROR | Error processing employee 536: [Errno 2] No such file or directory: 'employee_attrition_model.pkl'
2026-03-04 16:58:02,640 | INFO | Predicting employee index 537...
2026-03-04 16:58:02,640 | ERROR | Error processing employee 537: [Errno 2] No such file or directory: 'employee_attrition_model.pkl'
2026-03-04 16:58:02,640 | INFO | Predicting employee index 538...
2026-03-04 16:58:02,641 | ERROR | Error processing employee 538: [Errno 2] No such file or directory: 'employee_attrition_model.pkl'
2026-03-04 16:58:02,641 | INFO | Predicting employee index 539...
2026-03-04 16:58:02,641 | ERROR | Error processing employee 539: [Errno 2] No such file or directory: 'employee_attrition_model.pkl'
2026-03-04 16:58:02,641 | INFO | Predicting employee index 540...
2026-03-04 16:58:02,641 | ERROR | Error processing employee 540: [Errno 2] No such file or directory: 'employee_attrition_model.pkl'
2026-03-04 16:58:02,642 | INFO | Predicting employee index 541...
2026-03-04 16:58:02,642 | ERROR | Error processing employee 541: [Errno 2] No such file or directory: 'employee_attrition_model.pkl'
2026-03-04 16:58:02,642 | INFO | Predicting employee index 542...
2026-03-04 16:58:02,642 | ERROR | Error processing employee 542: [Errno 2] No such file or directory: 'employee_attrition_model.pkl'
2026-03-04 16:58:02,643 | INFO | Predicting employee index 543...
2026-03-04 16:58:02,643 | ERROR | Error processing employee 543: [Errno 2] No such file or directory: 'employee_attrition_model.pkl'
2026-03-04 16:58:02,643 | INFO | Predicting employee index 544...
2026-03-04 16:58:02,643 | ERROR | Error processing employee 544: [Errno 2] No such file or directory: 'employee_attrition_model.pkl'
2026-03-04 16:58:02,643 | INFO | Predicting employee index 545...
2026-03-04 16:58:02,644 | ERROR | Error processing employee 545: [Errno 2] No such file or directory: 'employee_attrition_model.pkl'
2026-03-04 16:58:02,644 | INFO | Predicting employee index 546...
2026-03-04 16:58:02,644 | ERROR | Error processing employee 546: [Errno 2] No such file or directory: 'employee_attrition_model.pkl'
2026-03-04 16:58:02,644 | INFO | Predicting employee index 547...
2026-03-04 16:58:02,645 | ERROR | Error processing employee 547: [Errno 2] No such file or directory: 'employee_attrition_model.pkl'
2026-03-04 16:58:02,645 | INFO | Predicting employee index 548...
2026-03-04 16:58:02,645 | ERROR | Error processing employee 548: [Errno 2] No such file or directory: 'employee_attrition_model.pkl'
2026-03-04 16:58:02,651 | INFO | Predicting employee index 549...
2026-03-04 16:58:02,651 | ERROR | Error processing employee 549: [Errno 2] No such file or directory: 'employee_attrition_model.pkl'
2026-03-04 16:58:02,652 | INFO | Predicting employee index 550...
2026-03-04 16:58:02,652 | ERROR | Error processing employee 550: [Errno 2] No such file or directory: 'employee_attrition_model.pkl'
2026-03-04 16:58:02,652 | INFO | Predicting employee index 551...
2026-03-04 16:58:02,652 | ERROR | Error processing employee 551: [Errno 2] No such file or directory: 'employee_attrition_model.pkl'
2026-03-04 16:58:02,652 | INFO | Predicting employee index 552...
2026-03-04 16:58:02,652 | ERROR | Error processing employee 552: [Errno 2] No such file or directory: 'employee_attrition_model.pkl'
2026-03-04 16:58:02,652 | INFO | Predicting employee index 553...
2026-03-04 16:58:02,652 | ERROR | Error processing employee 553: [Errno 2] No such file or directory: 'employee_attrition_model.pkl'
2026-03-04 16:58:02,652 | INFO | Predicting employee index 554...
2026-03-04 16:58:02,652 | ERROR | Error processing employee 554: [Errno 2] No such file or directory: 'employee_attrition_model.pkl'
2026-03-04 16:58:02,652 | INFO | Predicting employee index 555...
2026-03-04 16:58:02,652 | ERROR | Error processing employee 555: [Errno 2] No such file or directory: 'employee_attrition_model.pkl'
2026-03-04 16:58:02,652 | INFO | Predicting employee index 556...
2026-03-04 16:58:02,652 | ERROR | Error processing employee 556: [Errno 2] No such file or directory: 'employee_attrition_model.pkl'
2026-03-04 16:58:02,652 | INFO | Predicting employee index 557...
2026-03-04 16:58:02,653 | ERROR | Error processing employee 557: [Errno 2] No such file or directory: 'employee_attrition_model.pkl'
2026-03-04 16:58:02,653 | INFO | Predicting employee index 558...
2026-03-04 16:58:02,653 | ERROR | Error processing employee 558: [Errno 2] No such file or directory: 'employee_attrition_model.pkl'
2026-03-04 16:58:02,653 | INFO | Predicting employee index 559...
2026-03-04 16:58:02,653 | ERROR | Error processing employee 559: [Errno 2] No such file or directory: 'employee_attrition_model.pkl'
2026-03-04 16:58:02,653 | INFO | Predicting employee index 560...
2026-03-04 16:58:02,653 | ERROR | Error processing employee 560: [Errno 2] No such file or directory: 'employee_attrition_model.pkl'
2026-03-04 16:58:02,653 | INFO | Predicting employee index 561...
2026-03-04 16:58:02,653 | ERROR | Error processing employee 561: [Errno 2] No such file or directory: 'employee_attrition_model.pkl'
2026-03-04 16:58:02,653 | INFO | Predicting employee index 562...
2026-03-04 16:58:02,653 | ERROR | Error processing employee 562: [Errno 2] No such file or directory: 'employee_attrition_model.pkl'
2026-03-04 16:58:02,653 | INFO | Predicting employee index 563...
2026-03-04 16:58:02,653 | ERROR | Error processing employee 563: [Errno 2] No such file or directory: 'employee_attrition_model.pkl'
2026-03-04 16:58:02,653 | INFO | Predicting employee index 564...
2026-03-04 16:58:02,653 | ERROR | Error processing employee 564: [Errno 2] No such file or directory: 'employee_attrition_model.pkl'
2026-03-04 16:58:02,654 | INFO | Predicting employee index 565...
2026-03-04 16:58:02,654 | ERROR | Error processing employee 565: [Errno 2] No such file or directory: 'employee_attrition_model.pkl'
2026-03-04 16:58:02,654 | INFO | Predicting employee index 566...
2026-03-04 16:58:02,654 | ERROR | Error processing employee 566: [Errno 2] No such file or directory: 'employee_attrition_model.pkl'
2026-03-04 16:58:02,654 | INFO | Predicting employee index 567...
2026-03-04 16:58:02,654 | ERROR | Error processing employee 567: [Errno 2] No such file or directory: 'employee_attrition_model.pkl'
2026-03-04 16:58:02,655 | INFO | Predicting employee index 568...
2026-03-04 16:58:02,655 | ERROR | Error processing employee 568: [Errno 2] No such file or directory: 'employee_attrition_model.pkl'
2026-03-04 16:58:02,655 | INFO | Predicting employee index 569...
2026-03-04 16:58:02,655 | ERROR | Error processing employee 569: [Errno 2] No such file or directory: 'employee_attrition_model.pkl'
2026-03-04 16:58:02,667 | INFO | Predicting employee index 570...
2026-03-04 16:58:02,667 | ERROR | Error processing employee 570: [Errno 2] No such file or directory: 'employee_attrition_model.pkl'
2026-03-04 16:58:02,667 | INFO | Predicting employee index 571...
2026-03-04 16:58:02,667 | ERROR | Error processing employee 571: [Errno 2] No such file or directory: 'employee_attrition_model.pkl'
2026-03-04 16:58:02,668 | INFO | Predicting employee index 572...
2026-03-04 16:58:02,668 | ERROR | Error processing employee 572: [Errno 2] No such file or directory: 'employee_attrition_model.pkl'
2026-03-04 16:58:02,668 | INFO | Predicting employee index 573...
2026-03-04 16:58:02,668 | ERROR | Error processing employee 573: [Errno 2] No such file or directory: 'employee_attrition_model.pkl'
2026-03-04 16:58:02,668 | INFO | Predicting employee index 574...
2026-03-04 16:58:02,668 | ERROR | Error processing employee 574: [Errno 2] No such file or directory: 'employee_attrition_model.pkl'
2026-03-04 16:58:02,668 | INFO | Predicting employee index 575...
2026-03-04 16:58:02,668 | ERROR | Error processing employee 575: [Errno 2] No such file or directory: 'employee_attrition_model.pkl'
2026-03-04 16:58:02,668 | INFO | Predicting employee index 576...
2026-03-04 16:58:02,668 | ERROR | Error processing employee 576: [Errno 2] No such file or directory: 'employee_attrition_model.pkl'
2026-03-04 16:58:02,668 | INFO | Predicting employee index 577...
2026-03-04 16:58:02,668 | ERROR | Error processing employee 577: [Errno 2] No such file or directory: 'employee_attrition_model.pkl'
2026-03-04 16:58:02,668 | INFO | Predicting employee index 578...
2026-03-04 16:58:02,669 | ERROR | Error processing employee 578: [Errno 2] No such file or directory: 'employee_attrition_model.pkl'
2026-03-04 16:58:02,669 | INFO | Predicting employee index 579...
2026-03-04 16:58:02,669 | ERROR | Error processing employee 579: [Errno 2] No such file or directory: 'employee_attrition_model.pkl'
2026-03-04 16:58:02,669 | INFO | Predicting employee index 580...
2026-03-04 16:58:02,669 | ERROR | Error processing employee 580: [Errno 2] No such file or directory: 'employee_attrition_model.pkl'
2026-03-04 16:58:02,669 | INFO | Predicting employee index 581...
2026-03-04 16:58:02,669 | ERROR | Error processing employee 581: [Errno 2] No such file or directory: 'employee_attrition_model.pkl'
2026-03-04 16:58:02,669 | INFO | Predicting employee index 582...
2026-03-04 16:58:02,669 | ERROR | Error processing employee 582: [Errno 2] No such file or directory: 'employee_attrition_model.pkl'
2026-03-04 16:58:02,669 | INFO | Predicting employee index 583...
2026-03-04 16:58:02,669 | ERROR | Error processing employee 583: [Errno 2] No such file or directory: 'employee_attrition_model.pkl'
2026-03-04 16:58:02,669 | INFO | Predicting employee index 584...
2026-03-04 16:58:02,669 | ERROR | Error processing employee 584: [Errno 2] No such file or directory: 'employee_attrition_model.pkl'
2026-03-04 16:58:02,669 | INFO | Predicting employee index 585...
2026-03-04 16:58:02,669 | ERROR | Error processing employee 585: [Errno 2] No such file or directory: 'employee_attrition_model.pkl'
2026-03-04 16:58:02,670 | INFO | Predicting employee index 586...
2026-03-04 16:58:02,670 | ERROR | Error processing employee 586: [Errno 2] No such file or directory: 'employee_attrition_model.pkl'
2026-03-04 16:58:02,670 | INFO | Predicting employee index 587...
2026-03-04 16:58:02,670 | ERROR | Error processing employee 587: [Errno 2] No such file or directory: 'employee_attrition_model.pkl'
2026-03-04 16:58:02,670 | INFO | Predicting employee index 588...
2026-03-04 16:58:02,670 | ERROR | Error processing employee 588: [Errno 2] No such file or directory: 'employee_attrition_model.pkl'
2026-03-04 16:58:02,670 | INFO | Predicting employee index 589...
2026-03-04 16:58:02,670 | ERROR | Error processing employee 589: [Errno 2] No such file or directory: 'employee_attrition_model.pkl'
2026-03-04 16:58:02,670 | INFO | Predicting employee index 590...
2026-03-04 16:58:02,670 | ERROR | Error processing employee 590: [Errno 2] No such file or directory: 'employee_attrition_model.pkl'
2026-03-04 16:58:02,684 | INFO | Predicting employee index 591...
2026-03-04 16:58:02,684 | ERROR | Error processing employee 591: [Errno 2] No such file or directory: 'employee_attrition_model.pkl'
2026-03-04 16:58:02,684 | INFO | Predicting employee index 592...
2026-03-04 16:58:02,685 | ERROR | Error processing employee 592: [Errno 2] No such file or directory: 'employee_attrition_model.pkl'
2026-03-04 16:58:02,685 | INFO | Predicting employee index 593...
2026-03-04 16:58:02,685 | ERROR | Error processing employee 593: [Errno 2] No such file or directory: 'employee_attrition_model.pkl'
2026-03-04 16:58:02,685 | INFO | Predicting employee index 594...
2026-03-04 16:58:02,686 | ERROR | Error processing employee 594: [Errno 2] No such file or directory: 'employee_attrition_model.pkl'
2026-03-04 16:58:02,686 | INFO | Predicting employee index 595...
2026-03-04 16:58:02,686 | ERROR | Error processing employee 595: [Errno 2] No such file or directory: 'employee_attrition_model.pkl'
2026-03-04 16:58:02,686 | INFO | Predicting employee index 596...
2026-03-04 16:58:02,687 | ERROR | Error processing employee 596: [Errno 2] No such file or directory: 'employee_attrition_model.pkl'
2026-03-04 16:58:02,687 | INFO | Predicting employee index 597...
2026-03-04 16:58:02,687 | ERROR | Error processing employee 597: [Errno 2] No such file or directory: 'employee_attrition_model.pkl'
2026-03-04 16:58:02,687 | INFO | Predicting employee index 598...
2026-03-04 16:58:02,688 | ERROR | Error processing employee 598: [Errno 2] No such file or directory: 'employee_attrition_model.pkl'
2026-03-04 16:58:02,688 | INFO | Predicting employee index 599...
2026-03-04 16:58:02,688 | ERROR | Error processing employee 599: [Errno 2] No such file or directory: 'employee_attrition_model.pkl'
2026-03-04 16:58:02,688 | INFO | Predicting employee index 600...
2026-03-04 16:58:02,688 | ERROR | Error processing employee 600: [Errno 2] No such file or directory: 'employee_attrition_model.pkl'
2026-03-04 16:58:02,688 | INFO | Predicting employee index 601...
2026-03-04 16:58:02,688 | ERROR | Error processing employee 601: [Errno 2] No such file or directory: 'employee_attrition_model.pkl'
2026-03-04 16:58:02,688 | INFO | Predicting employee index 602...
2026-03-04 16:58:02,689 | ERROR | Error processing employee 602: [Errno 2] No such file or directory: 'employee_attrition_model.pkl'
2026-03-04 16:58:02,689 | INFO | Predicting employee index 603...
2026-03-04 16:58:02,689 | ERROR | Error processing employee 603: [Errno 2] No such file or directory: 'employee_attrition_model.pkl'
2026-03-04 16:58:02,689 | INFO | Predicting employee index 604...
2026-03-04 16:58:02,690 | ERROR | Error processing employee 604: [Errno 2] No such file or directory: 'employee_attrition_model.pkl'
2026-03-04 16:58:02,690 | INFO | Predicting employee index 605...
2026-03-04 16:58:02,690 | ERROR | Error processing employee 605: [Errno 2] No such file or directory: 'employee_attrition_model.pkl'
2026-03-04 16:58:02,690 | INFO | Predicting employee index 606...
2026-03-04 16:58:02,691 | ERROR | Error processing employee 606: [Errno 2] No such file or directory: 'employee_attrition_model.pkl'
2026-03-04 16:58:02,691 | INFO | Predicting employee index 607...
2026-03-04 16:58:02,691 | ERROR | Error processing employee 607: [Errno 2] No such file or directory: 'employee_attrition_model.pkl'
2026-03-04 16:58:02,691 | INFO | Predicting employee index 608...
2026-03-04 16:58:02,691 | ERROR | Error processing employee 608: [Errno 2] No such file or directory: 'employee_attrition_model.pkl'
2026-03-04 16:58:02,692 | INFO | Predicting employee index 609...
2026-03-04 16:58:02,692 | ERROR | Error processing employee 609: [Errno 2] No such file or directory: 'employee_attrition_model.pkl'
2026-03-04 16:58:02,692 | INFO | Predicting employee index 610...
2026-03-04 16:58:02,692 | ERROR | Error processing employee 610: [Errno 2] No such file or directory: 'employee_attrition_model.pkl'
2026-03-04 16:58:02,692 | INFO | Predicting employee index 611...
2026-03-04 16:58:02,693 | ERROR | Error processing employee 611: [Errno 2] No such file or directory: 'employee_attrition_model.pkl'
2026-03-04 16:58:02,699 | INFO | Predicting employee index 612...
2026-03-04 16:58:02,700 | ERROR | Error processing employee 612: [Errno 2] No such file or directory: 'employee_attrition_model.pkl'
2026-03-04 16:58:02,700 | INFO | Predicting employee index 613...
2026-03-04 16:58:02,700 | ERROR | Error processing employee 613: [Errno 2] No such file or directory: 'employee_attrition_model.pkl'
2026-03-04 16:58:02,701 | INFO | Predicting employee index 614...
2026-03-04 16:58:02,701 | ERROR | Error processing employee 614: [Errno 2] No such file or directory: 'employee_attrition_model.pkl'
2026-03-04 16:58:02,701 | INFO | Predicting employee index 615...
2026-03-04 16:58:02,701 | ERROR | Error processing employee 615: [Errno 2] No such file or directory: 'employee_attrition_model.pkl'
2026-03-04 16:58:02,701 | INFO | Predicting employee index 616...
2026-03-04 16:58:02,701 | ERROR | Error processing employee 616: [Errno 2] No such file or directory: 'employee_attrition_model.pkl'
2026-03-04 16:58:02,703 | INFO | Predicting employee index 617...
2026-03-04 16:58:02,703 | ERROR | Error processing employee 617: [Errno 2] No such file or directory: 'employee_attrition_model.pkl'
2026-03-04 16:58:02,703 | INFO | Predicting employee index 618...
2026-03-04 16:58:02,703 | ERROR | Error processing employee 618: [Errno 2] No such file or directory: 'employee_attrition_model.pkl'
2026-03-04 16:58:02,703 | INFO | Predicting employee index 619...
2026-03-04 16:58:02,703 | ERROR | Error processing employee 619: [Errno 2] No such file or directory: 'employee_attrition_model.pkl'
2026-03-04 16:58:02,703 | INFO | Predicting employee index 620...
2026-03-04 16:58:02,703 | ERROR | Error processing employee 620: [Errno 2] No such file or directory: 'employee_attrition_model.pkl'
2026-03-04 16:58:02,703 | INFO | Predicting employee index 621...
2026-03-04 16:58:02,703 | ERROR | Error processing employee 621: [Errno 2] No such file or directory: 'employee_attrition_model.pkl'
2026-03-04 16:58:02,705 | INFO | Predicting employee index 622...
2026-03-04 16:58:02,705 | ERROR | Error processing employee 622: [Errno 2] No such file or directory: 'employee_attrition_model.pkl'
2026-03-04 16:58:02,705 | INFO | Predicting employee index 623...
2026-03-04 16:58:02,705 | ERROR | Error processing employee 623: [Errno 2] No such file or directory: 'employee_attrition_model.pkl'
2026-03-04 16:58:02,705 | INFO | Predicting employee index 624...
2026-03-04 16:58:02,705 | ERROR | Error processing employee 624: [Errno 2] No such file or directory: 'employee_attrition_model.pkl'
2026-03-04 16:58:02,705 | INFO | Predicting employee index 625...
2026-03-04 16:58:02,705 | ERROR | Error processing employee 625: [Errno 2] No such file or directory: 'employee_attrition_model.pkl'
2026-03-04 16:58:02,705 | INFO | Predicting employee index 626...
2026-03-04 16:58:02,705 | ERROR | Error processing employee 626: [Errno 2] No such file or directory: 'employee_attrition_model.pkl'
2026-03-04 16:58:02,705 | INFO | Predicting employee index 627...
2026-03-04 16:58:02,705 | ERROR | Error processing employee 627: [Errno 2] No such file or directory: 'employee_attrition_model.pkl'
2026-03-04 16:58:02,706 | INFO | Predicting employee index 628...
2026-03-04 16:58:02,706 | ERROR | Error processing employee 628: [Errno 2] No such file or directory: 'employee_attrition_model.pkl'
2026-03-04 16:58:02,706 | INFO | Predicting employee index 629...
2026-03-04 16:58:02,706 | ERROR | Error processing employee 629: [Errno 2] No such file or directory: 'employee_attrition_model.pkl'
2026-03-04 16:58:02,706 | INFO | Predicting employee index 630...
2026-03-04 16:58:02,706 | ERROR | Error processing employee 630: [Errno 2] No such file or directory: 'employee_attrition_model.pkl'
2026-03-04 16:58:02,706 | INFO | Predicting employee index 631...
2026-03-04 16:58:02,707 | ERROR | Error processing employee 631: [Errno 2] No such file or directory: 'employee_attrition_model.pkl'
2026-03-04 16:58:02,707 | INFO | Predicting employee index 632...
2026-03-04 16:58:02,707 | ERROR | Error processing employee 632: [Errno 2] No such file or directory: 'employee_attrition_model.pkl'
2026-03-04 16:58:02,713 | INFO | Predicting employee index 633...
2026-03-04 16:58:02,713 | ERROR | Error processing employee 633: [Errno 2] No such file or directory: 'employee_attrition_model.pkl'
2026-03-04 16:58:02,714 | INFO | Predicting employee index 634...
2026-03-04 16:58:02,714 | ERROR | Error processing employee 634: [Errno 2] No such file or directory: 'employee_attrition_model.pkl'
2026-03-04 16:58:02,714 | INFO | Predicting employee index 635...
2026-03-04 16:58:02,714 | ERROR | Error processing employee 635: [Errno 2] No such file or directory: 'employee_attrition_model.pkl'
2026-03-04 16:58:02,714 | INFO | Predicting employee index 636...
2026-03-04 16:58:02,715 | ERROR | Error processing employee 636: [Errno 2] No such file or directory: 'employee_attrition_model.pkl'
2026-03-04 16:58:02,715 | INFO | Predicting employee index 637...
2026-03-04 16:58:02,715 | ERROR | Error processing employee 637: [Errno 2] No such file or directory: 'employee_attrition_model.pkl'
2026-03-04 16:58:02,715 | INFO | Predicting employee index 638...
2026-03-04 16:58:02,716 | ERROR | Error processing employee 638: [Errno 2] No such file or directory: 'employee_attrition_model.pkl'
2026-03-04 16:58:02,716 | INFO | Predicting employee index 639...
2026-03-04 16:58:02,716 | ERROR | Error processing employee 639: [Errno 2] No such file or directory: 'employee_attrition_model.pkl'
2026-03-04 16:58:02,716 | INFO | Predicting employee index 640...
2026-03-04 16:58:02,716 | ERROR | Error processing employee 640: [Errno 2] No such file or directory: 'employee_attrition_model.pkl'
2026-03-04 16:58:02,717 | INFO | Predicting employee index 641...
2026-03-04 16:58:02,717 | ERROR | Error processing employee 641: [Errno 2] No such file or directory: 'employee_attrition_model.pkl'
2026-03-04 16:58:02,717 | INFO | Predicting employee index 642...
2026-03-04 16:58:02,717 | ERROR | Error processing employee 642: [Errno 2] No such file or directory: 'employee_attrition_model.pkl'
2026-03-04 16:58:02,718 | INFO | Predicting employee index 643...
2026-03-04 16:58:02,718 | ERROR | Error processing employee 643: [Errno 2] No such file or directory: 'employee_attrition_model.pkl'
2026-03-04 16:58:02,718 | INFO | Predicting employee index 644...
2026-03-04 16:58:02,718 | ERROR | Error processing employee 644: [Errno 2] No such file or directory: 'employee_attrition_model.pkl'
2026-03-04 16:58:02,718 | INFO | Predicting employee index 645...
2026-03-04 16:58:02,718 | ERROR | Error processing employee 645: [Errno 2] No such file or directory: 'employee_attrition_model.pkl'
2026-03-04 16:58:02,719 | INFO | Predicting employee index 646...
2026-03-04 16:58:02,719 | ERROR | Error processing employee 646: [Errno 2] No such file or directory: 'employee_attrition_model.pkl'
2026-03-04 16:58:02,719 | INFO | Predicting employee index 647...
2026-03-04 16:58:02,719 | ERROR | Error processing employee 647: [Errno 2] No such file or directory: 'employee_attrition_model.pkl'
2026-03-04 16:58:02,719 | INFO | Predicting employee index 648...
2026-03-04 16:58:02,719 | ERROR | Error processing employee 648: [Errno 2] No such file or directory: 'employee_attrition_model.pkl'
2026-03-04 16:58:02,720 | INFO | Predicting employee index 649...
2026-03-04 16:58:02,720 | ERROR | Error processing employee 649: [Errno 2] No such file or directory: 'employee_attrition_model.pkl'
2026-03-04 16:58:02,720 | INFO | Predicting employee index 650...
2026-03-04 16:58:02,720 | ERROR | Error processing employee 650: [Errno 2] No such file or directory: 'employee_attrition_model.pkl'
2026-03-04 16:58:02,720 | INFO | Predicting employee index 651...
2026-03-04 16:58:02,720 | ERROR | Error processing employee 651: [Errno 2] No such file or directory: 'employee_attrition_model.pkl'
2026-03-04 16:58:02,720 | INFO | Predicting employee index 652...
2026-03-04 16:58:02,721 | ERROR | Error processing employee 652: [Errno 2] No such file or directory: 'employee_attrition_model.pkl'
2026-03-04 16:58:02,721 | INFO | Predicting employee index 653...
2026-03-04 16:58:02,721 | ERROR | Error processing employee 653: [Errno 2] No such file or directory: 'employee_attrition_model.pkl'
2026-03-04 16:58:02,730 | INFO | Predicting employee index 654...
2026-03-04 16:58:02,730 | ERROR | Error processing employee 654: [Errno 2] No such file or directory: 'employee_attrition_model.pkl'
2026-03-04 16:58:02,730 | INFO | Predicting employee index 655...
2026-03-04 16:58:02,730 | ERROR | Error processing employee 655: [Errno 2] No such file or directory: 'employee_attrition_model.pkl'
2026-03-04 16:58:02,730 | INFO | Predicting employee index 656...
2026-03-04 16:58:02,730 | ERROR | Error processing employee 656: [Errno 2] No such file or directory: 'employee_attrition_model.pkl'
2026-03-04 16:58:02,730 | INFO | Predicting employee index 657...
2026-03-04 16:58:02,730 | ERROR | Error processing employee 657: [Errno 2] No such file or directory: 'employee_attrition_model.pkl'
2026-03-04 16:58:02,730 | INFO | Predicting employee index 658...
2026-03-04 16:58:02,730 | ERROR | Error processing employee 658: [Errno 2] No such file or directory: 'employee_attrition_model.pkl'
2026-03-04 16:58:02,730 | INFO | Predicting employee index 659...
2026-03-04 16:58:02,731 | ERROR | Error processing employee 659: [Errno 2] No such file or directory: 'employee_attrition_model.pkl'
2026-03-04 16:58:02,731 | INFO | Predicting employee index 660...
2026-03-04 16:58:02,731 | ERROR | Error processing employee 660: [Errno 2] No such file or directory: 'employee_attrition_model.pkl'
2026-03-04 16:58:02,732 | INFO | Predicting employee index 661...
2026-03-04 16:58:02,732 | ERROR | Error processing employee 661: [Errno 2] No such file or directory: 'employee_attrition_model.pkl'
2026-03-04 16:58:02,733 | INFO | Predicting employee index 662...
2026-03-04 16:58:02,733 | ERROR | Error processing employee 662: [Errno 2] No such file or directory: 'employee_attrition_model.pkl'
2026-03-04 16:58:02,733 | INFO | Predicting employee index 663...
2026-03-04 16:58:02,734 | ERROR | Error processing employee 663: [Errno 2] No such file or directory: 'employee_attrition_model.pkl'
2026-03-04 16:58:02,734 | INFO | Predicting employee index 664...
2026-03-04 16:58:02,734 | ERROR | Error processing employee 664: [Errno 2] No such file or directory: 'employee_attrition_model.pkl'
2026-03-04 16:58:02,734 | INFO | Predicting employee index 665...
2026-03-04 16:58:02,734 | ERROR | Error processing employee 665: [Errno 2] No such file or directory: 'employee_attrition_model.pkl'
2026-03-04 16:58:02,734 | INFO | Predicting employee index 666...
2026-03-04 16:58:02,735 | ERROR | Error processing employee 666: [Errno 2] No such file or directory: 'employee_attrition_model.pkl'
2026-03-04 16:58:02,735 | INFO | Predicting employee index 667...
2026-03-04 16:58:02,735 | ERROR | Error processing employee 667: [Errno 2] No such file or directory: 'employee_attrition_model.pkl'
2026-03-04 16:58:02,735 | INFO | Predicting employee index 668...
2026-03-04 16:58:02,735 | ERROR | Error processing employee 668: [Errno 2] No such file or directory: 'employee_attrition_model.pkl'
2026-03-04 16:58:02,735 | INFO | Predicting employee index 669...
2026-03-04 16:58:02,736 | ERROR | Error processing employee 669: [Errno 2] No such file or directory: 'employee_attrition_model.pkl'
2026-03-04 16:58:02,736 | INFO | Predicting employee index 670...
2026-03-04 16:58:02,736 | ERROR | Error processing employee 670: [Errno 2] No such file or directory: 'employee_attrition_model.pkl'
2026-03-04 16:58:02,736 | INFO | Predicting employee index 671...
2026-03-04 16:58:02,736 | ERROR | Error processing employee 671: [Errno 2] No such file or directory: 'employee_attrition_model.pkl'
2026-03-04 16:58:02,736 | INFO | Predicting employee index 672...
2026-03-04 16:58:02,736 | ERROR | Error processing employee 672: [Errno 2] No such file or directory: 'employee_attrition_model.pkl'
2026-03-04 16:58:02,737 | INFO | Predicting employee index 673...
2026-03-04 16:58:02,737 | ERROR | Error processing employee 673: [Errno 2] No such file or directory: 'employee_attrition_model.pkl'
2026-03-04 16:58:02,737 | INFO | Predicting employee index 674...
2026-03-04 16:58:02,737 | ERROR | Error processing employee 674: [Errno 2] No such file or directory: 'employee_attrition_model.pkl'
2026-03-04 16:58:02,747 | INFO | Predicting employee index 675...
2026-03-04 16:58:02,747 | ERROR | Error processing employee 675: [Errno 2] No such file or directory: 'employee_attrition_model.pkl'
2026-03-04 16:58:02,747 | INFO | Predicting employee index 676...
2026-03-04 16:58:02,747 | ERROR | Error processing employee 676: [Errno 2] No such file or directory: 'employee_attrition_model.pkl'
2026-03-04 16:58:02,748 | INFO | Predicting employee index 677...
2026-03-04 16:58:02,748 | ERROR | Error processing employee 677: [Errno 2] No such file or directory: 'employee_attrition_model.pkl'
2026-03-04 16:58:02,748 | INFO | Predicting employee index 678...
2026-03-04 16:58:02,749 | ERROR | Error processing employee 678: [Errno 2] No such file or directory: 'employee_attrition_model.pkl'
2026-03-04 16:58:02,749 | INFO | Predicting employee index 679...
2026-03-04 16:58:02,749 | ERROR | Error processing employee 679: [Errno 2] No such file or directory: 'employee_attrition_model.pkl'
2026-03-04 16:58:02,749 | INFO | Predicting employee index 680...
2026-03-04 16:58:02,749 | ERROR | Error processing employee 680: [Errno 2] No such file or directory: 'employee_attrition_model.pkl'
2026-03-04 16:58:02,750 | INFO | Predicting employee index 681...
2026-03-04 16:58:02,750 | ERROR | Error processing employee 681: [Errno 2] No such file or directory: 'employee_attrition_model.pkl'
2026-03-04 16:58:02,750 | INFO | Predicting employee index 682...
2026-03-04 16:58:02,750 | ERROR | Error processing employee 682: [Errno 2] No such file or directory: 'employee_attrition_model.pkl'
2026-03-04 16:58:02,750 | INFO | Predicting employee index 683...
2026-03-04 16:58:02,750 | ERROR | Error processing employee 683: [Errno 2] No such file or directory: 'employee_attrition_model.pkl'
2026-03-04 16:58:02,751 | INFO | Predicting employee index 684...
2026-03-04 16:58:02,751 | ERROR | Error processing employee 684: [Errno 2] No such file or directory: 'employee_attrition_model.pkl'
2026-03-04 16:58:02,751 | INFO | Predicting employee index 685...
2026-03-04 16:58:02,751 | ERROR | Error processing employee 685: [Errno 2] No such file or directory: 'employee_attrition_model.pkl'
2026-03-04 16:58:02,752 | INFO | Predicting employee index 686...
2026-03-04 16:58:02,752 | ERROR | Error processing employee 686: [Errno 2] No such file or directory: 'employee_attrition_model.pkl'
2026-03-04 16:58:02,752 | INFO | Predicting employee index 687...
2026-03-04 16:58:02,752 | ERROR | Error processing employee 687: [Errno 2] No such file or directory: 'employee_attrition_model.pkl'
2026-03-04 16:58:02,752 | INFO | Predicting employee index 688...
2026-03-04 16:58:02,752 | ERROR | Error processing employee 688: [Errno 2] No such file or directory: 'employee_attrition_model.pkl'
2026-03-04 16:58:02,752 | INFO | Predicting employee index 689...
2026-03-04 16:58:02,753 | ERROR | Error processing employee 689: [Errno 2] No such file or directory: 'employee_attrition_model.pkl'
2026-03-04 16:58:02,753 | INFO | Predicting employee index 690...
2026-03-04 16:58:02,753 | ERROR | Error processing employee 690: [Errno 2] No such file or directory: 'employee_attrition_model.pkl'
2026-03-04 16:58:02,753 | INFO | Predicting employee index 691...
2026-03-04 16:58:02,753 | ERROR | Error processing employee 691: [Errno 2] No such file or directory: 'employee_attrition_model.pkl'
2026-03-04 16:58:02,753 | INFO | Predicting employee index 692...
2026-03-04 16:58:02,754 | ERROR | Error processing employee 692: [Errno 2] No such file or directory: 'employee_attrition_model.pkl'
2026-03-04 16:58:02,754 | INFO | Predicting employee index 693...
2026-03-04 16:58:02,754 | ERROR | Error processing employee 693: [Errno 2] No such file or directory: 'employee_attrition_model.pkl'
2026-03-04 16:58:02,754 | INFO | Predicting employee index 694...
2026-03-04 16:58:02,754 | ERROR | Error processing employee 694: [Errno 2] No such file or directory: 'employee_attrition_model.pkl'
2026-03-04 16:58:02,755 | INFO | Predicting employee index 695...
2026-03-04 16:58:02,755 | ERROR | Error processing employee 695: [Errno 2] No such file or directory: 'employee_attrition_model.pkl'
2026-03-04 16:58:02,761 | INFO | Predicting employee index 696...
2026-03-04 16:58:02,761 | ERROR | Error processing employee 696: [Errno 2] No such file or directory: 'employee_attrition_model.pkl'
2026-03-04 16:58:02,762 | INFO | Predicting employee index 697...
2026-03-04 16:58:02,762 | ERROR | Error processing employee 697: [Errno 2] No such file or directory: 'employee_attrition_model.pkl'
2026-03-04 16:58:02,762 | INFO | Predicting employee index 698...
2026-03-04 16:58:02,762 | ERROR | Error processing employee 698: [Errno 2] No such file or directory: 'employee_attrition_model.pkl'
2026-03-04 16:58:02,762 | INFO | Predicting employee index 699...
2026-03-04 16:58:02,762 | ERROR | Error processing employee 699: [Errno 2] No such file or directory: 'employee_attrition_model.pkl'
2026-03-04 16:58:02,762 | INFO | Predicting employee index 700...
2026-03-04 16:58:02,763 | ERROR | Error processing employee 700: [Errno 2] No such file or directory: 'employee_attrition_model.pkl'
2026-03-04 16:58:02,763 | INFO | Predicting employee index 701...
2026-03-04 16:58:02,763 | ERROR | Error processing employee 701: [Errno 2] No such file or directory: 'employee_attrition_model.pkl'
2026-03-04 16:58:02,763 | INFO | Predicting employee index 702...
2026-03-04 16:58:02,763 | ERROR | Error processing employee 702: [Errno 2] No such file or directory: 'employee_attrition_model.pkl'
2026-03-04 16:58:02,764 | INFO | Predicting employee index 703...
2026-03-04 16:58:02,764 | ERROR | Error processing employee 703: [Errno 2] No such file or directory: 'employee_attrition_model.pkl'
2026-03-04 16:58:02,764 | INFO | Predicting employee index 704...
2026-03-04 16:58:02,764 | ERROR | Error processing employee 704: [Errno 2] No such file or directory: 'employee_attrition_model.pkl'
2026-03-04 16:58:02,764 | INFO | Predicting employee index 705...
2026-03-04 16:58:02,765 | ERROR | Error processing employee 705: [Errno 2] No such file or directory: 'employee_attrition_model.pkl'
2026-03-04 16:58:02,765 | INFO | Predicting employee index 706...
2026-03-04 16:58:02,765 | ERROR | Error processing employee 706: [Errno 2] No such file or directory: 'employee_attrition_model.pkl'
2026-03-04 16:58:02,766 | INFO | Predicting employee index 707...
2026-03-04 16:58:02,766 | ERROR | Error processing employee 707: [Errno 2] No such file or directory: 'employee_attrition_model.pkl'
2026-03-04 16:58:02,766 | INFO | Predicting employee index 708...
2026-03-04 16:58:02,766 | ERROR | Error processing employee 708: [Errno 2] No such file or directory: 'employee_attrition_model.pkl'
2026-03-04 16:58:02,766 | INFO | Predicting employee index 709...
2026-03-04 16:58:02,767 | ERROR | Error processing employee 709: [Errno 2] No such file or directory: 'employee_attrition_model.pkl'
2026-03-04 16:58:02,767 | INFO | Predicting employee index 710...
2026-03-04 16:58:02,767 | ERROR | Error processing employee 710: [Errno 2] No such file or directory: 'employee_attrition_model.pkl'
2026-03-04 16:58:02,767 | INFO | Predicting employee index 711...
2026-03-04 16:58:02,768 | ERROR | Error processing employee 711: [Errno 2] No such file or directory: 'employee_attrition_model.pkl'
2026-03-04 16:58:02,768 | INFO | Predicting employee index 712...
2026-03-04 16:58:02,768 | ERROR | Error processing employee 712: [Errno 2] No such file or directory: 'employee_attrition_model.pkl'
2026-03-04 16:58:02,768 | INFO | Predicting employee index 713...
2026-03-04 16:58:02,768 | ERROR | Error processing employee 713: [Errno 2] No such file or directory: 'employee_attrition_model.pkl'
2026-03-04 16:58:02,768 | INFO | Predicting employee index 714...
2026-03-04 16:58:02,768 | ERROR | Error processing employee 714: [Errno 2] No such file or directory: 'employee_attrition_model.pkl'
2026-03-04 16:58:02,769 | INFO | Predicting employee index 715...
2026-03-04 16:58:02,769 | ERROR | Error processing employee 715: [Errno 2] No such file or directory: 'employee_attrition_model.pkl'
2026-03-04 16:58:02,769 | INFO | Predicting employee index 716...
2026-03-04 16:58:02,769 | ERROR | Error processing employee 716: [Errno 2] No such file or directory: 'employee_attrition_model.pkl'
2026-03-04 16:58:02,776 | INFO | Predicting employee index 717...
2026-03-04 16:58:02,776 | ERROR | Error processing employee 717: [Errno 2] No such file or directory: 'employee_attrition_model.pkl'
2026-03-04 16:58:02,776 | INFO | Predicting employee index 718...
2026-03-04 16:58:02,777 | ERROR | Error processing employee 718: [Errno 2] No such file or directory: 'employee_attrition_model.pkl'
2026-03-04 16:58:02,777 | INFO | Predicting employee index 719...
2026-03-04 16:58:02,777 | ERROR | Error processing employee 719: [Errno 2] No such file or directory: 'employee_attrition_model.pkl'
2026-03-04 16:58:02,777 | INFO | Predicting employee index 720...
2026-03-04 16:58:02,777 | ERROR | Error processing employee 720: [Errno 2] No such file or directory: 'employee_attrition_model.pkl'
2026-03-04 16:58:02,777 | INFO | Predicting employee index 721...
2026-03-04 16:58:02,777 | ERROR | Error processing employee 721: [Errno 2] No such file or directory: 'employee_attrition_model.pkl'
2026-03-04 16:58:02,777 | INFO | Predicting employee index 722...
2026-03-04 16:58:02,777 | ERROR | Error processing employee 722: [Errno 2] No such file or directory: 'employee_attrition_model.pkl'
2026-03-04 16:58:02,777 | INFO | Predicting employee index 723...
2026-03-04 16:58:02,777 | ERROR | Error processing employee 723: [Errno 2] No such file or directory: 'employee_attrition_model.pkl'
2026-03-04 16:58:02,777 | INFO | Predicting employee index 724...
2026-03-04 16:58:02,777 | ERROR | Error processing employee 724: [Errno 2] No such file or directory: 'employee_attrition_model.pkl'
2026-03-04 16:58:02,777 | INFO | Predicting employee index 725...
2026-03-04 16:58:02,777 | ERROR | Error processing employee 725: [Errno 2] No such file or directory: 'employee_attrition_model.pkl'
2026-03-04 16:58:02,777 | INFO | Predicting employee index 726...
2026-03-04 16:58:02,777 | ERROR | Error processing employee 726: [Errno 2] No such file or directory: 'employee_attrition_model.pkl'
2026-03-04 16:58:02,778 | INFO | Predicting employee index 727...
2026-03-04 16:58:02,778 | ERROR | Error processing employee 727: [Errno 2] No such file or directory: 'employee_attrition_model.pkl'
2026-03-04 16:58:02,778 | INFO | Predicting employee index 728...
2026-03-04 16:58:02,778 | ERROR | Error processing employee 728: [Errno 2] No such file or directory: 'employee_attrition_model.pkl'
2026-03-04 16:58:02,779 | INFO | Predicting employee index 729...
2026-03-04 16:58:02,779 | ERROR | Error processing employee 729: [Errno 2] No such file or directory: 'employee_attrition_model.pkl'
2026-03-04 16:58:02,779 | INFO | Predicting employee index 730...
2026-03-04 16:58:02,779 | ERROR | Error processing employee 730: [Errno 2] No such file or directory: 'employee_attrition_model.pkl'
2026-03-04 16:58:02,779 | INFO | Predicting employee index 731...
2026-03-04 16:58:02,780 | ERROR | Error processing employee 731: [Errno 2] No such file or directory: 'employee_attrition_model.pkl'
2026-03-04 16:58:02,780 | INFO | Predicting employee index 732...
2026-03-04 16:58:02,780 | ERROR | Error processing employee 732: [Errno 2] No such file or directory: 'employee_attrition_model.pkl'
2026-03-04 16:58:02,780 | INFO | Predicting employee index 733...
2026-03-04 16:58:02,780 | ERROR | Error processing employee 733: [Errno 2] No such file or directory: 'employee_attrition_model.pkl'
2026-03-04 16:58:02,781 | INFO | Predicting employee index 734...
2026-03-04 16:58:02,781 | ERROR | Error processing employee 734: [Errno 2] No such file or directory: 'employee_attrition_model.pkl'
2026-03-04 16:58:02,781 | INFO | Predicting employee index 735...
2026-03-04 16:58:02,781 | ERROR | Error processing employee 735: [Errno 2] No such file or directory: 'employee_attrition_model.pkl'
2026-03-04 16:58:02,781 | INFO | Predicting employee index 736...
2026-03-04 16:58:02,781 | ERROR | Error processing employee 736: [Errno 2] No such file or directory: 'employee_attrition_model.pkl'
2026-03-04 16:58:02,781 | INFO | Predicting employee index 737...
2026-03-04 16:58:02,781 | ERROR | Error processing employee 737: [Errno 2] No such file or directory: 'employee_attrition_model.pkl'
2026-03-04 16:58:02,792 | INFO | Predicting employee index 738...
2026-03-04 16:58:02,792 | ERROR | Error processing employee 738: [Errno 2] No such file or directory: 'employee_attrition_model.pkl'
2026-03-04 16:58:02,793 | INFO | Predicting employee index 739...
2026-03-04 16:58:02,793 | ERROR | Error processing employee 739: [Errno 2] No such file or directory: 'employee_attrition_model.pkl'
2026-03-04 16:58:02,793 | INFO | Predicting employee index 740...
2026-03-04 16:58:02,793 | ERROR | Error processing employee 740: [Errno 2] No such file or directory: 'employee_attrition_model.pkl'
2026-03-04 16:58:02,793 | INFO | Predicting employee index 741...
2026-03-04 16:58:02,793 | ERROR | Error processing employee 741: [Errno 2] No such file or directory: 'employee_attrition_model.pkl'
2026-03-04 16:58:02,793 | INFO | Predicting employee index 742...
2026-03-04 16:58:02,793 | ERROR | Error processing employee 742: [Errno 2] No such file or directory: 'employee_attrition_model.pkl'
2026-03-04 16:58:02,793 | INFO | Predicting employee index 743...
2026-03-04 16:58:02,793 | ERROR | Error processing employee 743: [Errno 2] No such file or directory: 'employee_attrition_model.pkl'
2026-03-04 16:58:02,793 | INFO | Predicting employee index 744...
2026-03-04 16:58:02,793 | ERROR | Error processing employee 744: [Errno 2] No such file or directory: 'employee_attrition_model.pkl'
2026-03-04 16:58:02,793 | INFO | Predicting employee index 745...
2026-03-04 16:58:02,793 | ERROR | Error processing employee 745: [Errno 2] No such file or directory: 'employee_attrition_model.pkl'
2026-03-04 16:58:02,793 | INFO | Predicting employee index 746...
2026-03-04 16:58:02,793 | ERROR | Error processing employee 746: [Errno 2] No such file or directory: 'employee_attrition_model.pkl'
2026-03-04 16:58:02,793 | INFO | Predicting employee index 747...
2026-03-04 16:58:02,793 | ERROR | Error processing employee 747: [Errno 2] No such file or directory: 'employee_attrition_model.pkl'
2026-03-04 16:58:02,794 | INFO | Predicting employee index 748...
2026-03-04 16:58:02,794 | ERROR | Error processing employee 748: [Errno 2] No such file or directory: 'employee_attrition_model.pkl'
2026-03-04 16:58:02,794 | INFO | Predicting employee index 749...
2026-03-04 16:58:02,794 | ERROR | Error processing employee 749: [Errno 2] No such file or directory: 'employee_attrition_model.pkl'
2026-03-04 16:58:02,795 | INFO | Predicting employee index 750...
2026-03-04 16:58:02,795 | ERROR | Error processing employee 750: [Errno 2] No such file or directory: 'employee_attrition_model.pkl'
2026-03-04 16:58:02,795 | INFO | Predicting employee index 751...
2026-03-04 16:58:02,795 | ERROR | Error processing employee 751: [Errno 2] No such file or directory: 'employee_attrition_model.pkl'
2026-03-04 16:58:02,795 | INFO | Predicting employee index 752...
2026-03-04 16:58:02,796 | ERROR | Error processing employee 752: [Errno 2] No such file or directory: 'employee_attrition_model.pkl'
2026-03-04 16:58:02,796 | INFO | Predicting employee index 753...
2026-03-04 16:58:02,796 | ERROR | Error processing employee 753: [Errno 2] No such file or directory: 'employee_attrition_model.pkl'
2026-03-04 16:58:02,796 | INFO | Predicting employee index 754...
2026-03-04 16:58:02,797 | ERROR | Error processing employee 754: [Errno 2] No such file or directory: 'employee_attrition_model.pkl'
2026-03-04 16:58:02,797 | INFO | Predicting employee index 755...
2026-03-04 16:58:02,797 | ERROR | Error processing employee 755: [Errno 2] No such file or directory: 'employee_attrition_model.pkl'
2026-03-04 16:58:02,797 | INFO | Predicting employee index 756...
2026-03-04 16:58:02,797 | ERROR | Error processing employee 756: [Errno 2] No such file or directory: 'employee_attrition_model.pkl'
2026-03-04 16:58:02,798 | INFO | Predicting employee index 757...
2026-03-04 16:58:02,798 | ERROR | Error processing employee 757: [Errno 2] No such file or directory: 'employee_attrition_model.pkl'
2026-03-04 16:58:02,798 | INFO | Predicting employee index 758...
2026-03-04 16:58:02,799 | ERROR | Error processing employee 758: [Errno 2] No such file or directory: 'employee_attrition_model.pkl'
2026-03-04 16:58:02,807 | INFO | Predicting employee index 759...
2026-03-04 16:58:02,807 | ERROR | Error processing employee 759: [Errno 2] No such file or directory: 'employee_attrition_model.pkl'
2026-03-04 16:58:02,807 | INFO | Predicting employee index 760...
2026-03-04 16:58:02,807 | ERROR | Error processing employee 760: [Errno 2] No such file or directory: 'employee_attrition_model.pkl'
2026-03-04 16:58:02,808 | INFO | Predicting employee index 761...
2026-03-04 16:58:02,808 | ERROR | Error processing employee 761: [Errno 2] No such file or directory: 'employee_attrition_model.pkl'
2026-03-04 16:58:02,808 | INFO | Predicting employee index 762...
2026-03-04 16:58:02,808 | ERROR | Error processing employee 762: [Errno 2] No such file or directory: 'employee_attrition_model.pkl'
2026-03-04 16:58:02,809 | INFO | Predicting employee index 763...
2026-03-04 16:58:02,809 | ERROR | Error processing employee 763: [Errno 2] No such file or directory: 'employee_attrition_model.pkl'
2026-03-04 16:58:02,810 | INFO | Predicting employee index 764...
2026-03-04 16:58:02,810 | ERROR | Error processing employee 764: [Errno 2] No such file or directory: 'employee_attrition_model.pkl'
2026-03-04 16:58:02,810 | INFO | Predicting employee index 765...
2026-03-04 16:58:02,810 | ERROR | Error processing employee 765: [Errno 2] No such file or directory: 'employee_attrition_model.pkl'
2026-03-04 16:58:02,811 | INFO | Predicting employee index 766...
2026-03-04 16:58:02,811 | ERROR | Error processing employee 766: [Errno 2] No such file or directory: 'employee_attrition_model.pkl'
2026-03-04 16:58:02,811 | INFO | Predicting employee index 767...
2026-03-04 16:58:02,812 | ERROR | Error processing employee 767: [Errno 2] No such file or directory: 'employee_attrition_model.pkl'
2026-03-04 16:58:02,812 | INFO | Predicting employee index 768...
2026-03-04 16:58:02,812 | ERROR | Error processing employee 768: [Errno 2] No such file or directory: 'employee_attrition_model.pkl'
2026-03-04 16:58:02,812 | INFO | Predicting employee index 769...
2026-03-04 16:58:02,813 | ERROR | Error processing employee 769: [Errno 2] No such file or directory: 'employee_attrition_model.pkl'
2026-03-04 16:58:02,813 | INFO | Predicting employee index 770...
2026-03-04 16:58:02,813 | ERROR | Error processing employee 770: [Errno 2] No such file or directory: 'employee_attrition_model.pkl'
2026-03-04 16:58:02,813 | INFO | Predicting employee index 771...
2026-03-04 16:58:02,814 | ERROR | Error processing employee 771: [Errno 2] No such file or directory: 'employee_attrition_model.pkl'
2026-03-04 16:58:02,814 | INFO | Predicting employee index 772...
2026-03-04 16:58:02,814 | ERROR | Error processing employee 772: [Errno 2] No such file or directory: 'employee_attrition_model.pkl'
2026-03-04 16:58:02,814 | INFO | Predicting employee index 773...
2026-03-04 16:58:02,814 | ERROR | Error processing employee 773: [Errno 2] No such file or directory: 'employee_attrition_model.pkl'
2026-03-04 16:58:02,815 | INFO | Predicting employee index 774...
2026-03-04 16:58:02,815 | ERROR | Error processing employee 774: [Errno 2] No such file or directory: 'employee_attrition_model.pkl'
2026-03-04 16:58:02,815 | INFO | Predicting employee index 775...
2026-03-04 16:58:02,815 | ERROR | Error processing employee 775: [Errno 2] No such file or directory: 'employee_attrition_model.pkl'
2026-03-04 16:58:02,815 | INFO | Predicting employee index 776...
2026-03-04 16:58:02,815 | ERROR | Error processing employee 776: [Errno 2] No such file or directory: 'employee_attrition_model.pkl'
2026-03-04 16:58:02,816 | INFO | Predicting employee index 777...
2026-03-04 16:58:02,816 | ERROR | Error processing employee 777: [Errno 2] No such file or directory: 'employee_attrition_model.pkl'
2026-03-04 16:58:02,816 | INFO | Predicting employee index 778...
2026-03-04 16:58:02,816 | ERROR | Error processing employee 778: [Errno 2] No such file or directory: 'employee_attrition_model.pkl'
2026-03-04 16:58:02,816 | INFO | Predicting employee index 779...
2026-03-04 16:58:02,816 | ERROR | Error processing employee 779: [Errno 2] No such file or directory: 'employee_attrition_model.pkl'
2026-03-04 16:58:02,823 | INFO | Predicting employee index 780...
2026-03-04 16:58:02,823 | ERROR | Error processing employee 780: [Errno 2] No such file or directory: 'employee_attrition_model.pkl'
2026-03-04 16:58:02,823 | INFO | Predicting employee index 781...
2026-03-04 16:58:02,823 | ERROR | Error processing employee 781: [Errno 2] No such file or directory: 'employee_attrition_model.pkl'
2026-03-04 16:58:02,824 | INFO | Predicting employee index 782...
2026-03-04 16:58:02,824 | ERROR | Error processing employee 782: [Errno 2] No such file or directory: 'employee_attrition_model.pkl'
2026-03-04 16:58:02,824 | INFO | Predicting employee index 783...
2026-03-04 16:58:02,824 | ERROR | Error processing employee 783: [Errno 2] No such file or directory: 'employee_attrition_model.pkl'
2026-03-04 16:58:02,824 | INFO | Predicting employee index 784...
2026-03-04 16:58:02,824 | ERROR | Error processing employee 784: [Errno 2] No such file or directory: 'employee_attrition_model.pkl'
2026-03-04 16:58:02,824 | INFO | Predicting employee index 785...
2026-03-04 16:58:02,824 | ERROR | Error processing employee 785: [Errno 2] No such file or directory: 'employee_attrition_model.pkl'
2026-03-04 16:58:02,825 | INFO | Predicting employee index 786...
2026-03-04 16:58:02,825 | ERROR | Error processing employee 786: [Errno 2] No such file or directory: 'employee_attrition_model.pkl'
2026-03-04 16:58:02,825 | INFO | Predicting employee index 787...
2026-03-04 16:58:02,825 | ERROR | Error processing employee 787: [Errno 2] No such file or directory: 'employee_attrition_model.pkl'
2026-03-04 16:58:02,825 | INFO | Predicting employee index 788...
2026-03-04 16:58:02,826 | ERROR | Error processing employee 788: [Errno 2] No such file or directory: 'employee_attrition_model.pkl'
2026-03-04 16:58:02,826 | INFO | Predicting employee index 789...
2026-03-04 16:58:02,826 | ERROR | Error processing employee 789: [Errno 2] No such file or directory: 'employee_attrition_model.pkl'
2026-03-04 16:58:02,826 | INFO | Predicting employee index 790...
2026-03-04 16:58:02,826 | ERROR | Error processing employee 790: [Errno 2] No such file or directory: 'employee_attrition_model.pkl'
2026-03-04 16:58:02,827 | INFO | Predicting employee index 791...
2026-03-04 16:58:02,827 | ERROR | Error processing employee 791: [Errno 2] No such file or directory: 'employee_attrition_model.pkl'
2026-03-04 16:58:02,827 | INFO | Predicting employee index 792...
2026-03-04 16:58:02,827 | ERROR | Error processing employee 792: [Errno 2] No such file or directory: 'employee_attrition_model.pkl'
2026-03-04 16:58:02,827 | INFO | Predicting employee index 793...
2026-03-04 16:58:02,828 | ERROR | Error processing employee 793: [Errno 2] No such file or directory: 'employee_attrition_model.pkl'
2026-03-04 16:58:02,828 | INFO | Predicting employee index 794...
2026-03-04 16:58:02,828 | ERROR | Error processing employee 794: [Errno 2] No such file or directory: 'employee_attrition_model.pkl'
2026-03-04 16:58:02,828 | INFO | Predicting employee index 795...
2026-03-04 16:58:02,828 | ERROR | Error processing employee 795: [Errno 2] No such file or directory: 'employee_attrition_model.pkl'
2026-03-04 16:58:02,828 | INFO | Predicting employee index 796...
2026-03-04 16:58:02,829 | ERROR | Error processing employee 796: [Errno 2] No such file or directory: 'employee_attrition_model.pkl'
2026-03-04 16:58:02,829 | INFO | Predicting employee index 797...
2026-03-04 16:58:02,829 | ERROR | Error processing employee 797: [Errno 2] No such file or directory: 'employee_attrition_model.pkl'
2026-03-04 16:58:02,829 | INFO | Predicting employee index 798...
2026-03-04 16:58:02,829 | ERROR | Error processing employee 798: [Errno 2] No such file or directory: 'employee_attrition_model.pkl'
2026-03-04 16:58:02,829 | INFO | Predicting employee index 799...
2026-03-04 16:58:02,829 | ERROR | Error processing employee 799: [Errno 2] No such file or directory: 'employee_attrition_model.pkl'
2026-03-04 16:58:02,830 | INFO | Predicting employee index 800...
2026-03-04 16:58:02,830 | ERROR | Error processing employee 800: [Errno 2] No such file or directory: 'employee_attrition_model.pkl'
2026-03-04 16:58:02,839 | INFO | Predicting employee index 801...
2026-03-04 16:58:02,839 | ERROR | Error processing employee 801: [Errno 2] No such file or directory: 'employee_attrition_model.pkl'
2026-03-04 16:58:02,839 | INFO | Predicting employee index 802...
2026-03-04 16:58:02,839 | ERROR | Error processing employee 802: [Errno 2] No such file or directory: 'employee_attrition_model.pkl'
2026-03-04 16:58:02,839 | INFO | Predicting employee index 803...
2026-03-04 16:58:02,839 | ERROR | Error processing employee 803: [Errno 2] No such file or directory: 'employee_attrition_model.pkl'
2026-03-04 16:58:02,839 | INFO | Predicting employee index 804...
2026-03-04 16:58:02,839 | ERROR | Error processing employee 804: [Errno 2] No such file or directory: 'employee_attrition_model.pkl'
2026-03-04 16:58:02,839 | INFO | Predicting employee index 805...
2026-03-04 16:58:02,839 | ERROR | Error processing employee 805: [Errno 2] No such file or directory: 'employee_attrition_model.pkl'
2026-03-04 16:58:02,839 | INFO | Predicting employee index 806...
2026-03-04 16:58:02,840 | ERROR | Error processing employee 806: [Errno 2] No such file or directory: 'employee_attrition_model.pkl'
2026-03-04 16:58:02,840 | INFO | Predicting employee index 807...
2026-03-04 16:58:02,840 | ERROR | Error processing employee 807: [Errno 2] No such file or directory: 'employee_attrition_model.pkl'
2026-03-04 16:58:02,840 | INFO | Predicting employee index 808...
2026-03-04 16:58:02,841 | ERROR | Error processing employee 808: [Errno 2] No such file or directory: 'employee_attrition_model.pkl'
2026-03-04 16:58:02,841 | INFO | Predicting employee index 809...
2026-03-04 16:58:02,841 | ERROR | Error processing employee 809: [Errno 2] No such file or directory: 'employee_attrition_model.pkl'
2026-03-04 16:58:02,841 | INFO | Predicting employee index 810...
2026-03-04 16:58:02,842 | ERROR | Error processing employee 810: [Errno 2] No such file or directory: 'employee_attrition_model.pkl'
2026-03-04 16:58:02,842 | INFO | Predicting employee index 811...
2026-03-04 16:58:02,842 | ERROR | Error processing employee 811: [Errno 2] No such file or directory: 'employee_attrition_model.pkl'
2026-03-04 16:58:02,843 | INFO | Predicting employee index 812...
2026-03-04 16:58:02,843 | ERROR | Error processing employee 812: [Errno 2] No such file or directory: 'employee_attrition_model.pkl'
2026-03-04 16:58:02,843 | INFO | Predicting employee index 813...
2026-03-04 16:58:02,843 | ERROR | Error processing employee 813: [Errno 2] No such file or directory: 'employee_attrition_model.pkl'
2026-03-04 16:58:02,843 | INFO | Predicting employee index 814...
2026-03-04 16:58:02,844 | ERROR | Error processing employee 814: [Errno 2] No such file or directory: 'employee_attrition_model.pkl'
2026-03-04 16:58:02,844 | INFO | Predicting employee index 815...
2026-03-04 16:58:02,844 | ERROR | Error processing employee 815: [Errno 2] No such file or directory: 'employee_attrition_model.pkl'
2026-03-04 16:58:02,844 | INFO | Predicting employee index 816...
2026-03-04 16:58:02,844 | ERROR | Error processing employee 816: [Errno 2] No such file or directory: 'employee_attrition_model.pkl'
2026-03-04 16:58:02,844 | INFO | Predicting employee index 817...
2026-03-04 16:58:02,845 | ERROR | Error processing employee 817: [Errno 2] No such file or directory: 'employee_attrition_model.pkl'
2026-03-04 16:58:02,845 | INFO | Predicting employee index 818...
2026-03-04 16:58:02,845 | ERROR | Error processing employee 818: [Errno 2] No such file or directory: 'employee_attrition_model.pkl'
2026-03-04 16:58:02,845 | INFO | Predicting employee index 819...
2026-03-04 16:58:02,845 | ERROR | Error processing employee 819: [Errno 2] No such file or directory: 'employee_attrition_model.pkl'
2026-03-04 16:58:02,845 | INFO | Predicting employee index 820...
2026-03-04 16:58:02,846 | ERROR | Error processing employee 820: [Errno 2] No such file or directory: 'employee_attrition_model.pkl'
2026-03-04 16:58:02,846 | INFO | Predicting employee index 821...
2026-03-04 16:58:02,846 | ERROR | Error processing employee 821: [Errno 2] No such file or directory: 'employee_attrition_model.pkl'
2026-03-04 16:58:02,854 | INFO | Predicting employee index 822...
2026-03-04 16:58:02,855 | ERROR | Error processing employee 822: [Errno 2] No such file or directory: 'employee_attrition_model.pkl'
2026-03-04 16:58:02,855 | INFO | Predicting employee index 823...
2026-03-04 16:58:02,855 | ERROR | Error processing employee 823: [Errno 2] No such file or directory: 'employee_attrition_model.pkl'
2026-03-04 16:58:02,855 | INFO | Predicting employee index 824...
2026-03-04 16:58:02,855 | ERROR | Error processing employee 824: [Errno 2] No such file or directory: 'employee_attrition_model.pkl'
2026-03-04 16:58:02,855 | INFO | Predicting employee index 825...
2026-03-04 16:58:02,855 | ERROR | Error processing employee 825: [Errno 2] No such file or directory: 'employee_attrition_model.pkl'
2026-03-04 16:58:02,855 | INFO | Predicting employee index 826...
2026-03-04 16:58:02,856 | ERROR | Error processing employee 826: [Errno 2] No such file or directory: 'employee_attrition_model.pkl'
2026-03-04 16:58:02,856 | INFO | Predicting employee index 827...
2026-03-04 16:58:02,856 | ERROR | Error processing employee 827: [Errno 2] No such file or directory: 'employee_attrition_model.pkl'
2026-03-04 16:58:02,856 | INFO | Predicting employee index 828...
2026-03-04 16:58:02,856 | ERROR | Error processing employee 828: [Errno 2] No such file or directory: 'employee_attrition_model.pkl'
2026-03-04 16:58:02,857 | INFO | Predicting employee index 829...
2026-03-04 16:58:02,857 | ERROR | Error processing employee 829: [Errno 2] No such file or directory: 'employee_attrition_model.pkl'
2026-03-04 16:58:02,857 | INFO | Predicting employee index 830...
2026-03-04 16:58:02,857 | ERROR | Error processing employee 830: [Errno 2] No such file or directory: 'employee_attrition_model.pkl'
2026-03-04 16:58:02,857 | INFO | Predicting employee index 831...
2026-03-04 16:58:02,858 | ERROR | Error processing employee 831: [Errno 2] No such file or directory: 'employee_attrition_model.pkl'
2026-03-04 16:58:02,858 | INFO | Predicting employee index 832...
2026-03-04 16:58:02,858 | ERROR | Error processing employee 832: [Errno 2] No such file or directory: 'employee_attrition_model.pkl'
2026-03-04 16:58:02,858 | INFO | Predicting employee index 833...
2026-03-04 16:58:02,858 | ERROR | Error processing employee 833: [Errno 2] No such file or directory: 'employee_attrition_model.pkl'
2026-03-04 16:58:02,859 | INFO | Predicting employee index 834...
2026-03-04 16:58:02,859 | ERROR | Error processing employee 834: [Errno 2] No such file or directory: 'employee_attrition_model.pkl'
2026-03-04 16:58:02,859 | INFO | Predicting employee index 835...
2026-03-04 16:58:02,859 | ERROR | Error processing employee 835: [Errno 2] No such file or directory: 'employee_attrition_model.pkl'
2026-03-04 16:58:02,859 | INFO | Predicting employee index 836...
2026-03-04 16:58:02,859 | ERROR | Error processing employee 836: [Errno 2] No such file or directory: 'employee_attrition_model.pkl'
2026-03-04 16:58:02,860 | INFO | Predicting employee index 837...
2026-03-04 16:58:02,860 | ERROR | Error processing employee 837: [Errno 2] No such file or directory: 'employee_attrition_model.pkl'
2026-03-04 16:58:02,860 | INFO | Predicting employee index 838...
2026-03-04 16:58:02,860 | ERROR | Error processing employee 838: [Errno 2] No such file or directory: 'employee_attrition_model.pkl'
2026-03-04 16:58:02,860 | INFO | Predicting employee index 839...
2026-03-04 16:58:02,860 | ERROR | Error processing employee 839: [Errno 2] No such file or directory: 'employee_attrition_model.pkl'
2026-03-04 16:58:02,860 | INFO | Predicting employee index 840...
2026-03-04 16:58:02,861 | ERROR | Error processing employee 840: [Errno 2] No such file or directory: 'employee_attrition_model.pkl'
2026-03-04 16:58:02,861 | INFO | Predicting employee index 841...
2026-03-04 16:58:02,861 | ERROR | Error processing employee 841: [Errno 2] No such file or directory: 'employee_attrition_model.pkl'
2026-03-04 16:58:02,861 | INFO | Predicting employee index 842...
2026-03-04 16:58:02,861 | ERROR | Error processing employee 842: [Errno 2] No such file or directory: 'employee_attrition_model.pkl'
2026-03-04 16:58:02,870 | INFO | Predicting employee index 843...
2026-03-04 16:58:02,870 | ERROR | Error processing employee 843: [Errno 2] No such file or directory: 'employee_attrition_model.pkl'
2026-03-04 16:58:02,870 | INFO | Predicting employee index 844...
2026-03-04 16:58:02,870 | ERROR | Error processing employee 844: [Errno 2] No such file or directory: 'employee_attrition_model.pkl'
2026-03-04 16:58:02,870 | INFO | Predicting employee index 845...
2026-03-04 16:58:02,870 | ERROR | Error processing employee 845: [Errno 2] No such file or directory: 'employee_attrition_model.pkl'
2026-03-04 16:58:02,870 | INFO | Predicting employee index 846...
2026-03-04 16:58:02,871 | ERROR | Error processing employee 846: [Errno 2] No such file or directory: 'employee_attrition_model.pkl'
2026-03-04 16:58:02,871 | INFO | Predicting employee index 847...
2026-03-04 16:58:02,871 | ERROR | Error processing employee 847: [Errno 2] No such file or directory: 'employee_attrition_model.pkl'
2026-03-04 16:58:02,871 | INFO | Predicting employee index 848...
2026-03-04 16:58:02,871 | ERROR | Error processing employee 848: [Errno 2] No such file or directory: 'employee_attrition_model.pkl'
2026-03-04 16:58:02,871 | INFO | Predicting employee index 849...
2026-03-04 16:58:02,871 | ERROR | Error processing employee 849: [Errno 2] No such file or directory: 'employee_attrition_model.pkl'
2026-03-04 16:58:02,871 | INFO | Predicting employee index 850...
2026-03-04 16:58:02,871 | ERROR | Error processing employee 850: [Errno 2] No such file or directory: 'employee_attrition_model.pkl'
2026-03-04 16:58:02,871 | INFO | Predicting employee index 851...
2026-03-04 16:58:02,871 | ERROR | Error processing employee 851: [Errno 2] No such file or directory: 'employee_attrition_model.pkl'
2026-03-04 16:58:02,871 | INFO | Predicting employee index 852...
2026-03-04 16:58:02,871 | ERROR | Error processing employee 852: [Errno 2] No such file or directory: 'employee_attrition_model.pkl'
2026-03-04 16:58:02,871 | INFO | Predicting employee index 853...
2026-03-04 16:58:02,871 | ERROR | Error processing employee 853: [Errno 2] No such file or directory: 'employee_attrition_model.pkl'
2026-03-04 16:58:02,871 | INFO | Predicting employee index 854...
2026-03-04 16:58:02,872 | ERROR | Error processing employee 854: [Errno 2] No such file or directory: 'employee_attrition_model.pkl'
2026-03-04 16:58:02,872 | INFO | Predicting employee index 855...
2026-03-04 16:58:02,872 | ERROR | Error processing employee 855: [Errno 2] No such file or directory: 'employee_attrition_model.pkl'
2026-03-04 16:58:02,872 | INFO | Predicting employee index 856...
2026-03-04 16:58:02,872 | ERROR | Error processing employee 856: [Errno 2] No such file or directory: 'employee_attrition_model.pkl'
2026-03-04 16:58:02,872 | INFO | Predicting employee index 857...
2026-03-04 16:58:02,872 | ERROR | Error processing employee 857: [Errno 2] No such file or directory: 'employee_attrition_model.pkl'
2026-03-04 16:58:02,872 | INFO | Predicting employee index 858...
2026-03-04 16:58:02,872 | ERROR | Error processing employee 858: [Errno 2] No such file or directory: 'employee_attrition_model.pkl'
2026-03-04 16:58:02,872 | INFO | Predicting employee index 859...
2026-03-04 16:58:02,872 | ERROR | Error processing employee 859: [Errno 2] No such file or directory: 'employee_attrition_model.pkl'
2026-03-04 16:58:02,872 | INFO | Predicting employee index 860...
2026-03-04 16:58:02,872 | ERROR | Error processing employee 860: [Errno 2] No such file or directory: 'employee_attrition_model.pkl'
2026-03-04 16:58:02,872 | INFO | Predicting employee index 861...
2026-03-04 16:58:02,872 | ERROR | Error processing employee 861: [Errno 2] No such file or directory: 'employee_attrition_model.pkl'
2026-03-04 16:58:02,872 | INFO | Predicting employee index 862...
2026-03-04 16:58:02,872 | ERROR | Error processing employee 862: [Errno 2] No such file or directory: 'employee_attrition_model.pkl'
2026-03-04 16:58:02,873 | INFO | Predicting employee index 863...
2026-03-04 16:58:02,873 | ERROR | Error processing employee 863: [Errno 2] No such file or directory: 'employee_attrition_model.pkl'
2026-03-04 16:58:02,886 | INFO | Predicting employee index 864...
2026-03-04 16:58:02,886 | ERROR | Error processing employee 864: [Errno 2] No such file or directory: 'employee_attrition_model.pkl'
2026-03-04 16:58:02,887 | INFO | Predicting employee index 865...
2026-03-04 16:58:02,887 | ERROR | Error processing employee 865: [Errno 2] No such file or directory: 'employee_attrition_model.pkl'
2026-03-04 16:58:02,887 | INFO | Predicting employee index 866...
2026-03-04 16:58:02,887 | ERROR | Error processing employee 866: [Errno 2] No such file or directory: 'employee_attrition_model.pkl'
2026-03-04 16:58:02,887 | INFO | Predicting employee index 867...
2026-03-04 16:58:02,887 | ERROR | Error processing employee 867: [Errno 2] No such file or directory: 'employee_attrition_model.pkl'
2026-03-04 16:58:02,887 | INFO | Predicting employee index 868...
2026-03-04 16:58:02,887 | ERROR | Error processing employee 868: [Errno 2] No such file or directory: 'employee_attrition_model.pkl'
2026-03-04 16:58:02,888 | INFO | Predicting employee index 869...
2026-03-04 16:58:02,888 | ERROR | Error processing employee 869: [Errno 2] No such file or directory: 'employee_attrition_model.pkl'
2026-03-04 16:58:02,888 | INFO | Predicting employee index 870...
2026-03-04 16:58:02,888 | ERROR | Error processing employee 870: [Errno 2] No such file or directory: 'employee_attrition_model.pkl'
2026-03-04 16:58:02,888 | INFO | Predicting employee index 871...
2026-03-04 16:58:02,888 | ERROR | Error processing employee 871: [Errno 2] No such file or directory: 'employee_attrition_model.pkl'
2026-03-04 16:58:02,888 | INFO | Predicting employee index 872...
2026-03-04 16:58:02,888 | ERROR | Error processing employee 872: [Errno 2] No such file or directory: 'employee_attrition_model.pkl'
2026-03-04 16:58:02,888 | INFO | Predicting employee index 873...
2026-03-04 16:58:02,888 | ERROR | Error processing employee 873: [Errno 2] No such file or directory: 'employee_attrition_model.pkl'
2026-03-04 16:58:02,889 | INFO | Predicting employee index 874...
2026-03-04 16:58:02,889 | ERROR | Error processing employee 874: [Errno 2] No such file or directory: 'employee_attrition_model.pkl'
2026-03-04 16:58:02,889 | INFO | Predicting employee index 875...
2026-03-04 16:58:02,889 | ERROR | Error processing employee 875: [Errno 2] No such file or directory: 'employee_attrition_model.pkl'
2026-03-04 16:58:02,889 | INFO | Predicting employee index 876...
2026-03-04 16:58:02,889 | ERROR | Error processing employee 876: [Errno 2] No such file or directory: 'employee_attrition_model.pkl'
2026-03-04 16:58:02,889 | INFO | Predicting employee index 877...
2026-03-04 16:58:02,889 | ERROR | Error processing employee 877: [Errno 2] No such file or directory: 'employee_attrition_model.pkl'
2026-03-04 16:58:02,889 | INFO | Predicting employee index 878...
2026-03-04 16:58:02,889 | ERROR | Error processing employee 878: [Errno 2] No such file or directory: 'employee_attrition_model.pkl'
2026-03-04 16:58:02,889 | INFO | Predicting employee index 879...
2026-03-04 16:58:02,889 | ERROR | Error processing employee 879: [Errno 2] No such file or directory: 'employee_attrition_model.pkl'
2026-03-04 16:58:02,889 | INFO | Predicting employee index 880...
2026-03-04 16:58:02,889 | ERROR | Error processing employee 880: [Errno 2] No such file or directory: 'employee_attrition_model.pkl'
2026-03-04 16:58:02,889 | INFO | Predicting employee index 881...
2026-03-04 16:58:02,889 | ERROR | Error processing employee 881: [Errno 2] No such file or directory: 'employee_attrition_model.pkl'
2026-03-04 16:58:02,889 | INFO | Predicting employee index 882...
2026-03-04 16:58:02,889 | ERROR | Error processing employee 882: [Errno 2] No such file or directory: 'employee_attrition_model.pkl'
2026-03-04 16:58:02,889 | INFO | Predicting employee index 883...
2026-03-04 16:58:02,889 | ERROR | Error processing employee 883: [Errno 2] No such file or directory: 'employee_attrition_model.pkl'
2026-03-04 16:58:02,889 | INFO | Predicting employee index 884...
2026-03-04 16:58:02,889 | ERROR | Error processing employee 884: [Errno 2] No such file or directory: 'employee_attrition_model.pkl'
2026-03-04 16:58:02,903 | INFO | Predicting employee index 885...
2026-03-04 16:58:02,903 | ERROR | Error processing employee 885: [Errno 2] No such file or directory: 'employee_attrition_model.pkl'
2026-03-04 16:58:02,903 | INFO | Predicting employee index 886...
2026-03-04 16:58:02,903 | ERROR | Error processing employee 886: [Errno 2] No such file or directory: 'employee_attrition_model.pkl'
2026-03-04 16:58:02,904 | INFO | Predicting employee index 887...
2026-03-04 16:58:02,904 | ERROR | Error processing employee 887: [Errno 2] No such file or directory: 'employee_attrition_model.pkl'
2026-03-04 16:58:02,904 | INFO | Predicting employee index 888...
2026-03-04 16:58:02,905 | ERROR | Error processing employee 888: [Errno 2] No such file or directory: 'employee_attrition_model.pkl'
2026-03-04 16:58:02,905 | INFO | Predicting employee index 889...
2026-03-04 16:58:02,906 | ERROR | Error processing employee 889: [Errno 2] No such file or directory: 'employee_attrition_model.pkl'
2026-03-04 16:58:02,906 | INFO | Predicting employee index 890...
2026-03-04 16:58:02,906 | ERROR | Error processing employee 890: [Errno 2] No such file or directory: 'employee_attrition_model.pkl'
2026-03-04 16:58:02,906 | INFO | Predicting employee index 891...
2026-03-04 16:58:02,906 | ERROR | Error processing employee 891: [Errno 2] No such file or directory: 'employee_attrition_model.pkl'
2026-03-04 16:58:02,906 | INFO | Predicting employee index 892...
2026-03-04 16:58:02,906 | ERROR | Error processing employee 892: [Errno 2] No such file or directory: 'employee_attrition_model.pkl'
2026-03-04 16:58:02,906 | INFO | Predicting employee index 893...
2026-03-04 16:58:02,906 | ERROR | Error processing employee 893: [Errno 2] No such file or directory: 'employee_attrition_model.pkl'
2026-03-04 16:58:02,907 | INFO | Predicting employee index 894...
2026-03-04 16:58:02,907 | ERROR | Error processing employee 894: [Errno 2] No such file or directory: 'employee_attrition_model.pkl'
2026-03-04 16:58:02,907 | INFO | Predicting employee index 895...
2026-03-04 16:58:02,907 | ERROR | Error processing employee 895: [Errno 2] No such file or directory: 'employee_attrition_model.pkl'
2026-03-04 16:58:02,907 | INFO | Predicting employee index 896...
2026-03-04 16:58:02,907 | ERROR | Error processing employee 896: [Errno 2] No such file or directory: 'employee_attrition_model.pkl'
2026-03-04 16:58:02,907 | INFO | Predicting employee index 897...
2026-03-04 16:58:02,908 | ERROR | Error processing employee 897: [Errno 2] No such file or directory: 'employee_attrition_model.pkl'
2026-03-04 16:58:02,908 | INFO | Predicting employee index 898...
2026-03-04 16:58:02,908 | ERROR | Error processing employee 898: [Errno 2] No such file or directory: 'employee_attrition_model.pkl'
2026-03-04 16:58:02,908 | INFO | Predicting employee index 899...
2026-03-04 16:58:02,908 | ERROR | Error processing employee 899: [Errno 2] No such file or directory: 'employee_attrition_model.pkl'
2026-03-04 16:58:02,908 | INFO | Predicting employee index 900...
2026-03-04 16:58:02,908 | ERROR | Error processing employee 900: [Errno 2] No such file or directory: 'employee_attrition_model.pkl'
2026-03-04 16:58:02,909 | INFO | Predicting employee index 901...
2026-03-04 16:58:02,909 | ERROR | Error processing employee 901: [Errno 2] No such file or directory: 'employee_attrition_model.pkl'
2026-03-04 16:58:02,909 | INFO | Predicting employee index 902...
2026-03-04 16:58:02,909 | ERROR | Error processing employee 902: [Errno 2] No such file or directory: 'employee_attrition_model.pkl'
2026-03-04 16:58:02,909 | INFO | Predicting employee index 903...
2026-03-04 16:58:02,909 | ERROR | Error processing employee 903: [Errno 2] No such file or directory: 'employee_attrition_model.pkl'
2026-03-04 16:58:02,909 | INFO | Predicting employee index 904...
2026-03-04 16:58:02,909 | ERROR | Error processing employee 904: [Errno 2] No such file or directory: 'employee_attrition_model.pkl'
2026-03-04 16:58:02,910 | INFO | Predicting employee index 905...
2026-03-04 16:58:02,910 | ERROR | Error processing employee 905: [Errno 2] No such file or directory: 'employee_attrition_model.pkl'
2026-03-04 16:58:02,917 | INFO | Predicting employee index 906...
2026-03-04 16:58:02,917 | ERROR | Error processing employee 906: [Errno 2] No such file or directory: 'employee_attrition_model.pkl'
2026-03-04 16:58:02,918 | INFO | Predicting employee index 907...
2026-03-04 16:58:02,918 | ERROR | Error processing employee 907: [Errno 2] No such file or directory: 'employee_attrition_model.pkl'
2026-03-04 16:58:02,918 | INFO | Predicting employee index 908...
2026-03-04 16:58:02,918 | ERROR | Error processing employee 908: [Errno 2] No such file or directory: 'employee_attrition_model.pkl'
2026-03-04 16:58:02,918 | INFO | Predicting employee index 909...
2026-03-04 16:58:02,918 | ERROR | Error processing employee 909: [Errno 2] No such file or directory: 'employee_attrition_model.pkl'
2026-03-04 16:58:02,918 | INFO | Predicting employee index 910...
2026-03-04 16:58:02,918 | ERROR | Error processing employee 910: [Errno 2] No such file or directory: 'employee_attrition_model.pkl'
2026-03-04 16:58:02,918 | INFO | Predicting employee index 911...
2026-03-04 16:58:02,918 | ERROR | Error processing employee 911: [Errno 2] No such file or directory: 'employee_attrition_model.pkl'
2026-03-04 16:58:02,918 | INFO | Predicting employee index 912...
2026-03-04 16:58:02,918 | ERROR | Error processing employee 912: [Errno 2] No such file or directory: 'employee_attrition_model.pkl'
2026-03-04 16:58:02,918 | INFO | Predicting employee index 913...
2026-03-04 16:58:02,918 | ERROR | Error processing employee 913: [Errno 2] No such file or directory: 'employee_attrition_model.pkl'
2026-03-04 16:58:02,918 | INFO | Predicting employee index 914...
2026-03-04 16:58:02,918 | ERROR | Error processing employee 914: [Errno 2] No such file or directory: 'employee_attrition_model.pkl'
2026-03-04 16:58:02,919 | INFO | Predicting employee index 915...
2026-03-04 16:58:02,919 | ERROR | Error processing employee 915: [Errno 2] No such file or directory: 'employee_attrition_model.pkl'
2026-03-04 16:58:02,919 | INFO | Predicting employee index 916...
2026-03-04 16:58:02,919 | ERROR | Error processing employee 916: [Errno 2] No such file or directory: 'employee_attrition_model.pkl'
2026-03-04 16:58:02,919 | INFO | Predicting employee index 917...
2026-03-04 16:58:02,920 | ERROR | Error processing employee 917: [Errno 2] No such file or directory: 'employee_attrition_model.pkl'
2026-03-04 16:58:02,920 | INFO | Predicting employee index 918...
2026-03-04 16:58:02,920 | ERROR | Error processing employee 918: [Errno 2] No such file or directory: 'employee_attrition_model.pkl'
2026-03-04 16:58:02,920 | INFO | Predicting employee index 919...
2026-03-04 16:58:02,920 | ERROR | Error processing employee 919: [Errno 2] No such file or directory: 'employee_attrition_model.pkl'
2026-03-04 16:58:02,920 | INFO | Predicting employee index 920...
2026-03-04 16:58:02,921 | ERROR | Error processing employee 920: [Errno 2] No such file or directory: 'employee_attrition_model.pkl'
2026-03-04 16:58:02,921 | INFO | Predicting employee index 921...
2026-03-04 16:58:02,921 | ERROR | Error processing employee 921: [Errno 2] No such file or directory: 'employee_attrition_model.pkl'
2026-03-04 16:58:02,921 | INFO | Predicting employee index 922...
2026-03-04 16:58:02,921 | ERROR | Error processing employee 922: [Errno 2] No such file or directory: 'employee_attrition_model.pkl'
2026-03-04 16:58:02,921 | INFO | Predicting employee index 923...
2026-03-04 16:58:02,921 | ERROR | Error processing employee 923: [Errno 2] No such file or directory: 'employee_attrition_model.pkl'
2026-03-04 16:58:02,922 | INFO | Predicting employee index 924...
2026-03-04 16:58:02,922 | ERROR | Error processing employee 924: [Errno 2] No such file or directory: 'employee_attrition_model.pkl'
2026-03-04 16:58:02,922 | INFO | Predicting employee index 925...
2026-03-04 16:58:02,922 | ERROR | Error processing employee 925: [Errno 2] No such file or directory: 'employee_attrition_model.pkl'
2026-03-04 16:58:02,922 | INFO | Predicting employee index 926...
2026-03-04 16:58:02,922 | ERROR | Error processing employee 926: [Errno 2] No such file or directory: 'employee_attrition_model.pkl'
2026-03-04 16:58:02,933 | INFO | Predicting employee index 927...
2026-03-04 16:58:02,933 | ERROR | Error processing employee 927: [Errno 2] No such file or directory: 'employee_attrition_model.pkl'
2026-03-04 16:58:02,934 | INFO | Predicting employee index 928...
2026-03-04 16:58:02,934 | ERROR | Error processing employee 928: [Errno 2] No such file or directory: 'employee_attrition_model.pkl'
2026-03-04 16:58:02,934 | INFO | Predicting employee index 929...
2026-03-04 16:58:02,934 | ERROR | Error processing employee 929: [Errno 2] No such file or directory: 'employee_attrition_model.pkl'
2026-03-04 16:58:02,934 | INFO | Predicting employee index 930...
2026-03-04 16:58:02,934 | ERROR | Error processing employee 930: [Errno 2] No such file or directory: 'employee_attrition_model.pkl'
2026-03-04 16:58:02,935 | INFO | Predicting employee index 931...
2026-03-04 16:58:02,935 | ERROR | Error processing employee 931: [Errno 2] No such file or directory: 'employee_attrition_model.pkl'
2026-03-04 16:58:02,935 | INFO | Predicting employee index 932...
2026-03-04 16:58:02,935 | ERROR | Error processing employee 932: [Errno 2] No such file or directory: 'employee_attrition_model.pkl'
2026-03-04 16:58:02,935 | INFO | Predicting employee index 933...
2026-03-04 16:58:02,935 | ERROR | Error processing employee 933: [Errno 2] No such file or directory: 'employee_attrition_model.pkl'
2026-03-04 16:58:02,936 | INFO | Predicting employee index 934...
2026-03-04 16:58:02,936 | ERROR | Error processing employee 934: [Errno 2] No such file or directory: 'employee_attrition_model.pkl'
2026-03-04 16:58:02,936 | INFO | Predicting employee index 935...
2026-03-04 16:58:02,936 | ERROR | Error processing employee 935: [Errno 2] No such file or directory: 'employee_attrition_model.pkl'
2026-03-04 16:58:02,936 | INFO | Predicting employee index 936...
2026-03-04 16:58:02,936 | ERROR | Error processing employee 936: [Errno 2] No such file or directory: 'employee_attrition_model.pkl'
2026-03-04 16:58:02,937 | INFO | Predicting employee index 937...
2026-03-04 16:58:02,937 | ERROR | Error processing employee 937: [Errno 2] No such file or directory: 'employee_attrition_model.pkl'
2026-03-04 16:58:02,937 | INFO | Predicting employee index 938...
2026-03-04 16:58:02,937 | ERROR | Error processing employee 938: [Errno 2] No such file or directory: 'employee_attrition_model.pkl'
2026-03-04 16:58:02,937 | INFO | Predicting employee index 939...
2026-03-04 16:58:02,937 | ERROR | Error processing employee 939: [Errno 2] No such file or directory: 'employee_attrition_model.pkl'
2026-03-04 16:58:02,938 | INFO | Predicting employee index 940...
2026-03-04 16:58:02,938 | ERROR | Error processing employee 940: [Errno 2] No such file or directory: 'employee_attrition_model.pkl'
2026-03-04 16:58:02,938 | INFO | Predicting employee index 941...
2026-03-04 16:58:02,938 | ERROR | Error processing employee 941: [Errno 2] No such file or directory: 'employee_attrition_model.pkl'
2026-03-04 16:58:02,938 | INFO | Predicting employee index 942...
2026-03-04 16:58:02,939 | ERROR | Error processing employee 942: [Errno 2] No such file or directory: 'employee_attrition_model.pkl'
2026-03-04 16:58:02,939 | INFO | Predicting employee index 943...
2026-03-04 16:58:02,939 | ERROR | Error processing employee 943: [Errno 2] No such file or directory: 'employee_attrition_model.pkl'
2026-03-04 16:58:02,939 | INFO | Predicting employee index 944...
2026-03-04 16:58:02,939 | ERROR | Error processing employee 944: [Errno 2] No such file or directory: 'employee_attrition_model.pkl'
2026-03-04 16:58:02,939 | INFO | Predicting employee index 945...
2026-03-04 16:58:02,939 | ERROR | Error processing employee 945: [Errno 2] No such file or directory: 'employee_attrition_model.pkl'
2026-03-04 16:58:02,940 | INFO | Predicting employee index 946...
2026-03-04 16:58:02,940 | ERROR | Error processing employee 946: [Errno 2] No such file or directory: 'employee_attrition_model.pkl'
2026-03-04 16:58:02,940 | INFO | Predicting employee index 947...
2026-03-04 16:58:02,940 | ERROR | Error processing employee 947: [Errno 2] No such file or directory: 'employee_attrition_model.pkl'
2026-03-04 16:58:02,948 | INFO | Predicting employee index 948...
2026-03-04 16:58:02,948 | ERROR | Error processing employee 948: [Errno 2] No such file or directory: 'employee_attrition_model.pkl'
2026-03-04 16:58:02,949 | INFO | Predicting employee index 949...
2026-03-04 16:58:02,949 | ERROR | Error processing employee 949: [Errno 2] No such file or directory: 'employee_attrition_model.pkl'
2026-03-04 16:58:02,949 | INFO | Predicting employee index 950...
2026-03-04 16:58:02,949 | ERROR | Error processing employee 950: [Errno 2] No such file or directory: 'employee_attrition_model.pkl'
2026-03-04 16:58:02,949 | INFO | Predicting employee index 951...
2026-03-04 16:58:02,949 | ERROR | Error processing employee 951: [Errno 2] No such file or directory: 'employee_attrition_model.pkl'
2026-03-04 16:58:02,950 | INFO | Predicting employee index 952...
2026-03-04 16:58:02,950 | ERROR | Error processing employee 952: [Errno 2] No such file or directory: 'employee_attrition_model.pkl'
2026-03-04 16:58:02,950 | INFO | Predicting employee index 953...
2026-03-04 16:58:02,950 | ERROR | Error processing employee 953: [Errno 2] No such file or directory: 'employee_attrition_model.pkl'
2026-03-04 16:58:02,950 | INFO | Predicting employee index 954...
2026-03-04 16:58:02,950 | ERROR | Error processing employee 954: [Errno 2] No such file or directory: 'employee_attrition_model.pkl'
2026-03-04 16:58:02,950 | INFO | Predicting employee index 955...
2026-03-04 16:58:02,950 | ERROR | Error processing employee 955: [Errno 2] No such file or directory: 'employee_attrition_model.pkl'
2026-03-04 16:58:02,950 | INFO | Predicting employee index 956...
2026-03-04 16:58:02,950 | ERROR | Error processing employee 956: [Errno 2] No such file or directory: 'employee_attrition_model.pkl'
2026-03-04 16:58:02,950 | INFO | Predicting employee index 957...
2026-03-04 16:58:02,950 | ERROR | Error processing employee 957: [Errno 2] No such file or directory: 'employee_attrition_model.pkl'
2026-03-04 16:58:02,950 | INFO | Predicting employee index 958...
2026-03-04 16:58:02,950 | ERROR | Error processing employee 958: [Errno 2] No such file or directory: 'employee_attrition_model.pkl'
2026-03-04 16:58:02,950 | INFO | Predicting employee index 959...
2026-03-04 16:58:02,950 | ERROR | Error processing employee 959: [Errno 2] No such file or directory: 'employee_attrition_model.pkl'
2026-03-04 16:58:02,950 | INFO | Predicting employee index 960...
2026-03-04 16:58:02,950 | ERROR | Error processing employee 960: [Errno 2] No such file or directory: 'employee_attrition_model.pkl'
2026-03-04 16:58:02,951 | INFO | Predicting employee index 961...
2026-03-04 16:58:02,951 | ERROR | Error processing employee 961: [Errno 2] No such file or directory: 'employee_attrition_model.pkl'
2026-03-04 16:58:02,951 | INFO | Predicting employee index 962...
2026-03-04 16:58:02,951 | ERROR | Error processing employee 962: [Errno 2] No such file or directory: 'employee_attrition_model.pkl'
2026-03-04 16:58:02,951 | INFO | Predicting employee index 963...
2026-03-04 16:58:02,951 | ERROR | Error processing employee 963: [Errno 2] No such file or directory: 'employee_attrition_model.pkl'
2026-03-04 16:58:02,951 | INFO | Predicting employee index 964...
2026-03-04 16:58:02,951 | ERROR | Error processing employee 964: [Errno 2] No such file or directory: 'employee_attrition_model.pkl'
2026-03-04 16:58:02,952 | INFO | Predicting employee index 965...
2026-03-04 16:58:02,952 | ERROR | Error processing employee 965: [Errno 2] No such file or directory: 'employee_attrition_model.pkl'
2026-03-04 16:58:02,952 | INFO | Predicting employee index 966...
2026-03-04 16:58:02,952 | ERROR | Error processing employee 966: [Errno 2] No such file or directory: 'employee_attrition_model.pkl'
2026-03-04 16:58:02,952 | INFO | Predicting employee index 967...
2026-03-04 16:58:02,952 | ERROR | Error processing employee 967: [Errno 2] No such file or directory: 'employee_attrition_model.pkl'
2026-03-04 16:58:02,953 | INFO | Predicting employee index 968...
2026-03-04 16:58:02,953 | ERROR | Error processing employee 968: [Errno 2] No such file or directory: 'employee_attrition_model.pkl'
2026-03-04 16:58:02,964 | INFO | Predicting employee index 969...
2026-03-04 16:58:02,964 | ERROR | Error processing employee 969: [Errno 2] No such file or directory: 'employee_attrition_model.pkl'
2026-03-04 16:58:02,965 | INFO | Predicting employee index 970...
2026-03-04 16:58:02,965 | ERROR | Error processing employee 970: [Errno 2] No such file or directory: 'employee_attrition_model.pkl'
2026-03-04 16:58:02,965 | INFO | Predicting employee index 971...
2026-03-04 16:58:02,966 | ERROR | Error processing employee 971: [Errno 2] No such file or directory: 'employee_attrition_model.pkl'
2026-03-04 16:58:02,966 | INFO | Predicting employee index 972...
2026-03-04 16:58:02,966 | ERROR | Error processing employee 972: [Errno 2] No such file or directory: 'employee_attrition_model.pkl'
2026-03-04 16:58:02,966 | INFO | Predicting employee index 973...
2026-03-04 16:58:02,966 | ERROR | Error processing employee 973: [Errno 2] No such file or directory: 'employee_attrition_model.pkl'
2026-03-04 16:58:02,967 | INFO | Predicting employee index 974...
2026-03-04 16:58:02,967 | ERROR | Error processing employee 974: [Errno 2] No such file or directory: 'employee_attrition_model.pkl'
2026-03-04 16:58:02,967 | INFO | Predicting employee index 975...
2026-03-04 16:58:02,967 | ERROR | Error processing employee 975: [Errno 2] No such file or directory: 'employee_attrition_model.pkl'
2026-03-04 16:58:02,968 | INFO | Predicting employee index 976...
2026-03-04 16:58:02,968 | ERROR | Error processing employee 976: [Errno 2] No such file or directory: 'employee_attrition_model.pkl'
2026-03-04 16:58:02,968 | INFO | Predicting employee index 977...
2026-03-04 16:58:02,968 | ERROR | Error processing employee 977: [Errno 2] No such file or directory: 'employee_attrition_model.pkl'
2026-03-04 16:58:02,968 | INFO | Predicting employee index 978...
2026-03-04 16:58:02,968 | ERROR | Error processing employee 978: [Errno 2] No such file or directory: 'employee_attrition_model.pkl'
2026-03-04 16:58:02,968 | INFO | Predicting employee index 979...
2026-03-04 16:58:02,969 | ERROR | Error processing employee 979: [Errno 2] No such file or directory: 'employee_attrition_model.pkl'
2026-03-04 16:58:02,969 | INFO | Predicting employee index 980...
2026-03-04 16:58:02,969 | ERROR | Error processing employee 980: [Errno 2] No such file or directory: 'employee_attrition_model.pkl'
2026-03-04 16:58:02,969 | INFO | Predicting employee index 981...
2026-03-04 16:58:02,969 | ERROR | Error processing employee 981: [Errno 2] No such file or directory: 'employee_attrition_model.pkl'
2026-03-04 16:58:02,969 | INFO | Predicting employee index 982...
2026-03-04 16:58:02,969 | ERROR | Error processing employee 982: [Errno 2] No such file or directory: 'employee_attrition_model.pkl'
2026-03-04 16:58:02,970 | INFO | Predicting employee index 983...
2026-03-04 16:58:02,970 | ERROR | Error processing employee 983: [Errno 2] No such file or directory: 'employee_attrition_model.pkl'
2026-03-04 16:58:02,970 | INFO | Predicting employee index 984...
2026-03-04 16:58:02,970 | ERROR | Error processing employee 984: [Errno 2] No such file or directory: 'employee_attrition_model.pkl'
2026-03-04 16:58:02,970 | INFO | Predicting employee index 985...
2026-03-04 16:58:02,971 | ERROR | Error processing employee 985: [Errno 2] No such file or directory: 'employee_attrition_model.pkl'
2026-03-04 16:58:02,971 | INFO | Predicting employee index 986...
2026-03-04 16:58:02,971 | ERROR | Error processing employee 986: [Errno 2] No such file or directory: 'employee_attrition_model.pkl'
2026-03-04 16:58:02,971 | INFO | Predicting employee index 987...
2026-03-04 16:58:02,971 | ERROR | Error processing employee 987: [Errno 2] No such file or directory: 'employee_attrition_model.pkl'
2026-03-04 16:58:02,971 | INFO | Predicting employee index 988...
2026-03-04 16:58:02,971 | ERROR | Error processing employee 988: [Errno 2] No such file or directory: 'employee_attrition_model.pkl'
2026-03-04 16:58:02,971 | INFO | Predicting employee index 989...
2026-03-04 16:58:02,971 | ERROR | Error processing employee 989: [Errno 2] No such file or directory: 'employee_attrition_model.pkl'
2026-03-04 16:58:02,979 | INFO | Predicting employee index 990...
2026-03-04 16:58:02,979 | ERROR | Error processing employee 990: [Errno 2] No such file or directory: 'employee_attrition_model.pkl'
2026-03-04 16:58:02,979 | INFO | Predicting employee index 991...
2026-03-04 16:58:02,979 | ERROR | Error processing employee 991: [Errno 2] No such file or directory: 'employee_attrition_model.pkl'
2026-03-04 16:58:02,979 | INFO | Predicting employee index 992...
2026-03-04 16:58:02,979 | ERROR | Error processing employee 992: [Errno 2] No such file or directory: 'employee_attrition_model.pkl'
2026-03-04 16:58:02,979 | INFO | Predicting employee index 993...
2026-03-04 16:58:02,979 | ERROR | Error processing employee 993: [Errno 2] No such file or directory: 'employee_attrition_model.pkl'
2026-03-04 16:58:02,979 | INFO | Predicting employee index 994...
2026-03-04 16:58:02,979 | ERROR | Error processing employee 994: [Errno 2] No such file or directory: 'employee_attrition_model.pkl'
2026-03-04 16:58:02,980 | INFO | Predicting employee index 995...
2026-03-04 16:58:02,980 | ERROR | Error processing employee 995: [Errno 2] No such file or directory: 'employee_attrition_model.pkl'
2026-03-04 16:58:02,980 | INFO | Predicting employee index 996...
2026-03-04 16:58:02,980 | ERROR | Error processing employee 996: [Errno 2] No such file or directory: 'employee_attrition_model.pkl'
2026-03-04 16:58:02,980 | INFO | Predicting employee index 997...
2026-03-04 16:58:02,980 | ERROR | Error processing employee 997: [Errno 2] No such file or directory: 'employee_attrition_model.pkl'
2026-03-04 16:58:02,980 | INFO | Predicting employee index 998...
2026-03-04 16:58:02,980 | ERROR | Error processing employee 998: [Errno 2] No such file or directory: 'employee_attrition_model.pkl'
2026-03-04 16:58:02,981 | INFO | Predicting employee index 999...
2026-03-04 16:58:02,981 | ERROR | Error processing employee 999: [Errno 2] No such file or directory: 'employee_attrition_model.pkl'
2026-03-04 16:58:02,981 | INFO | Predicting employee index 1000...
2026-03-04 16:58:02,981 | ERROR | Error processing employee 1000: [Errno 2] No such file or directory: 'employee_attrition_model.pkl'
2026-03-04 16:58:02,982 | INFO | Predicting employee index 1001...
2026-03-04 16:58:02,982 | ERROR | Error processing employee 1001: [Errno 2] No such file or directory: 'employee_attrition_model.pkl'
2026-03-04 16:58:02,982 | INFO | Predicting employee index 1002...
2026-03-04 16:58:02,982 | ERROR | Error processing employee 1002: [Errno 2] No such file or directory: 'employee_attrition_model.pkl'
2026-03-04 16:58:02,982 | INFO | Predicting employee index 1003...
2026-03-04 16:58:02,982 | ERROR | Error processing employee 1003: [Errno 2] No such file or directory: 'employee_attrition_model.pkl'
2026-03-04 16:58:02,982 | INFO | Predicting employee index 1004...
2026-03-04 16:58:02,982 | ERROR | Error processing employee 1004: [Errno 2] No such file or directory: 'employee_attrition_model.pkl'
2026-03-04 16:58:02,982 | INFO | Predicting employee index 1005...
2026-03-04 16:58:02,983 | ERROR | Error processing employee 1005: [Errno 2] No such file or directory: 'employee_attrition_model.pkl'
2026-03-04 16:58:02,983 | INFO | Predicting employee index 1006...
2026-03-04 16:58:02,983 | ERROR | Error processing employee 1006: [Errno 2] No such file or directory: 'employee_attrition_model.pkl'
2026-03-04 16:58:02,983 | INFO | Predicting employee index 1007...
2026-03-04 16:58:02,983 | ERROR | Error processing employee 1007: [Errno 2] No such file or directory: 'employee_attrition_model.pkl'
2026-03-04 16:58:02,983 | INFO | Predicting employee index 1008...
2026-03-04 16:58:02,983 | ERROR | Error processing employee 1008: [Errno 2] No such file or directory: 'employee_attrition_model.pkl'
2026-03-04 16:58:02,983 | INFO | Predicting employee index 1009...
2026-03-04 16:58:02,983 | ERROR | Error processing employee 1009: [Errno 2] No such file or directory: 'employee_attrition_model.pkl'
2026-03-04 16:58:02,983 | INFO | Predicting employee index 1010...
2026-03-04 16:58:02,983 | ERROR | Error processing employee 1010: [Errno 2] No such file or directory: 'employee_attrition_model.pkl'
2026-03-04 16:58:02,994 | INFO | Predicting employee index 1011...
2026-03-04 16:58:02,994 | ERROR | Error processing employee 1011: [Errno 2] No such file or directory: 'employee_attrition_model.pkl'
2026-03-04 16:58:02,994 | INFO | Predicting employee index 1012...
2026-03-04 16:58:02,994 | ERROR | Error processing employee 1012: [Errno 2] No such file or directory: 'employee_attrition_model.pkl'
2026-03-04 16:58:02,995 | INFO | Predicting employee index 1013...
2026-03-04 16:58:02,995 | ERROR | Error processing employee 1013: [Errno 2] No such file or directory: 'employee_attrition_model.pkl'
2026-03-04 16:58:02,995 | INFO | Predicting employee index 1014...
2026-03-04 16:58:02,997 | ERROR | Error processing employee 1014: [Errno 2] No such file or directory: 'employee_attrition_model.pkl'
2026-03-04 16:58:02,997 | INFO | Predicting employee index 1015...
2026-03-04 16:58:02,997 | ERROR | Error processing employee 1015: [Errno 2] No such file or directory: 'employee_attrition_model.pkl'
2026-03-04 16:58:02,998 | INFO | Predicting employee index 1016...
2026-03-04 16:58:02,998 | ERROR | Error processing employee 1016: [Errno 2] No such file or directory: 'employee_attrition_model.pkl'
2026-03-04 16:58:02,999 | INFO | Predicting employee index 1017...
2026-03-04 16:58:02,999 | ERROR | Error processing employee 1017: [Errno 2] No such file or directory: 'employee_attrition_model.pkl'
2026-03-04 16:58:02,999 | INFO | Predicting employee index 1018...
2026-03-04 16:58:02,999 | ERROR | Error processing employee 1018: [Errno 2] No such file or directory: 'employee_attrition_model.pkl'
2026-03-04 16:58:03,000 | INFO | Predicting employee index 1019...
2026-03-04 16:58:03,000 | ERROR | Error processing employee 1019: [Errno 2] No such file or directory: 'employee_attrition_model.pkl'
2026-03-04 16:58:03,000 | INFO | Predicting employee index 1020...
2026-03-04 16:58:03,000 | ERROR | Error processing employee 1020: [Errno 2] No such file or directory: 'employee_attrition_model.pkl'
2026-03-04 16:58:03,000 | INFO | Predicting employee index 1021...
2026-03-04 16:58:03,001 | ERROR | Error processing employee 1021: [Errno 2] No such file or directory: 'employee_attrition_model.pkl'
2026-03-04 16:58:03,001 | INFO | Predicting employee index 1022...
2026-03-04 16:58:03,001 | ERROR | Error processing employee 1022: [Errno 2] No such file or directory: 'employee_attrition_model.pkl'
2026-03-04 16:58:03,001 | INFO | Predicting employee index 1023...
2026-03-04 16:58:03,001 | ERROR | Error processing employee 1023: [Errno 2] No such file or directory: 'employee_attrition_model.pkl'
2026-03-04 16:58:03,001 | INFO | Predicting employee index 1024...
2026-03-04 16:58:03,001 | ERROR | Error processing employee 1024: [Errno 2] No such file or directory: 'employee_attrition_model.pkl'
2026-03-04 16:58:03,002 | INFO | Predicting employee index 1025...
2026-03-04 16:58:03,002 | ERROR | Error processing employee 1025: [Errno 2] No such file or directory: 'employee_attrition_model.pkl'
2026-03-04 16:58:03,002 | INFO | Predicting employee index 1026...
2026-03-04 16:58:03,002 | ERROR | Error processing employee 1026: [Errno 2] No such file or directory: 'employee_attrition_model.pkl'
2026-03-04 16:58:03,002 | INFO | Predicting employee index 1027...
2026-03-04 16:58:03,002 | ERROR | Error processing employee 1027: [Errno 2] No such file or directory: 'employee_attrition_model.pkl'
2026-03-04 16:58:03,003 | INFO | Predicting employee index 1028...
2026-03-04 16:58:03,003 | ERROR | Error processing employee 1028: [Errno 2] No such file or directory: 'employee_attrition_model.pkl'
2026-03-04 16:58:03,003 | INFO | Predicting employee index 1029...
2026-03-04 16:58:03,003 | ERROR | Error processing employee 1029: [Errno 2] No such file or directory: 'employee_attrition_model.pkl'
2026-03-04 16:58:03,003 | INFO | Predicting employee index 1030...
2026-03-04 16:58:03,003 | ERROR | Error processing employee 1030: [Errno 2] No such file or directory: 'employee_attrition_model.pkl'
2026-03-04 16:58:03,004 | INFO | Predicting employee index 1031...
2026-03-04 16:58:03,004 | ERROR | Error processing employee 1031: [Errno 2] No such file or directory: 'employee_attrition_model.pkl'
2026-03-04 16:58:03,004 | INFO | Predicting employee index 1032...
2026-03-04 16:58:03,010 | ERROR | Error processing employee 1032: [Errno 2] No such file or directory: 'employee_attrition_model.pkl'
2026-03-04 16:58:03,011 | INFO | Predicting employee index 1033...
2026-03-04 16:58:03,011 | ERROR | Error processing employee 1033: [Errno 2] No such file or directory: 'employee_attrition_model.pkl'
2026-03-04 16:58:03,011 | INFO | Predicting employee index 1034...
2026-03-04 16:58:03,011 | ERROR | Error processing employee 1034: [Errno 2] No such file or directory: 'employee_attrition_model.pkl'
2026-03-04 16:58:03,011 | INFO | Predicting employee index 1035...
2026-03-04 16:58:03,011 | ERROR | Error processing employee 1035: [Errno 2] No such file or directory: 'employee_attrition_model.pkl'
2026-03-04 16:58:03,011 | INFO | Predicting employee index 1036...
2026-03-04 16:58:03,011 | ERROR | Error processing employee 1036: [Errno 2] No such file or directory: 'employee_attrition_model.pkl'
2026-03-04 16:58:03,011 | INFO | Predicting employee index 1037...
2026-03-04 16:58:03,011 | ERROR | Error processing employee 1037: [Errno 2] No such file or directory: 'employee_attrition_model.pkl'
2026-03-04 16:58:03,011 | INFO | Predicting employee index 1038...
2026-03-04 16:58:03,011 | ERROR | Error processing employee 1038: [Errno 2] No such file or directory: 'employee_attrition_model.pkl'
2026-03-04 16:58:03,012 | INFO | Predicting employee index 1039...
2026-03-04 16:58:03,012 | ERROR | Error processing employee 1039: [Errno 2] No such file or directory: 'employee_attrition_model.pkl'
2026-03-04 16:58:03,012 | INFO | Predicting employee index 1040...
2026-03-04 16:58:03,012 | ERROR | Error processing employee 1040: [Errno 2] No such file or directory: 'employee_attrition_model.pkl'
2026-03-04 16:58:03,012 | INFO | Predicting employee index 1041...
2026-03-04 16:58:03,012 | ERROR | Error processing employee 1041: [Errno 2] No such file or directory: 'employee_attrition_model.pkl'
2026-03-04 16:58:03,012 | INFO | Predicting employee index 1042...
2026-03-04 16:58:03,012 | ERROR | Error processing employee 1042: [Errno 2] No such file or directory: 'employee_attrition_model.pkl'
2026-03-04 16:58:03,012 | INFO | Predicting employee index 1043...
2026-03-04 16:58:03,012 | ERROR | Error processing employee 1043: [Errno 2] No such file or directory: 'employee_attrition_model.pkl'
2026-03-04 16:58:03,012 | INFO | Predicting employee index 1044...
2026-03-04 16:58:03,012 | ERROR | Error processing employee 1044: [Errno 2] No such file or directory: 'employee_attrition_model.pkl'
2026-03-04 16:58:03,012 | INFO | Predicting employee index 1045...
2026-03-04 16:58:03,012 | ERROR | Error processing employee 1045: [Errno 2] No such file or directory: 'employee_attrition_model.pkl'
2026-03-04 16:58:03,012 | INFO | Predicting employee index 1046...
2026-03-04 16:58:03,012 | ERROR | Error processing employee 1046: [Errno 2] No such file or directory: 'employee_attrition_model.pkl'
2026-03-04 16:58:03,012 | INFO | Predicting employee index 1047...
2026-03-04 16:58:03,013 | ERROR | Error processing employee 1047: [Errno 2] No such file or directory: 'employee_attrition_model.pkl'
2026-03-04 16:58:03,013 | INFO | Predicting employee index 1048...
2026-03-04 16:58:03,013 | ERROR | Error processing employee 1048: [Errno 2] No such file or directory: 'employee_attrition_model.pkl'
2026-03-04 16:58:03,013 | INFO | Predicting employee index 1049...
2026-03-04 16:58:03,013 | ERROR | Error processing employee 1049: [Errno 2] No such file or directory: 'employee_attrition_model.pkl'
2026-03-04 16:58:03,013 | INFO | Predicting employee index 1050...
2026-03-04 16:58:03,013 | ERROR | Error processing employee 1050: [Errno 2] No such file or directory: 'employee_attrition_model.pkl'
2026-03-04 16:58:03,013 | INFO | Predicting employee index 1051...
2026-03-04 16:58:03,013 | ERROR | Error processing employee 1051: [Errno 2] No such file or directory: 'employee_attrition_model.pkl'
2026-03-04 16:58:03,014 | INFO | Predicting employee index 1052...
2026-03-04 16:58:03,014 | ERROR | Error processing employee 1052: [Errno 2] No such file or directory: 'employee_attrition_model.pkl'
2026-03-04 16:58:03,014 | INFO | Predicting employee index 1053...
2026-03-04 16:58:03,025 | ERROR | Error processing employee 1053: [Errno 2] No such file or directory: 'employee_attrition_model.pkl'
2026-03-04 16:58:03,026 | INFO | Predicting employee index 1054...
2026-03-04 16:58:03,026 | ERROR | Error processing employee 1054: [Errno 2] No such file or directory: 'employee_attrition_model.pkl'
2026-03-04 16:58:03,026 | INFO | Predicting employee index 1055...
2026-03-04 16:58:03,026 | ERROR | Error processing employee 1055: [Errno 2] No such file or directory: 'employee_attrition_model.pkl'
2026-03-04 16:58:03,026 | INFO | Predicting employee index 1056...
2026-03-04 16:58:03,026 | ERROR | Error processing employee 1056: [Errno 2] No such file or directory: 'employee_attrition_model.pkl'
2026-03-04 16:58:03,026 | INFO | Predicting employee index 1057...
2026-03-04 16:58:03,027 | ERROR | Error processing employee 1057: [Errno 2] No such file or directory: 'employee_attrition_model.pkl'
2026-03-04 16:58:03,027 | INFO | Predicting employee index 1058...
2026-03-04 16:58:03,027 | ERROR | Error processing employee 1058: [Errno 2] No such file or directory: 'employee_attrition_model.pkl'
2026-03-04 16:58:03,027 | INFO | Predicting employee index 1059...
2026-03-04 16:58:03,027 | ERROR | Error processing employee 1059: [Errno 2] No such file or directory: 'employee_attrition_model.pkl'
2026-03-04 16:58:03,027 | INFO | Predicting employee index 1060...
2026-03-04 16:58:03,027 | ERROR | Error processing employee 1060: [Errno 2] No such file or directory: 'employee_attrition_model.pkl'
2026-03-04 16:58:03,027 | INFO | Predicting employee index 1061...
2026-03-04 16:58:03,027 | ERROR | Error processing employee 1061: [Errno 2] No such file or directory: 'employee_attrition_model.pkl'
2026-03-04 16:58:03,027 | INFO | Predicting employee index 1062...
2026-03-04 16:58:03,027 | ERROR | Error processing employee 1062: [Errno 2] No such file or directory: 'employee_attrition_model.pkl'
2026-03-04 16:58:03,027 | INFO | Predicting employee index 1063...
2026-03-04 16:58:03,029 | ERROR | Error processing employee 1063: [Errno 2] No such file or directory: 'employee_attrition_model.pkl'
2026-03-04 16:58:03,029 | INFO | Predicting employee index 1064...
2026-03-04 16:58:03,029 | ERROR | Error processing employee 1064: [Errno 2] No such file or directory: 'employee_attrition_model.pkl'
2026-03-04 16:58:03,029 | INFO | Predicting employee index 1065...
2026-03-04 16:58:03,029 | ERROR | Error processing employee 1065: [Errno 2] No such file or directory: 'employee_attrition_model.pkl'
2026-03-04 16:58:03,029 | INFO | Predicting employee index 1066...
2026-03-04 16:58:03,029 | ERROR | Error processing employee 1066: [Errno 2] No such file or directory: 'employee_attrition_model.pkl'
2026-03-04 16:58:03,029 | INFO | Predicting employee index 1067...
2026-03-04 16:58:03,029 | ERROR | Error processing employee 1067: [Errno 2] No such file or directory: 'employee_attrition_model.pkl'
2026-03-04 16:58:03,029 | INFO | Predicting employee index 1068...
2026-03-04 16:58:03,029 | ERROR | Error processing employee 1068: [Errno 2] No such file or directory: 'employee_attrition_model.pkl'
2026-03-04 16:58:03,029 | INFO | Predicting employee index 1069...
2026-03-04 16:58:03,031 | ERROR | Error processing employee 1069: [Errno 2] No such file or directory: 'employee_attrition_model.pkl'
2026-03-04 16:58:03,031 | INFO | Predicting employee index 1070...
2026-03-04 16:58:03,031 | ERROR | Error processing employee 1070: [Errno 2] No such file or directory: 'employee_attrition_model.pkl'
2026-03-04 16:58:03,031 | INFO | Predicting employee index 1071...
2026-03-04 16:58:03,031 | ERROR | Error processing employee 1071: [Errno 2] No such file or directory: 'employee_attrition_model.pkl'
2026-03-04 16:58:03,031 | INFO | Predicting employee index 1072...
2026-03-04 16:58:03,031 | ERROR | Error processing employee 1072: [Errno 2] No such file or directory: 'employee_attrition_model.pkl'
2026-03-04 16:58:03,031 | INFO | Predicting employee index 1073...
2026-03-04 16:58:03,031 | ERROR | Error processing employee 1073: [Errno 2] No such file or directory: 'employee_attrition_model.pkl'
2026-03-04 16:58:03,041 | INFO | Predicting employee index 1074...
2026-03-04 16:58:03,041 | ERROR | Error processing employee 1074: [Errno 2] No such file or directory: 'employee_attrition_model.pkl'
2026-03-04 16:58:03,042 | INFO | Predicting employee index 1075...
2026-03-04 16:58:03,042 | ERROR | Error processing employee 1075: [Errno 2] No such file or directory: 'employee_attrition_model.pkl'
2026-03-04 16:58:03,042 | INFO | Predicting employee index 1076...
2026-03-04 16:58:03,042 | ERROR | Error processing employee 1076: [Errno 2] No such file or directory: 'employee_attrition_model.pkl'
2026-03-04 16:58:03,042 | INFO | Predicting employee index 1077...
2026-03-04 16:58:03,042 | ERROR | Error processing employee 1077: [Errno 2] No such file or directory: 'employee_attrition_model.pkl'
2026-03-04 16:58:03,042 | INFO | Predicting employee index 1078...
2026-03-04 16:58:03,042 | ERROR | Error processing employee 1078: [Errno 2] No such file or directory: 'employee_attrition_model.pkl'
2026-03-04 16:58:03,042 | INFO | Predicting employee index 1079...
2026-03-04 16:58:03,042 | ERROR | Error processing employee 1079: [Errno 2] No such file or directory: 'employee_attrition_model.pkl'
2026-03-04 16:58:03,043 | INFO | Predicting employee index 1080...
2026-03-04 16:58:03,043 | ERROR | Error processing employee 1080: [Errno 2] No such file or directory: 'employee_attrition_model.pkl'
2026-03-04 16:58:03,043 | INFO | Predicting employee index 1081...
2026-03-04 16:58:03,043 | ERROR | Error processing employee 1081: [Errno 2] No such file or directory: 'employee_attrition_model.pkl'
2026-03-04 16:58:03,043 | INFO | Predicting employee index 1082...
2026-03-04 16:58:03,044 | ERROR | Error processing employee 1082: [Errno 2] No such file or directory: 'employee_attrition_model.pkl'
2026-03-04 16:58:03,044 | INFO | Predicting employee index 1083...
2026-03-04 16:58:03,044 | ERROR | Error processing employee 1083: [Errno 2] No such file or directory: 'employee_attrition_model.pkl'
2026-03-04 16:58:03,044 | INFO | Predicting employee index 1084...
2026-03-04 16:58:03,044 | ERROR | Error processing employee 1084: [Errno 2] No such file or directory: 'employee_attrition_model.pkl'
2026-03-04 16:58:03,044 | INFO | Predicting employee index 1085...
2026-03-04 16:58:03,044 | ERROR | Error processing employee 1085: [Errno 2] No such file or directory: 'employee_attrition_model.pkl'
2026-03-04 16:58:03,045 | INFO | Predicting employee index 1086...
2026-03-04 16:58:03,045 | ERROR | Error processing employee 1086: [Errno 2] No such file or directory: 'employee_attrition_model.pkl'
2026-03-04 16:58:03,045 | INFO | Predicting employee index 1087...
2026-03-04 16:58:03,045 | ERROR | Error processing employee 1087: [Errno 2] No such file or directory: 'employee_attrition_model.pkl'
2026-03-04 16:58:03,045 | INFO | Predicting employee index 1088...
2026-03-04 16:58:03,045 | ERROR | Error processing employee 1088: [Errno 2] No such file or directory: 'employee_attrition_model.pkl'
2026-03-04 16:58:03,045 | INFO | Predicting employee index 1089...
2026-03-04 16:58:03,046 | ERROR | Error processing employee 1089: [Errno 2] No such file or directory: 'employee_attrition_model.pkl'
2026-03-04 16:58:03,046 | INFO | Predicting employee index 1090...
2026-03-04 16:58:03,046 | ERROR | Error processing employee 1090: [Errno 2] No such file or directory: 'employee_attrition_model.pkl'
2026-03-04 16:58:03,046 | INFO | Predicting employee index 1091...
2026-03-04 16:58:03,046 | ERROR | Error processing employee 1091: [Errno 2] No such file or directory: 'employee_attrition_model.pkl'
2026-03-04 16:58:03,046 | INFO | Predicting employee index 1092...
2026-03-04 16:58:03,046 | ERROR | Error processing employee 1092: [Errno 2] No such file or directory: 'employee_attrition_model.pkl'
2026-03-04 16:58:03,047 | INFO | Predicting employee index 1093...
2026-03-04 16:58:03,047 | ERROR | Error processing employee 1093: [Errno 2] No such file or directory: 'employee_attrition_model.pkl'
2026-03-04 16:58:03,047 | INFO | Predicting employee index 1094...
2026-03-04 16:58:03,056 | ERROR | Error processing employee 1094: [Errno 2] No such file or directory: 'employee_attrition_model.pkl'
2026-03-04 16:58:03,056 | INFO | Predicting employee index 1095...
2026-03-04 16:58:03,056 | ERROR | Error processing employee 1095: [Errno 2] No such file or directory: 'employee_attrition_model.pkl'
2026-03-04 16:58:03,057 | INFO | Predicting employee index 1096...
2026-03-04 16:58:03,057 | ERROR | Error processing employee 1096: [Errno 2] No such file or directory: 'employee_attrition_model.pkl'
2026-03-04 16:58:03,057 | INFO | Predicting employee index 1097...
2026-03-04 16:58:03,057 | ERROR | Error processing employee 1097: [Errno 2] No such file or directory: 'employee_attrition_model.pkl'
2026-03-04 16:58:03,057 | INFO | Predicting employee index 1098...
2026-03-04 16:58:03,057 | ERROR | Error processing employee 1098: [Errno 2] No such file or directory: 'employee_attrition_model.pkl'
2026-03-04 16:58:03,058 | INFO | Predicting employee index 1099...
2026-03-04 16:58:03,058 | ERROR | Error processing employee 1099: [Errno 2] No such file or directory: 'employee_attrition_model.pkl'
2026-03-04 16:58:03,058 | INFO | Predicting employee index 1100...
2026-03-04 16:58:03,058 | ERROR | Error processing employee 1100: [Errno 2] No such file or directory: 'employee_attrition_model.pkl'
2026-03-04 16:58:03,058 | INFO | Predicting employee index 1101...
2026-03-04 16:58:03,058 | ERROR | Error processing employee 1101: [Errno 2] No such file or directory: 'employee_attrition_model.pkl'
2026-03-04 16:58:03,058 | INFO | Predicting employee index 1102...
2026-03-04 16:58:03,059 | ERROR | Error processing employee 1102: [Errno 2] No such file or directory: 'employee_attrition_model.pkl'
2026-03-04 16:58:03,059 | INFO | Predicting employee index 1103...
2026-03-04 16:58:03,059 | ERROR | Error processing employee 1103: [Errno 2] No such file or directory: 'employee_attrition_model.pkl'
2026-03-04 16:58:03,059 | INFO | Predicting employee index 1104...
2026-03-04 16:58:03,060 | ERROR | Error processing employee 1104: [Errno 2] No such file or directory: 'employee_attrition_model.pkl'
2026-03-04 16:58:03,060 | INFO | Predicting employee index 1105...
2026-03-04 16:58:03,060 | ERROR | Error processing employee 1105: [Errno 2] No such file or directory: 'employee_attrition_model.pkl'
2026-03-04 16:58:03,060 | INFO | Predicting employee index 1106...
2026-03-04 16:58:03,060 | ERROR | Error processing employee 1106: [Errno 2] No such file or directory: 'employee_attrition_model.pkl'
2026-03-04 16:58:03,060 | INFO | Predicting employee index 1107...
2026-03-04 16:58:03,060 | ERROR | Error processing employee 1107: [Errno 2] No such file or directory: 'employee_attrition_model.pkl'
2026-03-04 16:58:03,061 | INFO | Predicting employee index 1108...
2026-03-04 16:58:03,061 | ERROR | Error processing employee 1108: [Errno 2] No such file or directory: 'employee_attrition_model.pkl'
2026-03-04 16:58:03,061 | INFO | Predicting employee index 1109...
2026-03-04 16:58:03,061 | ERROR | Error processing employee 1109: [Errno 2] No such file or directory: 'employee_attrition_model.pkl'
2026-03-04 16:58:03,061 | INFO | Predicting employee index 1110...
2026-03-04 16:58:03,061 | ERROR | Error processing employee 1110: [Errno 2] No such file or directory: 'employee_attrition_model.pkl'
2026-03-04 16:58:03,061 | INFO | Predicting employee index 1111...
2026-03-04 16:58:03,061 | ERROR | Error processing employee 1111: [Errno 2] No such file or directory: 'employee_attrition_model.pkl'
2026-03-04 16:58:03,062 | INFO | Predicting employee index 1112...
2026-03-04 16:58:03,062 | ERROR | Error processing employee 1112: [Errno 2] No such file or directory: 'employee_attrition_model.pkl'
2026-03-04 16:58:03,062 | INFO | Predicting employee index 1113...
2026-03-04 16:58:03,062 | ERROR | Error processing employee 1113: [Errno 2] No such file or directory: 'employee_attrition_model.pkl'
2026-03-04 16:58:03,062 | INFO | Predicting employee index 1114...
2026-03-04 16:58:03,062 | ERROR | Error processing employee 1114: [Errno 2] No such file or directory: 'employee_attrition_model.pkl'
2026-03-04 16:58:03,071 | INFO | Predicting employee index 1115...
2026-03-04 16:58:03,071 | ERROR | Error processing employee 1115: [Errno 2] No such file or directory: 'employee_attrition_model.pkl'
2026-03-04 16:58:03,071 | INFO | Predicting employee index 1116...
2026-03-04 16:58:03,071 | ERROR | Error processing employee 1116: [Errno 2] No such file or directory: 'employee_attrition_model.pkl'
2026-03-04 16:58:03,071 | INFO | Predicting employee index 1117...
2026-03-04 16:58:03,072 | ERROR | Error processing employee 1117: [Errno 2] No such file or directory: 'employee_attrition_model.pkl'
2026-03-04 16:58:03,072 | INFO | Predicting employee index 1118...
2026-03-04 16:58:03,072 | ERROR | Error processing employee 1118: [Errno 2] No such file or directory: 'employee_attrition_model.pkl'
2026-03-04 16:58:03,072 | INFO | Predicting employee index 1119...
2026-03-04 16:58:03,072 | ERROR | Error processing employee 1119: [Errno 2] No such file or directory: 'employee_attrition_model.pkl'
2026-03-04 16:58:03,072 | INFO | Predicting employee index 1120...
2026-03-04 16:58:03,072 | ERROR | Error processing employee 1120: [Errno 2] No such file or directory: 'employee_attrition_model.pkl'
2026-03-04 16:58:03,072 | INFO | Predicting employee index 1121...
2026-03-04 16:58:03,073 | ERROR | Error processing employee 1121: [Errno 2] No such file or directory: 'employee_attrition_model.pkl'
2026-03-04 16:58:03,073 | INFO | Predicting employee index 1122...
2026-03-04 16:58:03,073 | ERROR | Error processing employee 1122: [Errno 2] No such file or directory: 'employee_attrition_model.pkl'
2026-03-04 16:58:03,073 | INFO | Predicting employee index 1123...
2026-03-04 16:58:03,073 | ERROR | Error processing employee 1123: [Errno 2] No such file or directory: 'employee_attrition_model.pkl'
2026-03-04 16:58:03,074 | INFO | Predicting employee index 1124...
2026-03-04 16:58:03,074 | ERROR | Error processing employee 1124: [Errno 2] No such file or directory: 'employee_attrition_model.pkl'
2026-03-04 16:58:03,074 | INFO | Predicting employee index 1125...
2026-03-04 16:58:03,074 | ERROR | Error processing employee 1125: [Errno 2] No such file or directory: 'employee_attrition_model.pkl'
2026-03-04 16:58:03,074 | INFO | Predicting employee index 1126...
2026-03-04 16:58:03,074 | ERROR | Error processing employee 1126: [Errno 2] No such file or directory: 'employee_attrition_model.pkl'
2026-03-04 16:58:03,075 | INFO | Predicting employee index 1127...
2026-03-04 16:58:03,075 | ERROR | Error processing employee 1127: [Errno 2] No such file or directory: 'employee_attrition_model.pkl'
2026-03-04 16:58:03,075 | INFO | Predicting employee index 1128...
2026-03-04 16:58:03,075 | ERROR | Error processing employee 1128: [Errno 2] No such file or directory: 'employee_attrition_model.pkl'
2026-03-04 16:58:03,075 | INFO | Predicting employee index 1129...
2026-03-04 16:58:03,075 | ERROR | Error processing employee 1129: [Errno 2] No such file or directory: 'employee_attrition_model.pkl'
2026-03-04 16:58:03,076 | INFO | Predicting employee index 1130...
2026-03-04 16:58:03,076 | ERROR | Error processing employee 1130: [Errno 2] No such file or directory: 'employee_attrition_model.pkl'
2026-03-04 16:58:03,076 | INFO | Predicting employee index 1131...
2026-03-04 16:58:03,076 | ERROR | Error processing employee 1131: [Errno 2] No such file or directory: 'employee_attrition_model.pkl'
2026-03-04 16:58:03,076 | INFO | Predicting employee index 1132...
2026-03-04 16:58:03,076 | ERROR | Error processing employee 1132: [Errno 2] No such file or directory: 'employee_attrition_model.pkl'
2026-03-04 16:58:03,076 | INFO | Predicting employee index 1133...
2026-03-04 16:58:03,077 | ERROR | Error processing employee 1133: [Errno 2] No such file or directory: 'employee_attrition_model.pkl'
2026-03-04 16:58:03,077 | INFO | Predicting employee index 1134...
2026-03-04 16:58:03,077 | ERROR | Error processing employee 1134: [Errno 2] No such file or directory: 'employee_attrition_model.pkl'
2026-03-04 16:58:03,077 | INFO | Predicting employee index 1135...
2026-03-04 16:58:03,077 | ERROR | Error processing employee 1135: [Errno 2] No such file or directory: 'employee_attrition_model.pkl'
2026-03-04 16:58:03,077 | INFO | Predicting employee index 1136...
2026-03-04 16:58:03,087 | ERROR | Error processing employee 1136: [Errno 2] No such file or directory: 'employee_attrition_model.pkl'
2026-03-04 16:58:03,087 | INFO | Predicting employee index 1137...
2026-03-04 16:58:03,087 | ERROR | Error processing employee 1137: [Errno 2] No such file or directory: 'employee_attrition_model.pkl'
2026-03-04 16:58:03,087 | INFO | Predicting employee index 1138...
2026-03-04 16:58:03,087 | ERROR | Error processing employee 1138: [Errno 2] No such file or directory: 'employee_attrition_model.pkl'
2026-03-04 16:58:03,087 | INFO | Predicting employee index 1139...
2026-03-04 16:58:03,087 | ERROR | Error processing employee 1139: [Errno 2] No such file or directory: 'employee_attrition_model.pkl'
2026-03-04 16:58:03,087 | INFO | Predicting employee index 1140...
2026-03-04 16:58:03,087 | ERROR | Error processing employee 1140: [Errno 2] No such file or directory: 'employee_attrition_model.pkl'
2026-03-04 16:58:03,087 | INFO | Predicting employee index 1141...
2026-03-04 16:58:03,087 | ERROR | Error processing employee 1141: [Errno 2] No such file or directory: 'employee_attrition_model.pkl'
2026-03-04 16:58:03,087 | INFO | Predicting employee index 1142...
2026-03-04 16:58:03,087 | ERROR | Error processing employee 1142: [Errno 2] No such file or directory: 'employee_attrition_model.pkl'
2026-03-04 16:58:03,087 | INFO | Predicting employee index 1143...
2026-03-04 16:58:03,087 | ERROR | Error processing employee 1143: [Errno 2] No such file or directory: 'employee_attrition_model.pkl'
2026-03-04 16:58:03,087 | INFO | Predicting employee index 1144...
2026-03-04 16:58:03,087 | ERROR | Error processing employee 1144: [Errno 2] No such file or directory: 'employee_attrition_model.pkl'
2026-03-04 16:58:03,087 | INFO | Predicting employee index 1145...
2026-03-04 16:58:03,089 | ERROR | Error processing employee 1145: [Errno 2] No such file or directory: 'employee_attrition_model.pkl'
2026-03-04 16:58:03,089 | INFO | Predicting employee index 1146...
2026-03-04 16:58:03,089 | ERROR | Error processing employee 1146: [Errno 2] No such file or directory: 'employee_attrition_model.pkl'
2026-03-04 16:58:03,089 | INFO | Predicting employee index 1147...
2026-03-04 16:58:03,089 | ERROR | Error processing employee 1147: [Errno 2] No such file or directory: 'employee_attrition_model.pkl'
2026-03-04 16:58:03,089 | INFO | Predicting employee index 1148...
2026-03-04 16:58:03,089 | ERROR | Error processing employee 1148: [Errno 2] No such file or directory: 'employee_attrition_model.pkl'
2026-03-04 16:58:03,089 | INFO | Predicting employee index 1149...
2026-03-04 16:58:03,089 | ERROR | Error processing employee 1149: [Errno 2] No such file or directory: 'employee_attrition_model.pkl'
2026-03-04 16:58:03,089 | INFO | Predicting employee index 1150...
2026-03-04 16:58:03,089 | ERROR | Error processing employee 1150: [Errno 2] No such file or directory: 'employee_attrition_model.pkl'
2026-03-04 16:58:03,089 | INFO | Predicting employee index 1151...
2026-03-04 16:58:03,089 | ERROR | Error processing employee 1151: [Errno 2] No such file or directory: 'employee_attrition_model.pkl'
2026-03-04 16:58:03,089 | INFO | Predicting employee index 1152...
2026-03-04 16:58:03,090 | ERROR | Error processing employee 1152: [Errno 2] No such file or directory: 'employee_attrition_model.pkl'
2026-03-04 16:58:03,090 | INFO | Predicting employee index 1153...
2026-03-04 16:58:03,090 | ERROR | Error processing employee 1153: [Errno 2] No such file or directory: 'employee_attrition_model.pkl'
2026-03-04 16:58:03,090 | INFO | Predicting employee index 1154...
2026-03-04 16:58:03,090 | ERROR | Error processing employee 1154: [Errno 2] No such file or directory: 'employee_attrition_model.pkl'
2026-03-04 16:58:03,090 | INFO | Predicting employee index 1155...
2026-03-04 16:58:03,090 | ERROR | Error processing employee 1155: [Errno 2] No such file or directory: 'employee_attrition_model.pkl'
2026-03-04 16:58:03,090 | INFO | Predicting employee index 1156...
2026-03-04 16:58:03,090 | ERROR | Error processing employee 1156: [Errno 2] No such file or directory: 'employee_attrition_model.pkl'
2026-03-04 16:58:03,090 | INFO | Predicting employee index 1157...
2026-03-04 16:58:03,090 | ERROR | Error processing employee 1157: [Errno 2] No such file or directory: 'employee_attrition_model.pkl'
2026-03-04 16:58:03,090 | INFO | Predicting employee index 1158...
2026-03-04 16:58:03,090 | ERROR | Error processing employee 1158: [Errno 2] No such file or directory: 'employee_attrition_model.pkl'
2026-03-04 16:58:03,090 | INFO | Predicting employee index 1159...
2026-03-04 16:58:03,090 | ERROR | Error processing employee 1159: [Errno 2] No such file or directory: 'employee_attrition_model.pkl'
2026-03-04 16:58:03,090 | INFO | Predicting employee index 1160...
2026-03-04 16:58:03,090 | ERROR | Error processing employee 1160: [Errno 2] No such file or directory: 'employee_attrition_model.pkl'
2026-03-04 16:58:03,091 | INFO | Predicting employee index 1161...
2026-03-04 16:58:03,091 | ERROR | Error processing employee 1161: [Errno 2] No such file or directory: 'employee_attrition_model.pkl'
2026-03-04 16:58:03,091 | INFO | Predicting employee index 1162...
2026-03-04 16:58:03,102 | ERROR | Error processing employee 1162: [Errno 2] No such file or directory: 'employee_attrition_model.pkl'
2026-03-04 16:58:03,102 | INFO | Predicting employee index 1163...
2026-03-04 16:58:03,102 | ERROR | Error processing employee 1163: [Errno 2] No such file or directory: 'employee_attrition_model.pkl'
2026-03-04 16:58:03,102 | INFO | Predicting employee index 1164...
2026-03-04 16:58:03,102 | ERROR | Error processing employee 1164: [Errno 2] No such file or directory: 'employee_attrition_model.pkl'
2026-03-04 16:58:03,103 | INFO | Predicting employee index 1165...
2026-03-04 16:58:03,103 | ERROR | Error processing employee 1165: [Errno 2] No such file or directory: 'employee_attrition_model.pkl'
2026-03-04 16:58:03,103 | INFO | Predicting employee index 1166...
2026-03-04 16:58:03,103 | ERROR | Error processing employee 1166: [Errno 2] No such file or directory: 'employee_attrition_model.pkl'
2026-03-04 16:58:03,103 | INFO | Predicting employee index 1167...
2026-03-04 16:58:03,103 | ERROR | Error processing employee 1167: [Errno 2] No such file or directory: 'employee_attrition_model.pkl'
2026-03-04 16:58:03,103 | INFO | Predicting employee index 1168...
2026-03-04 16:58:03,103 | ERROR | Error processing employee 1168: [Errno 2] No such file or directory: 'employee_attrition_model.pkl'
2026-03-04 16:58:03,103 | INFO | Predicting employee index 1169...
2026-03-04 16:58:03,103 | ERROR | Error processing employee 1169: [Errno 2] No such file or directory: 'employee_attrition_model.pkl'
2026-03-04 16:58:03,103 | INFO | Predicting employee index 1170...
2026-03-04 16:58:03,104 | ERROR | Error processing employee 1170: [Errno 2] No such file or directory: 'employee_attrition_model.pkl'
2026-03-04 16:58:03,104 | INFO | Predicting employee index 1171...
2026-03-04 16:58:03,104 | ERROR | Error processing employee 1171: [Errno 2] No such file or directory: 'employee_attrition_model.pkl'
2026-03-04 16:58:03,104 | INFO | Predicting employee index 1172...
2026-03-04 16:58:03,104 | ERROR | Error processing employee 1172: [Errno 2] No such file or directory: 'employee_attrition_model.pkl'
2026-03-04 16:58:03,105 | INFO | Predicting employee index 1173...
2026-03-04 16:58:03,105 | ERROR | Error processing employee 1173: [Errno 2] No such file or directory: 'employee_attrition_model.pkl'
2026-03-04 16:58:03,105 | INFO | Predicting employee index 1174...
2026-03-04 16:58:03,105 | ERROR | Error processing employee 1174: [Errno 2] No such file or directory: 'employee_attrition_model.pkl'
2026-03-04 16:58:03,105 | INFO | Predicting employee index 1175...
2026-03-04 16:58:03,105 | ERROR | Error processing employee 1175: [Errno 2] No such file or directory: 'employee_attrition_model.pkl'
2026-03-04 16:58:03,105 | INFO | Predicting employee index 1176...
2026-03-04 16:58:03,105 | ERROR | Error processing employee 1176: [Errno 2] No such file or directory: 'employee_attrition_model.pkl'
2026-03-04 16:58:03,106 | INFO | Predicting employee index 1177...
2026-03-04 16:58:03,106 | ERROR | Error processing employee 1177: [Errno 2] No such file or directory: 'employee_attrition_model.pkl'
2026-03-04 16:58:03,106 | INFO | Predicting employee index 1178...
2026-03-04 16:58:03,106 | ERROR | Error processing employee 1178: [Errno 2] No such file or directory: 'employee_attrition_model.pkl'
2026-03-04 16:58:03,106 | INFO | Predicting employee index 1179...
2026-03-04 16:58:03,106 | ERROR | Error processing employee 1179: [Errno 2] No such file or directory: 'employee_attrition_model.pkl'
2026-03-04 16:58:03,107 | INFO | Predicting employee index 1180...
2026-03-04 16:58:03,107 | ERROR | Error processing employee 1180: [Errno 2] No such file or directory: 'employee_attrition_model.pkl'
2026-03-04 16:58:03,107 | INFO | Predicting employee index 1181...
2026-03-04 16:58:03,107 | ERROR | Error processing employee 1181: [Errno 2] No such file or directory: 'employee_attrition_model.pkl'
2026-03-04 16:58:03,107 | INFO | Predicting employee index 1182...
2026-03-04 16:58:03,108 | ERROR | Error processing employee 1182: [Errno 2] No such file or directory: 'employee_attrition_model.pkl'
2026-03-04 16:58:03,117 | INFO | Predicting employee index 1183...
2026-03-04 16:58:03,117 | ERROR | Error processing employee 1183: [Errno 2] No such file or directory: 'employee_attrition_model.pkl'
2026-03-04 16:58:03,118 | INFO | Predicting employee index 1184...
2026-03-04 16:58:03,118 | ERROR | Error processing employee 1184: [Errno 2] No such file or directory: 'employee_attrition_model.pkl'
2026-03-04 16:58:03,118 | INFO | Predicting employee index 1185...
2026-03-04 16:58:03,118 | ERROR | Error processing employee 1185: [Errno 2] No such file or directory: 'employee_attrition_model.pkl'
2026-03-04 16:58:03,118 | INFO | Predicting employee index 1186...
2026-03-04 16:58:03,118 | ERROR | Error processing employee 1186: [Errno 2] No such file or directory: 'employee_attrition_model.pkl'
2026-03-04 16:58:03,118 | INFO | Predicting employee index 1187...
2026-03-04 16:58:03,118 | ERROR | Error processing employee 1187: [Errno 2] No such file or directory: 'employee_attrition_model.pkl'
2026-03-04 16:58:03,118 | INFO | Predicting employee index 1188...
2026-03-04 16:58:03,118 | ERROR | Error processing employee 1188: [Errno 2] No such file or directory: 'employee_attrition_model.pkl'
2026-03-04 16:58:03,118 | INFO | Predicting employee index 1189...
2026-03-04 16:58:03,118 | ERROR | Error processing employee 1189: [Errno 2] No such file or directory: 'employee_attrition_model.pkl'
2026-03-04 16:58:03,118 | INFO | Predicting employee index 1190...
2026-03-04 16:58:03,118 | ERROR | Error processing employee 1190: [Errno 2] No such file or directory: 'employee_attrition_model.pkl'
2026-03-04 16:58:03,118 | INFO | Predicting employee index 1191...
2026-03-04 16:58:03,119 | ERROR | Error processing employee 1191: [Errno 2] No such file or directory: 'employee_attrition_model.pkl'
2026-03-04 16:58:03,119 | INFO | Predicting employee index 1192...
2026-03-04 16:58:03,119 | ERROR | Error processing employee 1192: [Errno 2] No such file or directory: 'employee_attrition_model.pkl'
2026-03-04 16:58:03,119 | INFO | Predicting employee index 1193...
2026-03-04 16:58:03,119 | ERROR | Error processing employee 1193: [Errno 2] No such file or directory: 'employee_attrition_model.pkl'
2026-03-04 16:58:03,119 | INFO | Predicting employee index 1194...
2026-03-04 16:58:03,119 | ERROR | Error processing employee 1194: [Errno 2] No such file or directory: 'employee_attrition_model.pkl'
2026-03-04 16:58:03,119 | INFO | Predicting employee index 1195...
2026-03-04 16:58:03,119 | ERROR | Error processing employee 1195: [Errno 2] No such file or directory: 'employee_attrition_model.pkl'
2026-03-04 16:58:03,119 | INFO | Predicting employee index 1196...
2026-03-04 16:58:03,119 | ERROR | Error processing employee 1196: [Errno 2] No such file or directory: 'employee_attrition_model.pkl'
2026-03-04 16:58:03,119 | INFO | Predicting employee index 1197...
2026-03-04 16:58:03,119 | ERROR | Error processing employee 1197: [Errno 2] No such file or directory: 'employee_attrition_model.pkl'
2026-03-04 16:58:03,119 | INFO | Predicting employee index 1198...
2026-03-04 16:58:03,119 | ERROR | Error processing employee 1198: [Errno 2] No such file or directory: 'employee_attrition_model.pkl'
2026-03-04 16:58:03,120 | INFO | Predicting employee index 1199...
2026-03-04 16:58:03,120 | ERROR | Error processing employee 1199: [Errno 2] No such file or directory: 'employee_attrition_model.pkl'
2026-03-04 16:58:03,120 | INFO | Predicting employee index 1200...
2026-03-04 16:58:03,120 | ERROR | Error processing employee 1200: [Errno 2] No such file or directory: 'employee_attrition_model.pkl'
2026-03-04 16:58:03,120 | INFO | Predicting employee index 1201...
2026-03-04 16:58:03,121 | ERROR | Error processing employee 1201: [Errno 2] No such file or directory: 'employee_attrition_model.pkl'
2026-03-04 16:58:03,121 | INFO | Predicting employee index 1202...
2026-03-04 16:58:03,121 | ERROR | Error processing employee 1202: [Errno 2] No such file or directory: 'employee_attrition_model.pkl'
2026-03-04 16:58:03,121 | INFO | Predicting employee index 1203...
2026-03-04 16:58:03,133 | ERROR | Error processing employee 1203: [Errno 2] No such file or directory: 'employee_attrition_model.pkl'
2026-03-04 16:58:03,133 | INFO | Predicting employee index 1204...
2026-03-04 16:58:03,133 | ERROR | Error processing employee 1204: [Errno 2] No such file or directory: 'employee_attrition_model.pkl'
2026-03-04 16:58:03,134 | INFO | Predicting employee index 1205...
2026-03-04 16:58:03,134 | ERROR | Error processing employee 1205: [Errno 2] No such file or directory: 'employee_attrition_model.pkl'
2026-03-04 16:58:03,134 | INFO | Predicting employee index 1206...
2026-03-04 16:58:03,134 | ERROR | Error processing employee 1206: [Errno 2] No such file or directory: 'employee_attrition_model.pkl'
2026-03-04 16:58:03,134 | INFO | Predicting employee index 1207...
2026-03-04 16:58:03,134 | ERROR | Error processing employee 1207: [Errno 2] No such file or directory: 'employee_attrition_model.pkl'
2026-03-04 16:58:03,134 | INFO | Predicting employee index 1208...
2026-03-04 16:58:03,134 | ERROR | Error processing employee 1208: [Errno 2] No such file or directory: 'employee_attrition_model.pkl'
2026-03-04 16:58:03,134 | INFO | Predicting employee index 1209...
2026-03-04 16:58:03,134 | ERROR | Error processing employee 1209: [Errno 2] No such file or directory: 'employee_attrition_model.pkl'
2026-03-04 16:58:03,134 | INFO | Predicting employee index 1210...
2026-03-04 16:58:03,134 | ERROR | Error processing employee 1210: [Errno 2] No such file or directory: 'employee_attrition_model.pkl'
2026-03-04 16:58:03,134 | INFO | Predicting employee index 1211...
2026-03-04 16:58:03,134 | ERROR | Error processing employee 1211: [Errno 2] No such file or directory: 'employee_attrition_model.pkl'
2026-03-04 16:58:03,135 | INFO | Predicting employee index 1212...
2026-03-04 16:58:03,135 | ERROR | Error processing employee 1212: [Errno 2] No such file or directory: 'employee_attrition_model.pkl'
2026-03-04 16:58:03,135 | INFO | Predicting employee index 1213...
2026-03-04 16:58:03,135 | ERROR | Error processing employee 1213: [Errno 2] No such file or directory: 'employee_attrition_model.pkl'
2026-03-04 16:58:03,135 | INFO | Predicting employee index 1214...
2026-03-04 16:58:03,135 | ERROR | Error processing employee 1214: [Errno 2] No such file or directory: 'employee_attrition_model.pkl'
2026-03-04 16:58:03,135 | INFO | Predicting employee index 1215...
2026-03-04 16:58:03,135 | ERROR | Error processing employee 1215: [Errno 2] No such file or directory: 'employee_attrition_model.pkl'
2026-03-04 16:58:03,135 | INFO | Predicting employee index 1216...
2026-03-04 16:58:03,135 | ERROR | Error processing employee 1216: [Errno 2] No such file or directory: 'employee_attrition_model.pkl'
2026-03-04 16:58:03,135 | INFO | Predicting employee index 1217...
2026-03-04 16:58:03,135 | ERROR | Error processing employee 1217: [Errno 2] No such file or directory: 'employee_attrition_model.pkl'
2026-03-04 16:58:03,135 | INFO | Predicting employee index 1218...
2026-03-04 16:58:03,135 | ERROR | Error processing employee 1218: [Errno 2] No such file or directory: 'employee_attrition_model.pkl'
2026-03-04 16:58:03,135 | INFO | Predicting employee index 1219...
2026-03-04 16:58:03,135 | ERROR | Error processing employee 1219: [Errno 2] No such file or directory: 'employee_attrition_model.pkl'
2026-03-04 16:58:03,136 | INFO | Predicting employee index 1220...
2026-03-04 16:58:03,136 | ERROR | Error processing employee 1220: [Errno 2] No such file or directory: 'employee_attrition_model.pkl'
2026-03-04 16:58:03,136 | INFO | Predicting employee index 1221...
2026-03-04 16:58:03,136 | ERROR | Error processing employee 1221: [Errno 2] No such file or directory: 'employee_attrition_model.pkl'
2026-03-04 16:58:03,136 | INFO | Predicting employee index 1222...
2026-03-04 16:58:03,136 | ERROR | Error processing employee 1222: [Errno 2] No such file or directory: 'employee_attrition_model.pkl'
2026-03-04 16:58:03,137 | INFO | Predicting employee index 1223...
2026-03-04 16:58:03,137 | ERROR | Error processing employee 1223: [Errno 2] No such file or directory: 'employee_attrition_model.pkl'
2026-03-04 16:58:03,148 | INFO | Predicting employee index 1224...
2026-03-04 16:58:03,148 | ERROR | Error processing employee 1224: [Errno 2] No such file or directory: 'employee_attrition_model.pkl'
2026-03-04 16:58:03,150 | INFO | Predicting employee index 1225...
2026-03-04 16:58:03,150 | ERROR | Error processing employee 1225: [Errno 2] No such file or directory: 'employee_attrition_model.pkl'
2026-03-04 16:58:03,150 | INFO | Predicting employee index 1226...
2026-03-04 16:58:03,150 | ERROR | Error processing employee 1226: [Errno 2] No such file or directory: 'employee_attrition_model.pkl'
2026-03-04 16:58:03,150 | INFO | Predicting employee index 1227...
2026-03-04 16:58:03,150 | ERROR | Error processing employee 1227: [Errno 2] No such file or directory: 'employee_attrition_model.pkl'
2026-03-04 16:58:03,150 | INFO | Predicting employee index 1228...
2026-03-04 16:58:03,150 | ERROR | Error processing employee 1228: [Errno 2] No such file or directory: 'employee_attrition_model.pkl'
2026-03-04 16:58:03,150 | INFO | Predicting employee index 1229...
2026-03-04 16:58:03,150 | ERROR | Error processing employee 1229: [Errno 2] No such file or directory: 'employee_attrition_model.pkl'
2026-03-04 16:58:03,150 | INFO | Predicting employee index 1230...
2026-03-04 16:58:03,150 | ERROR | Error processing employee 1230: [Errno 2] No such file or directory: 'employee_attrition_model.pkl'
2026-03-04 16:58:03,151 | INFO | Predicting employee index 1231...
2026-03-04 16:58:03,151 | ERROR | Error processing employee 1231: [Errno 2] No such file or directory: 'employee_attrition_model.pkl'
2026-03-04 16:58:03,151 | INFO | Predicting employee index 1232...
2026-03-04 16:58:03,151 | ERROR | Error processing employee 1232: [Errno 2] No such file or directory: 'employee_attrition_model.pkl'
2026-03-04 16:58:03,152 | INFO | Predicting employee index 1233...
2026-03-04 16:58:03,152 | ERROR | Error processing employee 1233: [Errno 2] No such file or directory: 'employee_attrition_model.pkl'
2026-03-04 16:58:03,152 | INFO | Predicting employee index 1234...
2026-03-04 16:58:03,152 | ERROR | Error processing employee 1234: [Errno 2] No such file or directory: 'employee_attrition_model.pkl'
2026-03-04 16:58:03,152 | INFO | Predicting employee index 1235...
2026-03-04 16:58:03,152 | ERROR | Error processing employee 1235: [Errno 2] No such file or directory: 'employee_attrition_model.pkl'
2026-03-04 16:58:03,152 | INFO | Predicting employee index 1236...
2026-03-04 16:58:03,153 | ERROR | Error processing employee 1236: [Errno 2] No such file or directory: 'employee_attrition_model.pkl'
2026-03-04 16:58:03,153 | INFO | Predicting employee index 1237...
2026-03-04 16:58:03,153 | ERROR | Error processing employee 1237: [Errno 2] No such file or directory: 'employee_attrition_model.pkl'
2026-03-04 16:58:03,153 | INFO | Predicting employee index 1238...
2026-03-04 16:58:03,153 | ERROR | Error processing employee 1238: [Errno 2] No such file or directory: 'employee_attrition_model.pkl'
2026-03-04 16:58:03,153 | INFO | Predicting employee index 1239...
2026-03-04 16:58:03,154 | ERROR | Error processing employee 1239: [Errno 2] No such file or directory: 'employee_attrition_model.pkl'
2026-03-04 16:58:03,154 | INFO | Predicting employee index 1240...
2026-03-04 16:58:03,154 | ERROR | Error processing employee 1240: [Errno 2] No such file or directory: 'employee_attrition_model.pkl'
2026-03-04 16:58:03,154 | INFO | Predicting employee index 1241...
2026-03-04 16:58:03,154 | ERROR | Error processing employee 1241: [Errno 2] No such file or directory: 'employee_attrition_model.pkl'
2026-03-04 16:58:03,154 | INFO | Predicting employee index 1242...
2026-03-04 16:58:03,154 | ERROR | Error processing employee 1242: [Errno 2] No such file or directory: 'employee_attrition_model.pkl'
2026-03-04 16:58:03,155 | INFO | Predicting employee index 1243...
2026-03-04 16:58:03,155 | ERROR | Error processing employee 1243: [Errno 2] No such file or directory: 'employee_attrition_model.pkl'
2026-03-04 16:58:03,155 | INFO | Predicting employee index 1244...
2026-03-04 16:58:03,164 | ERROR | Error processing employee 1244: [Errno 2] No such file or directory: 'employee_attrition_model.pkl'
2026-03-04 16:58:03,164 | INFO | Predicting employee index 1245...
2026-03-04 16:58:03,164 | ERROR | Error processing employee 1245: [Errno 2] No such file or directory: 'employee_attrition_model.pkl'
2026-03-04 16:58:03,164 | INFO | Predicting employee index 1246...
2026-03-04 16:58:03,164 | ERROR | Error processing employee 1246: [Errno 2] No such file or directory: 'employee_attrition_model.pkl'
2026-03-04 16:58:03,164 | INFO | Predicting employee index 1247...
2026-03-04 16:58:03,164 | ERROR | Error processing employee 1247: [Errno 2] No such file or directory: 'employee_attrition_model.pkl'
2026-03-04 16:58:03,164 | INFO | Predicting employee index 1248...
2026-03-04 16:58:03,165 | ERROR | Error processing employee 1248: [Errno 2] No such file or directory: 'employee_attrition_model.pkl'
2026-03-04 16:58:03,165 | INFO | Predicting employee index 1249...
2026-03-04 16:58:03,165 | ERROR | Error processing employee 1249: [Errno 2] No such file or directory: 'employee_attrition_model.pkl'
2026-03-04 16:58:03,165 | INFO | Predicting employee index 1250...
2026-03-04 16:58:03,165 | ERROR | Error processing employee 1250: [Errno 2] No such file or directory: 'employee_attrition_model.pkl'
2026-03-04 16:58:03,165 | INFO | Predicting employee index 1251...
2026-03-04 16:58:03,165 | ERROR | Error processing employee 1251: [Errno 2] No such file or directory: 'employee_attrition_model.pkl'
2026-03-04 16:58:03,165 | INFO | Predicting employee index 1252...
2026-03-04 16:58:03,165 | ERROR | Error processing employee 1252: [Errno 2] No such file or directory: 'employee_attrition_model.pkl'
2026-03-04 16:58:03,166 | INFO | Predicting employee index 1253...
2026-03-04 16:58:03,166 | ERROR | Error processing employee 1253: [Errno 2] No such file or directory: 'employee_attrition_model.pkl'
2026-03-04 16:58:03,166 | INFO | Predicting employee index 1254...
2026-03-04 16:58:03,166 | ERROR | Error processing employee 1254: [Errno 2] No such file or directory: 'employee_attrition_model.pkl'
2026-03-04 16:58:03,166 | INFO | Predicting employee index 1255...
2026-03-04 16:58:03,166 | ERROR | Error processing employee 1255: [Errno 2] No such file or directory: 'employee_attrition_model.pkl'
2026-03-04 16:58:03,166 | INFO | Predicting employee index 1256...
2026-03-04 16:58:03,166 | ERROR | Error processing employee 1256: [Errno 2] No such file or directory: 'employee_attrition_model.pkl'
2026-03-04 16:58:03,168 | INFO | Predicting employee index 1257...
2026-03-04 16:58:03,168 | ERROR | Error processing employee 1257: [Errno 2] No such file or directory: 'employee_attrition_model.pkl'
2026-03-04 16:58:03,168 | INFO | Predicting employee index 1258...
2026-03-04 16:58:03,168 | ERROR | Error processing employee 1258: [Errno 2] No such file or directory: 'employee_attrition_model.pkl'
2026-03-04 16:58:03,168 | INFO | Predicting employee index 1259...
2026-03-04 16:58:03,168 | ERROR | Error processing employee 1259: [Errno 2] No such file or directory: 'employee_attrition_model.pkl'
2026-03-04 16:58:03,168 | INFO | Predicting employee index 1260...
2026-03-04 16:58:03,168 | ERROR | Error processing employee 1260: [Errno 2] No such file or directory: 'employee_attrition_model.pkl'
2026-03-04 16:58:03,168 | INFO | Predicting employee index 1261...
2026-03-04 16:58:03,168 | ERROR | Error processing employee 1261: [Errno 2] No such file or directory: 'employee_attrition_model.pkl'
2026-03-04 16:58:03,168 | INFO | Predicting employee index 1262...
2026-03-04 16:58:03,168 | ERROR | Error processing employee 1262: [Errno 2] No such file or directory: 'employee_attrition_model.pkl'
2026-03-04 16:58:03,168 | INFO | Predicting employee index 1263...
2026-03-04 16:58:03,170 | ERROR | Error processing employee 1263: [Errno 2] No such file or directory: 'employee_attrition_model.pkl'
2026-03-04 16:58:03,170 | INFO | Predicting employee index 1264...
2026-03-04 16:58:03,170 | ERROR | Error processing employee 1264: [Errno 2] No such file or directory: 'employee_attrition_model.pkl'
2026-03-04 16:58:03,179 | INFO | Predicting employee index 1265...
2026-03-04 16:58:03,179 | ERROR | Error processing employee 1265: [Errno 2] No such file or directory: 'employee_attrition_model.pkl'
2026-03-04 16:58:03,179 | INFO | Predicting employee index 1266...
2026-03-04 16:58:03,179 | ERROR | Error processing employee 1266: [Errno 2] No such file or directory: 'employee_attrition_model.pkl'
2026-03-04 16:58:03,179 | INFO | Predicting employee index 1267...
2026-03-04 16:58:03,181 | ERROR | Error processing employee 1267: [Errno 2] No such file or directory: 'employee_attrition_model.pkl'
2026-03-04 16:58:03,181 | INFO | Predicting employee index 1268...
2026-03-04 16:58:03,181 | ERROR | Error processing employee 1268: [Errno 2] No such file or directory: 'employee_attrition_model.pkl'
2026-03-04 16:58:03,181 | INFO | Predicting employee index 1269...
2026-03-04 16:58:03,182 | ERROR | Error processing employee 1269: [Errno 2] No such file or directory: 'employee_attrition_model.pkl'
2026-03-04 16:58:03,182 | INFO | Predicting employee index 1270...
2026-03-04 16:58:03,182 | ERROR | Error processing employee 1270: [Errno 2] No such file or directory: 'employee_attrition_model.pkl'
2026-03-04 16:58:03,182 | INFO | Predicting employee index 1271...
2026-03-04 16:58:03,182 | ERROR | Error processing employee 1271: [Errno 2] No such file or directory: 'employee_attrition_model.pkl'
2026-03-04 16:58:03,183 | INFO | Predicting employee index 1272...
2026-03-04 16:58:03,183 | ERROR | Error processing employee 1272: [Errno 2] No such file or directory: 'employee_attrition_model.pkl'
2026-03-04 16:58:03,183 | INFO | Predicting employee index 1273...
2026-03-04 16:58:03,183 | ERROR | Error processing employee 1273: [Errno 2] No such file or directory: 'employee_attrition_model.pkl'
2026-03-04 16:58:03,183 | INFO | Predicting employee index 1274...
2026-03-04 16:58:03,183 | ERROR | Error processing employee 1274: [Errno 2] No such file or directory: 'employee_attrition_model.pkl'
2026-03-04 16:58:03,184 | INFO | Predicting employee index 1275...
2026-03-04 16:58:03,184 | ERROR | Error processing employee 1275: [Errno 2] No such file or directory: 'employee_attrition_model.pkl'
2026-03-04 16:58:03,184 | INFO | Predicting employee index 1276...
2026-03-04 16:58:03,184 | ERROR | Error processing employee 1276: [Errno 2] No such file or directory: 'employee_attrition_model.pkl'
2026-03-04 16:58:03,185 | INFO | Predicting employee index 1277...
2026-03-04 16:58:03,185 | ERROR | Error processing employee 1277: [Errno 2] No such file or directory: 'employee_attrition_model.pkl'
2026-03-04 16:58:03,185 | INFO | Predicting employee index 1278...
2026-03-04 16:58:03,185 | ERROR | Error processing employee 1278: [Errno 2] No such file or directory: 'employee_attrition_model.pkl'
2026-03-04 16:58:03,185 | INFO | Predicting employee index 1279...
2026-03-04 16:58:03,186 | ERROR | Error processing employee 1279: [Errno 2] No such file or directory: 'employee_attrition_model.pkl'
2026-03-04 16:58:03,186 | INFO | Predicting employee index 1280...
2026-03-04 16:58:03,186 | ERROR | Error processing employee 1280: [Errno 2] No such file or directory: 'employee_attrition_model.pkl'
2026-03-04 16:58:03,186 | INFO | Predicting employee index 1281...
2026-03-04 16:58:03,186 | ERROR | Error processing employee 1281: [Errno 2] No such file or directory: 'employee_attrition_model.pkl'
2026-03-04 16:58:03,186 | INFO | Predicting employee index 1282...
2026-03-04 16:58:03,187 | ERROR | Error processing employee 1282: [Errno 2] No such file or directory: 'employee_attrition_model.pkl'
2026-03-04 16:58:03,187 | INFO | Predicting employee index 1283...
2026-03-04 16:58:03,187 | ERROR | Error processing employee 1283: [Errno 2] No such file or directory: 'employee_attrition_model.pkl'
2026-03-04 16:58:03,187 | INFO | Predicting employee index 1284...
2026-03-04 16:58:03,187 | ERROR | Error processing employee 1284: [Errno 2] No such file or directory: 'employee_attrition_model.pkl'
2026-03-04 16:58:03,187 | INFO | Predicting employee index 1285...
2026-03-04 16:58:03,194 | ERROR | Error processing employee 1285: [Errno 2] No such file or directory: 'employee_attrition_model.pkl'
2026-03-04 16:58:03,194 | INFO | Predicting employee index 1286...
2026-03-04 16:58:03,194 | ERROR | Error processing employee 1286: [Errno 2] No such file or directory: 'employee_attrition_model.pkl'
2026-03-04 16:58:03,194 | INFO | Predicting employee index 1287...
2026-03-04 16:58:03,194 | ERROR | Error processing employee 1287: [Errno 2] No such file or directory: 'employee_attrition_model.pkl'
2026-03-04 16:58:03,194 | INFO | Predicting employee index 1288...
2026-03-04 16:58:03,194 | ERROR | Error processing employee 1288: [Errno 2] No such file or directory: 'employee_attrition_model.pkl'
2026-03-04 16:58:03,194 | INFO | Predicting employee index 1289...
2026-03-04 16:58:03,194 | ERROR | Error processing employee 1289: [Errno 2] No such file or directory: 'employee_attrition_model.pkl'
2026-03-04 16:58:03,195 | INFO | Predicting employee index 1290...
2026-03-04 16:58:03,195 | ERROR | Error processing employee 1290: [Errno 2] No such file or directory: 'employee_attrition_model.pkl'
2026-03-04 16:58:03,195 | INFO | Predicting employee index 1291...
2026-03-04 16:58:03,195 | ERROR | Error processing employee 1291: [Errno 2] No such file or directory: 'employee_attrition_model.pkl'
2026-03-04 16:58:03,195 | INFO | Predicting employee index 1292...
2026-03-04 16:58:03,196 | ERROR | Error processing employee 1292: [Errno 2] No such file or directory: 'employee_attrition_model.pkl'
2026-03-04 16:58:03,196 | INFO | Predicting employee index 1293...
2026-03-04 16:58:03,196 | ERROR | Error processing employee 1293: [Errno 2] No such file or directory: 'employee_attrition_model.pkl'
2026-03-04 16:58:03,196 | INFO | Predicting employee index 1294...
2026-03-04 16:58:03,196 | ERROR | Error processing employee 1294: [Errno 2] No such file or directory: 'employee_attrition_model.pkl'
2026-03-04 16:58:03,197 | INFO | Predicting employee index 1295...
2026-03-04 16:58:03,197 | ERROR | Error processing employee 1295: [Errno 2] No such file or directory: 'employee_attrition_model.pkl'
2026-03-04 16:58:03,197 | INFO | Predicting employee index 1296...
2026-03-04 16:58:03,197 | ERROR | Error processing employee 1296: [Errno 2] No such file or directory: 'employee_attrition_model.pkl'
2026-03-04 16:58:03,198 | INFO | Predicting employee index 1297...
2026-03-04 16:58:03,198 | ERROR | Error processing employee 1297: [Errno 2] No such file or directory: 'employee_attrition_model.pkl'
2026-03-04 16:58:03,198 | INFO | Predicting employee index 1298...
2026-03-04 16:58:03,198 | ERROR | Error processing employee 1298: [Errno 2] No such file or directory: 'employee_attrition_model.pkl'
2026-03-04 16:58:03,199 | INFO | Predicting employee index 1299...
2026-03-04 16:58:03,199 | ERROR | Error processing employee 1299: [Errno 2] No such file or directory: 'employee_attrition_model.pkl'
2026-03-04 16:58:03,200 | INFO | Predicting employee index 1300...
2026-03-04 16:58:03,200 | ERROR | Error processing employee 1300: [Errno 2] No such file or directory: 'employee_attrition_model.pkl'
2026-03-04 16:58:03,200 | INFO | Predicting employee index 1301...
2026-03-04 16:58:03,200 | ERROR | Error processing employee 1301: [Errno 2] No such file or directory: 'employee_attrition_model.pkl'
2026-03-04 16:58:03,201 | INFO | Predicting employee index 1302...
2026-03-04 16:58:03,201 | ERROR | Error processing employee 1302: [Errno 2] No such file or directory: 'employee_attrition_model.pkl'
2026-03-04 16:58:03,201 | INFO | Predicting employee index 1303...
2026-03-04 16:58:03,201 | ERROR | Error processing employee 1303: [Errno 2] No such file or directory: 'employee_attrition_model.pkl'
2026-03-04 16:58:03,201 | INFO | Predicting employee index 1304...
2026-03-04 16:58:03,201 | ERROR | Error processing employee 1304: [Errno 2] No such file or directory: 'employee_attrition_model.pkl'
2026-03-04 16:58:03,201 | INFO | Predicting employee index 1305...
2026-03-04 16:58:03,201 | ERROR | Error processing employee 1305: [Errno 2] No such file or directory: 'employee_attrition_model.pkl'
2026-03-04 16:58:03,210 | INFO | Predicting employee index 1306...
2026-03-04 16:58:03,210 | ERROR | Error processing employee 1306: [Errno 2] No such file or directory: 'employee_attrition_model.pkl'
2026-03-04 16:58:03,211 | INFO | Predicting employee index 1307...
2026-03-04 16:58:03,211 | ERROR | Error processing employee 1307: [Errno 2] No such file or directory: 'employee_attrition_model.pkl'
2026-03-04 16:58:03,211 | INFO | Predicting employee index 1308...
2026-03-04 16:58:03,211 | ERROR | Error processing employee 1308: [Errno 2] No such file or directory: 'employee_attrition_model.pkl'
2026-03-04 16:58:03,211 | INFO | Predicting employee index 1309...
2026-03-04 16:58:03,211 | ERROR | Error processing employee 1309: [Errno 2] No such file or directory: 'employee_attrition_model.pkl'
2026-03-04 16:58:03,211 | INFO | Predicting employee index 1310...
2026-03-04 16:58:03,211 | ERROR | Error processing employee 1310: [Errno 2] No such file or directory: 'employee_attrition_model.pkl'
2026-03-04 16:58:03,211 | INFO | Predicting employee index 1311...
2026-03-04 16:58:03,212 | ERROR | Error processing employee 1311: [Errno 2] No such file or directory: 'employee_attrition_model.pkl'
2026-03-04 16:58:03,212 | INFO | Predicting employee index 1312...
2026-03-04 16:58:03,212 | ERROR | Error processing employee 1312: [Errno 2] No such file or directory: 'employee_attrition_model.pkl'
2026-03-04 16:58:03,212 | INFO | Predicting employee index 1313...
2026-03-04 16:58:03,212 | ERROR | Error processing employee 1313: [Errno 2] No such file or directory: 'employee_attrition_model.pkl'
2026-03-04 16:58:03,212 | INFO | Predicting employee index 1314...
2026-03-04 16:58:03,213 | ERROR | Error processing employee 1314: [Errno 2] No such file or directory: 'employee_attrition_model.pkl'
2026-03-04 16:58:03,213 | INFO | Predicting employee index 1315...
2026-03-04 16:58:03,213 | ERROR | Error processing employee 1315: [Errno 2] No such file or directory: 'employee_attrition_model.pkl'
2026-03-04 16:58:03,213 | INFO | Predicting employee index 1316...
2026-03-04 16:58:03,213 | ERROR | Error processing employee 1316: [Errno 2] No such file or directory: 'employee_attrition_model.pkl'
2026-03-04 16:58:03,214 | INFO | Predicting employee index 1317...
2026-03-04 16:58:03,214 | ERROR | Error processing employee 1317: [Errno 2] No such file or directory: 'employee_attrition_model.pkl'
2026-03-04 16:58:03,214 | INFO | Predicting employee index 1318...
2026-03-04 16:58:03,214 | ERROR | Error processing employee 1318: [Errno 2] No such file or directory: 'employee_attrition_model.pkl'
2026-03-04 16:58:03,215 | INFO | Predicting employee index 1319...
2026-03-04 16:58:03,215 | ERROR | Error processing employee 1319: [Errno 2] No such file or directory: 'employee_attrition_model.pkl'
2026-03-04 16:58:03,215 | INFO | Predicting employee index 1320...
2026-03-04 16:58:03,216 | ERROR | Error processing employee 1320: [Errno 2] No such file or directory: 'employee_attrition_model.pkl'
2026-03-04 16:58:03,216 | INFO | Predicting employee index 1321...
2026-03-04 16:58:03,216 | ERROR | Error processing employee 1321: [Errno 2] No such file or directory: 'employee_attrition_model.pkl'
2026-03-04 16:58:03,216 | INFO | Predicting employee index 1322...
2026-03-04 16:58:03,217 | ERROR | Error processing employee 1322: [Errno 2] No such file or directory: 'employee_attrition_model.pkl'
2026-03-04 16:58:03,217 | INFO | Predicting employee index 1323...
2026-03-04 16:58:03,217 | ERROR | Error processing employee 1323: [Errno 2] No such file or directory: 'employee_attrition_model.pkl'
2026-03-04 16:58:03,217 | INFO | Predicting employee index 1324...
2026-03-04 16:58:03,218 | ERROR | Error processing employee 1324: [Errno 2] No such file or directory: 'employee_attrition_model.pkl'
2026-03-04 16:58:03,218 | INFO | Predicting employee index 1325...
2026-03-04 16:58:03,218 | ERROR | Error processing employee 1325: [Errno 2] No such file or directory: 'employee_attrition_model.pkl'
2026-03-04 16:58:03,218 | INFO | Predicting employee index 1326...
2026-03-04 16:58:03,225 | ERROR | Error processing employee 1326: [Errno 2] No such file or directory: 'employee_attrition_model.pkl'
2026-03-04 16:58:03,225 | INFO | Predicting employee index 1327...
2026-03-04 16:58:03,225 | ERROR | Error processing employee 1327: [Errno 2] No such file or directory: 'employee_attrition_model.pkl'
2026-03-04 16:58:03,225 | INFO | Predicting employee index 1328...
2026-03-04 16:58:03,225 | ERROR | Error processing employee 1328: [Errno 2] No such file or directory: 'employee_attrition_model.pkl'
2026-03-04 16:58:03,226 | INFO | Predicting employee index 1329...
2026-03-04 16:58:03,226 | ERROR | Error processing employee 1329: [Errno 2] No such file or directory: 'employee_attrition_model.pkl'
2026-03-04 16:58:03,226 | INFO | Predicting employee index 1330...
2026-03-04 16:58:03,226 | ERROR | Error processing employee 1330: [Errno 2] No such file or directory: 'employee_attrition_model.pkl'
2026-03-04 16:58:03,226 | INFO | Predicting employee index 1331...
2026-03-04 16:58:03,226 | ERROR | Error processing employee 1331: [Errno 2] No such file or directory: 'employee_attrition_model.pkl'
2026-03-04 16:58:03,226 | INFO | Predicting employee index 1332...
2026-03-04 16:58:03,226 | ERROR | Error processing employee 1332: [Errno 2] No such file or directory: 'employee_attrition_model.pkl'
2026-03-04 16:58:03,226 | INFO | Predicting employee index 1333...
2026-03-04 16:58:03,226 | ERROR | Error processing employee 1333: [Errno 2] No such file or directory: 'employee_attrition_model.pkl'
2026-03-04 16:58:03,226 | INFO | Predicting employee index 1334...
2026-03-04 16:58:03,226 | ERROR | Error processing employee 1334: [Errno 2] No such file or directory: 'employee_attrition_model.pkl'
2026-03-04 16:58:03,226 | INFO | Predicting employee index 1335...
2026-03-04 16:58:03,226 | ERROR | Error processing employee 1335: [Errno 2] No such file or directory: 'employee_attrition_model.pkl'
2026-03-04 16:58:03,227 | INFO | Predicting employee index 1336...
2026-03-04 16:58:03,227 | ERROR | Error processing employee 1336: [Errno 2] No such file or directory: 'employee_attrition_model.pkl'
2026-03-04 16:58:03,227 | INFO | Predicting employee index 1337...
2026-03-04 16:58:03,227 | ERROR | Error processing employee 1337: [Errno 2] No such file or directory: 'employee_attrition_model.pkl'
2026-03-04 16:58:03,227 | INFO | Predicting employee index 1338...
2026-03-04 16:58:03,228 | ERROR | Error processing employee 1338: [Errno 2] No such file or directory: 'employee_attrition_model.pkl'
2026-03-04 16:58:03,228 | INFO | Predicting employee index 1339...
2026-03-04 16:58:03,228 | ERROR | Error processing employee 1339: [Errno 2] No such file or directory: 'employee_attrition_model.pkl'
2026-03-04 16:58:03,228 | INFO | Predicting employee index 1340...
2026-03-04 16:58:03,228 | ERROR | Error processing employee 1340: [Errno 2] No such file or directory: 'employee_attrition_model.pkl'
2026-03-04 16:58:03,228 | INFO | Predicting employee index 1341...
2026-03-04 16:58:03,229 | ERROR | Error processing employee 1341: [Errno 2] No such file or directory: 'employee_attrition_model.pkl'
2026-03-04 16:58:03,229 | INFO | Predicting employee index 1342...
2026-03-04 16:58:03,229 | ERROR | Error processing employee 1342: [Errno 2] No such file or directory: 'employee_attrition_model.pkl'
2026-03-04 16:58:03,230 | INFO | Predicting employee index 1343...
2026-03-04 16:58:03,230 | ERROR | Error processing employee 1343: [Errno 2] No such file or directory: 'employee_attrition_model.pkl'
2026-03-04 16:58:03,230 | INFO | Predicting employee index 1344...
2026-03-04 16:58:03,230 | ERROR | Error processing employee 1344: [Errno 2] No such file or directory: 'employee_attrition_model.pkl'
2026-03-04 16:58:03,230 | INFO | Predicting employee index 1345...
2026-03-04 16:58:03,230 | ERROR | Error processing employee 1345: [Errno 2] No such file or directory: 'employee_attrition_model.pkl'
2026-03-04 16:58:03,231 | INFO | Predicting employee index 1346...
2026-03-04 16:58:03,231 | ERROR | Error processing employee 1346: [Errno 2] No such file or directory: 'employee_attrition_model.pkl'
2026-03-04 16:58:03,242 | INFO | Predicting employee index 1347...
2026-03-04 16:58:03,242 | ERROR | Error processing employee 1347: [Errno 2] No such file or directory: 'employee_attrition_model.pkl'
2026-03-04 16:58:03,242 | INFO | Predicting employee index 1348...
2026-03-04 16:58:03,242 | ERROR | Error processing employee 1348: [Errno 2] No such file or directory: 'employee_attrition_model.pkl'
2026-03-04 16:58:03,243 | INFO | Predicting employee index 1349...
2026-03-04 16:58:03,243 | ERROR | Error processing employee 1349: [Errno 2] No such file or directory: 'employee_attrition_model.pkl'
2026-03-04 16:58:03,243 | INFO | Predicting employee index 1350...
2026-03-04 16:58:03,243 | ERROR | Error processing employee 1350: [Errno 2] No such file or directory: 'employee_attrition_model.pkl'
2026-03-04 16:58:03,244 | INFO | Predicting employee index 1351...
2026-03-04 16:58:03,244 | ERROR | Error processing employee 1351: [Errno 2] No such file or directory: 'employee_attrition_model.pkl'
2026-03-04 16:58:03,244 | INFO | Predicting employee index 1352...
2026-03-04 16:58:03,244 | ERROR | Error processing employee 1352: [Errno 2] No such file or directory: 'employee_attrition_model.pkl'
2026-03-04 16:58:03,244 | INFO | Predicting employee index 1353...
2026-03-04 16:58:03,244 | ERROR | Error processing employee 1353: [Errno 2] No such file or directory: 'employee_attrition_model.pkl'
2026-03-04 16:58:03,244 | INFO | Predicting employee index 1354...
2026-03-04 16:58:03,245 | ERROR | Error processing employee 1354: [Errno 2] No such file or directory: 'employee_attrition_model.pkl'
2026-03-04 16:58:03,245 | INFO | Predicting employee index 1355...
2026-03-04 16:58:03,245 | ERROR | Error processing employee 1355: [Errno 2] No such file or directory: 'employee_attrition_model.pkl'
2026-03-04 16:58:03,245 | INFO | Predicting employee index 1356...
2026-03-04 16:58:03,245 | ERROR | Error processing employee 1356: [Errno 2] No such file or directory: 'employee_attrition_model.pkl'
2026-03-04 16:58:03,245 | INFO | Predicting employee index 1357...
2026-03-04 16:58:03,245 | ERROR | Error processing employee 1357: [Errno 2] No such file or directory: 'employee_attrition_model.pkl'
2026-03-04 16:58:03,245 | INFO | Predicting employee index 1358...
2026-03-04 16:58:03,245 | ERROR | Error processing employee 1358: [Errno 2] No such file or directory: 'employee_attrition_model.pkl'
2026-03-04 16:58:03,245 | INFO | Predicting employee index 1359...
2026-03-04 16:58:03,245 | ERROR | Error processing employee 1359: [Errno 2] No such file or directory: 'employee_attrition_model.pkl'
2026-03-04 16:58:03,245 | INFO | Predicting employee index 1360...
2026-03-04 16:58:03,245 | ERROR | Error processing employee 1360: [Errno 2] No such file or directory: 'employee_attrition_model.pkl'
2026-03-04 16:58:03,245 | INFO | Predicting employee index 1361...
2026-03-04 16:58:03,245 | ERROR | Error processing employee 1361: [Errno 2] No such file or directory: 'employee_attrition_model.pkl'
2026-03-04 16:58:03,245 | INFO | Predicting employee index 1362...
2026-03-04 16:58:03,245 | ERROR | Error processing employee 1362: [Errno 2] No such file or directory: 'employee_attrition_model.pkl'
2026-03-04 16:58:03,245 | INFO | Predicting employee index 1363...
2026-03-04 16:58:03,246 | ERROR | Error processing employee 1363: [Errno 2] No such file or directory: 'employee_attrition_model.pkl'
2026-03-04 16:58:03,246 | INFO | Predicting employee index 1364...
2026-03-04 16:58:03,246 | ERROR | Error processing employee 1364: [Errno 2] No such file or directory: 'employee_attrition_model.pkl'
2026-03-04 16:58:03,246 | INFO | Predicting employee index 1365...
2026-03-04 16:58:03,246 | ERROR | Error processing employee 1365: [Errno 2] No such file or directory: 'employee_attrition_model.pkl'
2026-03-04 16:58:03,246 | INFO | Predicting employee index 1366...
2026-03-04 16:58:03,246 | ERROR | Error processing employee 1366: [Errno 2] No such file or directory: 'employee_attrition_model.pkl'
2026-03-04 16:58:03,247 | INFO | Predicting employee index 1367...
2026-03-04 16:58:03,258 | ERROR | Error processing employee 1367: [Errno 2] No such file or directory: 'employee_attrition_model.pkl'
2026-03-04 16:58:03,259 | INFO | Predicting employee index 1368...
2026-03-04 16:58:03,259 | ERROR | Error processing employee 1368: [Errno 2] No such file or directory: 'employee_attrition_model.pkl'
2026-03-04 16:58:03,259 | INFO | Predicting employee index 1369...
2026-03-04 16:58:03,260 | ERROR | Error processing employee 1369: [Errno 2] No such file or directory: 'employee_attrition_model.pkl'
2026-03-04 16:58:03,260 | INFO | Predicting employee index 1370...
2026-03-04 16:58:03,260 | ERROR | Error processing employee 1370: [Errno 2] No such file or directory: 'employee_attrition_model.pkl'
2026-03-04 16:58:03,260 | INFO | Predicting employee index 1371...
2026-03-04 16:58:03,260 | ERROR | Error processing employee 1371: [Errno 2] No such file or directory: 'employee_attrition_model.pkl'
2026-03-04 16:58:03,261 | INFO | Predicting employee index 1372...
2026-03-04 16:58:03,261 | ERROR | Error processing employee 1372: [Errno 2] No such file or directory: 'employee_attrition_model.pkl'
2026-03-04 16:58:03,261 | INFO | Predicting employee index 1373...
2026-03-04 16:58:03,261 | ERROR | Error processing employee 1373: [Errno 2] No such file or directory: 'employee_attrition_model.pkl'
2026-03-04 16:58:03,261 | INFO | Predicting employee index 1374...
2026-03-04 16:58:03,261 | ERROR | Error processing employee 1374: [Errno 2] No such file or directory: 'employee_attrition_model.pkl'
2026-03-04 16:58:03,262 | INFO | Predicting employee index 1375...
2026-03-04 16:58:03,262 | ERROR | Error processing employee 1375: [Errno 2] No such file or directory: 'employee_attrition_model.pkl'
2026-03-04 16:58:03,262 | INFO | Predicting employee index 1376...
2026-03-04 16:58:03,262 | ERROR | Error processing employee 1376: [Errno 2] No such file or directory: 'employee_attrition_model.pkl'
2026-03-04 16:58:03,262 | INFO | Predicting employee index 1377...
2026-03-04 16:58:03,263 | ERROR | Error processing employee 1377: [Errno 2] No such file or directory: 'employee_attrition_model.pkl'
2026-03-04 16:58:03,263 | INFO | Predicting employee index 1378...
2026-03-04 16:58:03,263 | ERROR | Error processing employee 1378: [Errno 2] No such file or directory: 'employee_attrition_model.pkl'
2026-03-04 16:58:03,263 | INFO | Predicting employee index 1379...
2026-03-04 16:58:03,263 | ERROR | Error processing employee 1379: [Errno 2] No such file or directory: 'employee_attrition_model.pkl'
2026-03-04 16:58:03,263 | INFO | Predicting employee index 1380...
2026-03-04 16:58:03,263 | ERROR | Error processing employee 1380: [Errno 2] No such file or directory: 'employee_attrition_model.pkl'
2026-03-04 16:58:03,264 | INFO | Predicting employee index 1381...
2026-03-04 16:58:03,264 | ERROR | Error processing employee 1381: [Errno 2] No such file or directory: 'employee_attrition_model.pkl'
2026-03-04 16:58:03,264 | INFO | Predicting employee index 1382...
2026-03-04 16:58:03,265 | ERROR | Error processing employee 1382: [Errno 2] No such file or directory: 'employee_attrition_model.pkl'
2026-03-04 16:58:03,265 | INFO | Predicting employee index 1383...
2026-03-04 16:58:03,265 | ERROR | Error processing employee 1383: [Errno 2] No such file or directory: 'employee_attrition_model.pkl'
2026-03-04 16:58:03,265 | INFO | Predicting employee index 1384...
2026-03-04 16:58:03,265 | ERROR | Error processing employee 1384: [Errno 2] No such file or directory: 'employee_attrition_model.pkl'
2026-03-04 16:58:03,265 | INFO | Predicting employee index 1385...
2026-03-04 16:58:03,266 | ERROR | Error processing employee 1385: [Errno 2] No such file or directory: 'employee_attrition_model.pkl'
2026-03-04 16:58:03,266 | INFO | Predicting employee index 1386...
2026-03-04 16:58:03,266 | ERROR | Error processing employee 1386: [Errno 2] No such file or directory: 'employee_attrition_model.pkl'
2026-03-04 16:58:03,266 | INFO | Predicting employee index 1387...
2026-03-04 16:58:03,266 | ERROR | Error processing employee 1387: [Errno 2] No such file or directory: 'employee_attrition_model.pkl'
2026-03-04 16:58:03,272 | INFO | Predicting employee index 1388...
2026-03-04 16:58:03,272 | ERROR | Error processing employee 1388: [Errno 2] No such file or directory: 'employee_attrition_model.pkl'
2026-03-04 16:58:03,272 | INFO | Predicting employee index 1389...
2026-03-04 16:58:03,272 | ERROR | Error processing employee 1389: [Errno 2] No such file or directory: 'employee_attrition_model.pkl'
2026-03-04 16:58:03,274 | INFO | Predicting employee index 1390...
2026-03-04 16:58:03,274 | ERROR | Error processing employee 1390: [Errno 2] No such file or directory: 'employee_attrition_model.pkl'
2026-03-04 16:58:03,274 | INFO | Predicting employee index 1391...
2026-03-04 16:58:03,274 | ERROR | Error processing employee 1391: [Errno 2] No such file or directory: 'employee_attrition_model.pkl'
2026-03-04 16:58:03,274 | INFO | Predicting employee index 1392...
2026-03-04 16:58:03,274 | ERROR | Error processing employee 1392: [Errno 2] No such file or directory: 'employee_attrition_model.pkl'
2026-03-04 16:58:03,274 | INFO | Predicting employee index 1393...
2026-03-04 16:58:03,275 | ERROR | Error processing employee 1393: [Errno 2] No such file or directory: 'employee_attrition_model.pkl'
2026-03-04 16:58:03,275 | INFO | Predicting employee index 1394...
2026-03-04 16:58:03,275 | ERROR | Error processing employee 1394: [Errno 2] No such file or directory: 'employee_attrition_model.pkl'
2026-03-04 16:58:03,275 | INFO | Predicting employee index 1395...
2026-03-04 16:58:03,275 | ERROR | Error processing employee 1395: [Errno 2] No such file or directory: 'employee_attrition_model.pkl'
2026-03-04 16:58:03,275 | INFO | Predicting employee index 1396...
2026-03-04 16:58:03,276 | ERROR | Error processing employee 1396: [Errno 2] No such file or directory: 'employee_attrition_model.pkl'
2026-03-04 16:58:03,276 | INFO | Predicting employee index 1397...
2026-03-04 16:58:03,276 | ERROR | Error processing employee 1397: [Errno 2] No such file or directory: 'employee_attrition_model.pkl'
2026-03-04 16:58:03,276 | INFO | Predicting employee index 1398...
2026-03-04 16:58:03,276 | ERROR | Error processing employee 1398: [Errno 2] No such file or directory: 'employee_attrition_model.pkl'
2026-03-04 16:58:03,276 | INFO | Predicting employee index 1399...
2026-03-04 16:58:03,277 | ERROR | Error processing employee 1399: [Errno 2] No such file or directory: 'employee_attrition_model.pkl'
2026-03-04 16:58:03,277 | INFO | Predicting employee index 1400...
2026-03-04 16:58:03,277 | ERROR | Error processing employee 1400: [Errno 2] No such file or directory: 'employee_attrition_model.pkl'
2026-03-04 16:58:03,277 | INFO | Predicting employee index 1401...
2026-03-04 16:58:03,277 | ERROR | Error processing employee 1401: [Errno 2] No such file or directory: 'employee_attrition_model.pkl'
2026-03-04 16:58:03,277 | INFO | Predicting employee index 1402...
2026-03-04 16:58:03,278 | ERROR | Error processing employee 1402: [Errno 2] No such file or directory: 'employee_attrition_model.pkl'
2026-03-04 16:58:03,278 | INFO | Predicting employee index 1403...
2026-03-04 16:58:03,278 | ERROR | Error processing employee 1403: [Errno 2] No such file or directory: 'employee_attrition_model.pkl'
2026-03-04 16:58:03,278 | INFO | Predicting employee index 1404...
2026-03-04 16:58:03,278 | ERROR | Error processing employee 1404: [Errno 2] No such file or directory: 'employee_attrition_model.pkl'
2026-03-04 16:58:03,279 | INFO | Predicting employee index 1405...
2026-03-04 16:58:03,279 | ERROR | Error processing employee 1405: [Errno 2] No such file or directory: 'employee_attrition_model.pkl'
2026-03-04 16:58:03,279 | INFO | Predicting employee index 1406...
2026-03-04 16:58:03,279 | ERROR | Error processing employee 1406: [Errno 2] No such file or directory: 'employee_attrition_model.pkl'
2026-03-04 16:58:03,279 | INFO | Predicting employee index 1407...
2026-03-04 16:58:03,280 | ERROR | Error processing employee 1407: [Errno 2] No such file or directory: 'employee_attrition_model.pkl'
2026-03-04 16:58:03,280 | INFO | Predicting employee index 1408...
2026-03-04 16:58:03,288 | ERROR | Error processing employee 1408: [Errno 2] No such file or directory: 'employee_attrition_model.pkl'
2026-03-04 16:58:03,288 | INFO | Predicting employee index 1409...
2026-03-04 16:58:03,288 | ERROR | Error processing employee 1409: [Errno 2] No such file or directory: 'employee_attrition_model.pkl'
2026-03-04 16:58:03,288 | INFO | Predicting employee index 1410...
2026-03-04 16:58:03,290 | ERROR | Error processing employee 1410: [Errno 2] No such file or directory: 'employee_attrition_model.pkl'
2026-03-04 16:58:03,290 | INFO | Predicting employee index 1411...
2026-03-04 16:58:03,290 | ERROR | Error processing employee 1411: [Errno 2] No such file or directory: 'employee_attrition_model.pkl'
2026-03-04 16:58:03,290 | INFO | Predicting employee index 1412...
2026-03-04 16:58:03,290 | ERROR | Error processing employee 1412: [Errno 2] No such file or directory: 'employee_attrition_model.pkl'
2026-03-04 16:58:03,290 | INFO | Predicting employee index 1413...
2026-03-04 16:58:03,290 | ERROR | Error processing employee 1413: [Errno 2] No such file or directory: 'employee_attrition_model.pkl'
2026-03-04 16:58:03,291 | INFO | Predicting employee index 1414...
2026-03-04 16:58:03,291 | ERROR | Error processing employee 1414: [Errno 2] No such file or directory: 'employee_attrition_model.pkl'
2026-03-04 16:58:03,291 | INFO | Predicting employee index 1415...
2026-03-04 16:58:03,291 | ERROR | Error processing employee 1415: [Errno 2] No such file or directory: 'employee_attrition_model.pkl'
2026-03-04 16:58:03,291 | INFO | Predicting employee index 1416...
2026-03-04 16:58:03,291 | ERROR | Error processing employee 1416: [Errno 2] No such file or directory: 'employee_attrition_model.pkl'
2026-03-04 16:58:03,292 | INFO | Predicting employee index 1417...
2026-03-04 16:58:03,292 | ERROR | Error processing employee 1417: [Errno 2] No such file or directory: 'employee_attrition_model.pkl'
2026-03-04 16:58:03,292 | INFO | Predicting employee index 1418...
2026-03-04 16:58:03,292 | ERROR | Error processing employee 1418: [Errno 2] No such file or directory: 'employee_attrition_model.pkl'
2026-03-04 16:58:03,293 | INFO | Predicting employee index 1419...
2026-03-04 16:58:03,293 | ERROR | Error processing employee 1419: [Errno 2] No such file or directory: 'employee_attrition_model.pkl'
2026-03-04 16:58:03,293 | INFO | Predicting employee index 1420...
2026-03-04 16:58:03,293 | ERROR | Error processing employee 1420: [Errno 2] No such file or directory: 'employee_attrition_model.pkl'
2026-03-04 16:58:03,294 | INFO | Predicting employee index 1421...
2026-03-04 16:58:03,294 | ERROR | Error processing employee 1421: [Errno 2] No such file or directory: 'employee_attrition_model.pkl'
2026-03-04 16:58:03,294 | INFO | Predicting employee index 1422...
2026-03-04 16:58:03,294 | ERROR | Error processing employee 1422: [Errno 2] No such file or directory: 'employee_attrition_model.pkl'
2026-03-04 16:58:03,294 | INFO | Predicting employee index 1423...
2026-03-04 16:58:03,294 | ERROR | Error processing employee 1423: [Errno 2] No such file or directory: 'employee_attrition_model.pkl'
2026-03-04 16:58:03,295 | INFO | Predicting employee index 1424...
2026-03-04 16:58:03,295 | ERROR | Error processing employee 1424: [Errno 2] No such file or directory: 'employee_attrition_model.pkl'
2026-03-04 16:58:03,295 | INFO | Predicting employee index 1425...
2026-03-04 16:58:03,295 | ERROR | Error processing employee 1425: [Errno 2] No such file or directory: 'employee_attrition_model.pkl'
2026-03-04 16:58:03,295 | INFO | Predicting employee index 1426...
2026-03-04 16:58:03,295 | ERROR | Error processing employee 1426: [Errno 2] No such file or directory: 'employee_attrition_model.pkl'
2026-03-04 16:58:03,296 | INFO | Predicting employee index 1427...
2026-03-04 16:58:03,296 | ERROR | Error processing employee 1427: [Errno 2] No such file or directory: 'employee_attrition_model.pkl'
2026-03-04 16:58:03,305 | INFO | Predicting employee index 1428...
2026-03-04 16:58:03,306 | ERROR | Error processing employee 1428: [Errno 2] No such file or directory: 'employee_attrition_model.pkl'
2026-03-04 16:58:03,307 | INFO | Predicting employee index 1429...
2026-03-04 16:58:03,324 | ERROR | Error processing employee 1429: [Errno 2] No such file or directory: 'employee_attrition_model.pkl'
2026-03-04 16:58:03,325 | INFO | Predicting employee index 1430...
2026-03-04 16:58:03,325 | ERROR | Error processing employee 1430: [Errno 2] No such file or directory: 'employee_attrition_model.pkl'
2026-03-04 16:58:03,325 | INFO | Predicting employee index 1431...
2026-03-04 16:58:03,325 | ERROR | Error processing employee 1431: [Errno 2] No such file or directory: 'employee_attrition_model.pkl'
2026-03-04 16:58:03,325 | INFO | Predicting employee index 1432...
2026-03-04 16:58:03,325 | ERROR | Error processing employee 1432: [Errno 2] No such file or directory: 'employee_attrition_model.pkl'
2026-03-04 16:58:03,325 | INFO | Predicting employee index 1433...
2026-03-04 16:58:03,325 | ERROR | Error processing employee 1433: [Errno 2] No such file or directory: 'employee_attrition_model.pkl'
2026-03-04 16:58:03,325 | INFO | Predicting employee index 1434...
2026-03-04 16:58:03,325 | ERROR | Error processing employee 1434: [Errno 2] No such file or directory: 'employee_attrition_model.pkl'
2026-03-04 16:58:03,325 | INFO | Predicting employee index 1435...
2026-03-04 16:58:03,325 | ERROR | Error processing employee 1435: [Errno 2] No such file or directory: 'employee_attrition_model.pkl'
2026-03-04 16:58:03,326 | INFO | Predicting employee index 1436...
2026-03-04 16:58:03,326 | ERROR | Error processing employee 1436: [Errno 2] No such file or directory: 'employee_attrition_model.pkl'
2026-03-04 16:58:03,326 | INFO | Predicting employee index 1437...
2026-03-04 16:58:03,326 | ERROR | Error processing employee 1437: [Errno 2] No such file or directory: 'employee_attrition_model.pkl'
2026-03-04 16:58:03,326 | INFO | Predicting employee index 1438...
2026-03-04 16:58:03,326 | ERROR | Error processing employee 1438: [Errno 2] No such file or directory: 'employee_attrition_model.pkl'
2026-03-04 16:58:03,326 | INFO | Predicting employee index 1439...
2026-03-04 16:58:03,326 | ERROR | Error processing employee 1439: [Errno 2] No such file or directory: 'employee_attrition_model.pkl'
2026-03-04 16:58:03,327 | INFO | Predicting employee index 1440...
2026-03-04 16:58:03,327 | ERROR | Error processing employee 1440: [Errno 2] No such file or directory: 'employee_attrition_model.pkl'
2026-03-04 16:58:03,327 | INFO | Predicting employee index 1441...
2026-03-04 16:58:03,327 | ERROR | Error processing employee 1441: [Errno 2] No such file or directory: 'employee_attrition_model.pkl'
2026-03-04 16:58:03,327 | INFO | Predicting employee index 1442...
2026-03-04 16:58:03,328 | ERROR | Error processing employee 1442: [Errno 2] No such file or directory: 'employee_attrition_model.pkl'
2026-03-04 16:58:03,328 | INFO | Predicting employee index 1443...
2026-03-04 16:58:03,328 | ERROR | Error processing employee 1443: [Errno 2] No such file or directory: 'employee_attrition_model.pkl'
2026-03-04 16:58:03,328 | INFO | Predicting employee index 1444...
2026-03-04 16:58:03,328 | ERROR | Error processing employee 1444: [Errno 2] No such file or directory: 'employee_attrition_model.pkl'
2026-03-04 16:58:03,329 | INFO | Predicting employee index 1445...
2026-03-04 16:58:03,329 | ERROR | Error processing employee 1445: [Errno 2] No such file or directory: 'employee_attrition_model.pkl'
2026-03-04 16:58:03,329 | INFO | Predicting employee index 1446...
2026-03-04 16:58:03,329 | ERROR | Error processing employee 1446: [Errno 2] No such file or directory: 'employee_attrition_model.pkl'
2026-03-04 16:58:03,329 | INFO | Predicting employee index 1447...
2026-03-04 16:58:03,330 | ERROR | Error processing employee 1447: [Errno 2] No such file or directory: 'employee_attrition_model.pkl'
2026-03-04 16:58:03,330 | INFO | Predicting employee index 1448...
2026-03-04 16:58:03,330 | ERROR | Error processing employee 1448: [Errno 2] No such file or directory: 'employee_attrition_model.pkl'
2026-03-04 16:58:03,330 | INFO | Predicting employee index 1449...
2026-03-04 16:58:03,330 | ERROR | Error processing employee 1449: [Errno 2] No such file or directory: 'employee_attrition_model.pkl'
2026-03-04 16:58:03,336 | INFO | Predicting employee index 1450...
2026-03-04 16:58:03,336 | ERROR | Error processing employee 1450: [Errno 2] No such file or directory: 'employee_attrition_model.pkl'
2026-03-04 16:58:03,337 | INFO | Predicting employee index 1451...
2026-03-04 16:58:03,337 | ERROR | Error processing employee 1451: [Errno 2] No such file or directory: 'employee_attrition_model.pkl'
2026-03-04 16:58:03,337 | INFO | Predicting employee index 1452...
2026-03-04 16:58:03,337 | ERROR | Error processing employee 1452: [Errno 2] No such file or directory: 'employee_attrition_model.pkl'
2026-03-04 16:58:03,337 | INFO | Predicting employee index 1453...
2026-03-04 16:58:03,337 | ERROR | Error processing employee 1453: [Errno 2] No such file or directory: 'employee_attrition_model.pkl'
2026-03-04 16:58:03,338 | INFO | Predicting employee index 1454...
2026-03-04 16:58:03,338 | ERROR | Error processing employee 1454: [Errno 2] No such file or directory: 'employee_attrition_model.pkl'
2026-03-04 16:58:03,338 | INFO | Predicting employee index 1455...
2026-03-04 16:58:03,338 | ERROR | Error processing employee 1455: [Errno 2] No such file or directory: 'employee_attrition_model.pkl'
2026-03-04 16:58:03,338 | INFO | Predicting employee index 1456...
2026-03-04 16:58:03,338 | ERROR | Error processing employee 1456: [Errno 2] No such file or directory: 'employee_attrition_model.pkl'
2026-03-04 16:58:03,339 | INFO | Predicting employee index 1457...
2026-03-04 16:58:03,339 | ERROR | Error processing employee 1457: [Errno 2] No such file or directory: 'employee_attrition_model.pkl'
2026-03-04 16:58:03,339 | INFO | Predicting employee index 1458...
2026-03-04 16:58:03,339 | ERROR | Error processing employee 1458: [Errno 2] No such file or directory: 'employee_attrition_model.pkl'
2026-03-04 16:58:03,339 | INFO | Predicting employee index 1459...
2026-03-04 16:58:03,339 | ERROR | Error processing employee 1459: [Errno 2] No such file or directory: 'employee_attrition_model.pkl'
2026-03-04 16:58:03,339 | INFO | Predicting employee index 1460...
2026-03-04 16:58:03,339 | ERROR | Error processing employee 1460: [Errno 2] No such file or directory: 'employee_attrition_model.pkl'
2026-03-04 16:58:03,340 | INFO | Predicting employee index 1461...
2026-03-04 16:58:03,340 | ERROR | Error processing employee 1461: [Errno 2] No such file or directory: 'employee_attrition_model.pkl'
2026-03-04 16:58:03,340 | INFO | Predicting employee index 1462...
2026-03-04 16:58:03,340 | ERROR | Error processing employee 1462: [Errno 2] No such file or directory: 'employee_attrition_model.pkl'
2026-03-04 16:58:03,340 | INFO | Predicting employee index 1463...
2026-03-04 16:58:03,340 | ERROR | Error processing employee 1463: [Errno 2] No such file or directory: 'employee_attrition_model.pkl'
2026-03-04 16:58:03,340 | INFO | Predicting employee index 1464...
2026-03-04 16:58:03,341 | ERROR | Error processing employee 1464: [Errno 2] No such file or directory: 'employee_attrition_model.pkl'
2026-03-04 16:58:03,341 | INFO | Predicting employee index 1465...
2026-03-04 16:58:03,341 | ERROR | Error processing employee 1465: [Errno 2] No such file or directory: 'employee_attrition_model.pkl'
2026-03-04 16:58:03,341 | INFO | Predicting employee index 1466...
2026-03-04 16:58:03,341 | ERROR | Error processing employee 1466: [Errno 2] No such file or directory: 'employee_attrition_model.pkl'
2026-03-04 16:58:03,341 | INFO | Predicting employee index 1467...
2026-03-04 16:58:03,341 | ERROR | Error processing employee 1467: [Errno 2] No such file or directory: 'employee_attrition_model.pkl'
2026-03-04 16:58:03,341 | INFO | Predicting employee index 1468...
2026-03-04 16:58:03,342 | ERROR | Error processing employee 1468: [Errno 2] No such file or directory: 'employee_attrition_model.pkl'
2026-03-04 16:58:03,342 | INFO | Predicting employee index 1469...
2026-03-04 16:58:03,342 | ERROR | Error processing employee 1469: [Errno 2] No such file or directory: 'employee_attrition_model.pkl'
2026-03-04 16:58:03,342 | INFO | Predicting employee index 1470...
2026-03-04 16:58:03,351 | ERROR | Error processing employee 1470: [Errno 2] No such file or directory: 'employee_attrition_model.pkl'
2026-03-04 16:58:03,351 | INFO | Predicting employee index 1471...
2026-03-04 16:58:03,352 | ERROR | Error processing employee 1471: [Errno 2] No such file or directory: 'employee_attrition_model.pkl'
2026-03-04 16:58:03,352 | INFO | Predicting employee index 1472...
2026-03-04 16:58:03,352 | ERROR | Error processing employee 1472: [Errno 2] No such file or directory: 'employee_attrition_model.pkl'
2026-03-04 16:58:03,352 | INFO | Predicting employee index 1473...
2026-03-04 16:58:03,352 | ERROR | Error processing employee 1473: [Errno 2] No such file or directory: 'employee_attrition_model.pkl'
2026-03-04 16:58:03,352 | INFO | Predicting employee index 1474...
2026-03-04 16:58:03,352 | ERROR | Error processing employee 1474: [Errno 2] No such file or directory: 'employee_attrition_model.pkl'
2026-03-04 16:58:03,352 | INFO | Predicting employee index 1475...
2026-03-04 16:58:03,352 | ERROR | Error processing employee 1475: [Errno 2] No such file or directory: 'employee_attrition_model.pkl'
2026-03-04 16:58:03,352 | INFO | Predicting employee index 1476...
2026-03-04 16:58:03,352 | ERROR | Error processing employee 1476: [Errno 2] No such file or directory: 'employee_attrition_model.pkl'
2026-03-04 16:58:03,352 | INFO | Predicting employee index 1477...
2026-03-04 16:58:03,352 | ERROR | Error processing employee 1477: [Errno 2] No such file or directory: 'employee_attrition_model.pkl'
2026-03-04 16:58:03,352 | INFO | Predicting employee index 1478...
2026-03-04 16:58:03,353 | ERROR | Error processing employee 1478: [Errno 2] No such file or directory: 'employee_attrition_model.pkl'
2026-03-04 16:58:03,353 | INFO | Predicting employee index 1479...
2026-03-04 16:58:03,353 | ERROR | Error processing employee 1479: [Errno 2] No such file or directory: 'employee_attrition_model.pkl'
2026-03-04 16:58:03,353 | INFO | Predicting employee index 1480...
2026-03-04 16:58:03,353 | ERROR | Error processing employee 1480: [Errno 2] No such file or directory: 'employee_attrition_model.pkl'
2026-03-04 16:58:03,354 | INFO | Predicting employee index 1481...
2026-03-04 16:58:03,354 | ERROR | Error processing employee 1481: [Errno 2] No such file or directory: 'employee_attrition_model.pkl'
2026-03-04 16:58:03,354 | INFO | Predicting employee index 1482...
2026-03-04 16:58:03,354 | ERROR | Error processing employee 1482: [Errno 2] No such file or directory: 'employee_attrition_model.pkl'
2026-03-04 16:58:03,354 | INFO | Predicting employee index 1483...
2026-03-04 16:58:03,354 | ERROR | Error processing employee 1483: [Errno 2] No such file or directory: 'employee_attrition_model.pkl'
2026-03-04 16:58:03,355 | INFO | Predicting employee index 1484...
2026-03-04 16:58:03,355 | ERROR | Error processing employee 1484: [Errno 2] No such file or directory: 'employee_attrition_model.pkl'
2026-03-04 16:58:03,355 | INFO | Predicting employee index 1485...
2026-03-04 16:58:03,355 | ERROR | Error processing employee 1485: [Errno 2] No such file or directory: 'employee_attrition_model.pkl'
2026-03-04 16:58:03,355 | INFO | Predicting employee index 1486...
2026-03-04 16:58:03,355 | ERROR | Error processing employee 1486: [Errno 2] No such file or directory: 'employee_attrition_model.pkl'
2026-03-04 16:58:03,355 | INFO | Predicting employee index 1487...
2026-03-04 16:58:03,355 | ERROR | Error processing employee 1487: [Errno 2] No such file or directory: 'employee_attrition_model.pkl'
2026-03-04 16:58:03,356 | INFO | Predicting employee index 1488...
2026-03-04 16:58:03,356 | ERROR | Error processing employee 1488: [Errno 2] No such file or directory: 'employee_attrition_model.pkl'
2026-03-04 16:58:03,356 | INFO | Predicting employee index 1489...
2026-03-04 16:58:03,356 | ERROR | Error processing employee 1489: [Errno 2] No such file or directory: 'employee_attrition_model.pkl'
2026-03-04 16:58:03,396 | ERROR | Batch prediction error: Column 'Risk_Score' has dtype object, cannot use method 'nlargest' with this dtype
2026-03-04 16:58:03,405 | INFO |  * Detected change in 'C:\\Users\\pavat\\Desktop\\MyFinal\\Lib\\Python38\\Lib\\site-packages\\pandas\\core\\frame.py', reloading
2026-03-04 16:58:03,422 | INFO |  * Detected change in 'C:\\Users\\pavat\\Desktop\\MyFinal\\Lib\\Python38\\Lib\\site-packages\\pandas\\core\\algorithms.py', reloading
2026-03-04 16:58:03,439 | ERROR | Traceback (most recent call last):
  File "C:\Users\pavat\Desktop\HRReactWeb_AppV26\HRReactWeb_AppV26\Employee_Retention\API.py", line 162, in predict_batch
    high_risk_df = df[df['Risk_Label'] == 'High Risk'].nlargest(5, 'Risk_Score') if 'Risk_Label' in df.columns else pd.DataFrame()
  File "C:\Users\pavat\Desktop\MyFinal\Lib\Python38\lib\site-packages\pandas\core\frame.py", line 7327, in nlargest
    return algorithms.SelectNFrame(self, n=n, keep=keep, columns=columns).nlargest()
  File "C:\Users\pavat\Desktop\MyFinal\Lib\Python38\lib\site-packages\pandas\core\algorithms.py", line 1273, in nlargest
    return self.compute("nlargest")
  File "C:\Users\pavat\Desktop\MyFinal\Lib\Python38\lib\site-packages\pandas\core\algorithms.py", line 1404, in compute
    raise TypeError(
TypeError: Column 'Risk_Score' has dtype object, cannot use method 'nlargest' with this dtype

2026-03-04 16:58:03,441 | INFO | 127.0.0.1 - - [04/Mar/2026 16:58:03] "[35m[1mPOST /api/predict/batch HTTP/1.1[0m" 500 -
2026-03-04 16:58:04,048 | INFO |  * Restarting with watchdog (windowsapi)
2026-03-04 16:58:05,996 | INFO | Starting Employee Attrition Prediction API...
2026-03-04 16:58:05,996 | INFO | Model path: employee_attrition_model.pkl
2026-03-04 16:58:06,004 | WARNING |  * Debugger is active!
2026-03-04 16:58:06,007 | INFO |  * Debugger PIN: 796-502-977
2026-03-04 16:58:08,169 | INFO | CSV loaded with 1490 rows and columns: ['EmployeeID', 'Age', 'Gender', 'MaritalStatus', 'Education', 'EducationField', 'Department', 'JobRole', 'JobLevel', 'YearsAtCompany', 'YearsInCurrentRole', 'YearsSinceLastPromotion', 'YearsWithCurrManager', 'MonthlyIncome', 'HourlyRate', 'DailyRate', 'PercentSalaryHike', 'DistanceFromHome', 'BusinessTravel', 'OverTime', 'NumCompaniesWorked', 'TotalWorkingYears', 'TrainingTimesLastYear', 'EnvironmentSatisfaction', 'JobSatisfaction', 'RelationshipSatisfaction', 'WorkLifeBalance', 'JobInvolvement', 'PerformanceRating', 'StockOptionLevel', 'Attrition', 'Over18', 'StandardHours']
2026-03-04 16:58:08,169 | INFO | Processing 1490 employees for attrition prediction...
2026-03-04 16:58:08,171 | INFO | Predicting employee index 0...
2026-03-04 16:58:08,171 | ERROR | Error processing employee 0: [Errno 2] No such file or directory: 'employee_attrition_model.pkl'
2026-03-04 16:58:08,171 | INFO | Predicting employee index 1...
2026-03-04 16:58:08,171 | ERROR | Error processing employee 1: [Errno 2] No such file or directory: 'employee_attrition_model.pkl'
2026-03-04 16:58:08,171 | INFO | Predicting employee index 2...
2026-03-04 16:58:08,171 | ERROR | Error processing employee 2: [Errno 2] No such file or directory: 'employee_attrition_model.pkl'
2026-03-04 16:58:08,172 | INFO | Predicting employee index 3...
2026-03-04 16:58:08,172 | ERROR | Error processing employee 3: [Errno 2] No such file or directory: 'employee_attrition_model.pkl'
2026-03-04 16:58:08,172 | INFO | Predicting employee index 4...
2026-03-04 16:58:08,172 | ERROR | Error processing employee 4: [Errno 2] No such file or directory: 'employee_attrition_model.pkl'
2026-03-04 16:58:08,172 | INFO | Predicting employee index 5...
2026-03-04 16:58:08,172 | ERROR | Error processing employee 5: [Errno 2] No such file or directory: 'employee_attrition_model.pkl'
2026-03-04 16:58:08,173 | INFO | Predicting employee index 6...
2026-03-04 16:58:08,173 | ERROR | Error processing employee 6: [Errno 2] No such file or directory: 'employee_attrition_model.pkl'
2026-03-04 16:58:08,173 | INFO | Predicting employee index 7...
2026-03-04 16:58:08,173 | ERROR | Error processing employee 7: [Errno 2] No such file or directory: 'employee_attrition_model.pkl'
2026-03-04 16:58:08,173 | INFO | Predicting employee index 8...
2026-03-04 16:58:08,173 | ERROR | Error processing employee 8: [Errno 2] No such file or directory: 'employee_attrition_model.pkl'
2026-03-04 16:58:08,174 | INFO | Predicting employee index 9...
2026-03-04 16:58:08,174 | ERROR | Error processing employee 9: [Errno 2] No such file or directory: 'employee_attrition_model.pkl'
2026-03-04 16:58:08,174 | INFO | Predicting employee index 10...
2026-03-04 16:58:08,174 | ERROR | Error processing employee 10: [Errno 2] No such file or directory: 'employee_attrition_model.pkl'
2026-03-04 16:58:08,174 | INFO | Predicting employee index 11...
2026-03-04 16:58:08,174 | ERROR | Error processing employee 11: [Errno 2] No such file or directory: 'employee_attrition_model.pkl'
2026-03-04 16:58:08,175 | INFO | Predicting employee index 12...
2026-03-04 16:58:08,175 | ERROR | Error processing employee 12: [Errno 2] No such file or directory: 'employee_attrition_model.pkl'
2026-03-04 16:58:08,175 | INFO | Predicting employee index 13...
2026-03-04 16:58:08,175 | ERROR | Error processing employee 13: [Errno 2] No such file or directory: 'employee_attrition_model.pkl'
2026-03-04 16:58:08,175 | INFO | Predicting employee index 14...
2026-03-04 16:58:08,175 | ERROR | Error processing employee 14: [Errno 2] No such file or directory: 'employee_attrition_model.pkl'
2026-03-04 16:58:08,176 | INFO | Predicting employee index 15...
2026-03-04 16:58:08,176 | ERROR | Error processing employee 15: [Errno 2] No such file or directory: 'employee_attrition_model.pkl'
2026-03-04 16:58:08,176 | INFO | Predicting employee index 16...
2026-03-04 16:58:08,176 | ERROR | Error processing employee 16: [Errno 2] No such file or directory: 'employee_attrition_model.pkl'
2026-03-04 16:58:08,176 | INFO | Predicting employee index 17...
2026-03-04 16:58:08,177 | ERROR | Error processing employee 17: [Errno 2] No such file or directory: 'employee_attrition_model.pkl'
2026-03-04 16:58:08,177 | INFO | Predicting employee index 18...
2026-03-04 16:58:08,177 | ERROR | Error processing employee 18: [Errno 2] No such file or directory: 'employee_attrition_model.pkl'
2026-03-04 16:58:08,177 | INFO | Predicting employee index 19...
2026-03-04 16:58:08,177 | ERROR | Error processing employee 19: [Errno 2] No such file or directory: 'employee_attrition_model.pkl'
2026-03-04 16:58:08,178 | INFO | Predicting employee index 20...
2026-03-04 16:58:08,178 | ERROR | Error processing employee 20: [Errno 2] No such file or directory: 'employee_attrition_model.pkl'
2026-03-04 16:58:08,178 | INFO | Predicting employee index 21...
2026-03-04 16:58:08,178 | ERROR | Error processing employee 21: [Errno 2] No such file or directory: 'employee_attrition_model.pkl'
2026-03-04 16:58:08,178 | INFO | Predicting employee index 22...
2026-03-04 16:58:08,178 | ERROR | Error processing employee 22: [Errno 2] No such file or directory: 'employee_attrition_model.pkl'
2026-03-04 16:58:08,179 | INFO | Predicting employee index 23...
2026-03-04 16:58:08,179 | ERROR | Error processing employee 23: [Errno 2] No such file or directory: 'employee_attrition_model.pkl'
2026-03-04 16:58:08,179 | INFO | Predicting employee index 24...
2026-03-04 16:58:08,179 | ERROR | Error processing employee 24: [Errno 2] No such file or directory: 'employee_attrition_model.pkl'
2026-03-04 16:58:08,179 | INFO | Predicting employee index 25...
2026-03-04 16:58:08,179 | ERROR | Error processing employee 25: [Errno 2] No such file or directory: 'employee_attrition_model.pkl'
2026-03-04 16:58:08,180 | INFO | Predicting employee index 26...
2026-03-04 16:58:08,180 | ERROR | Error processing employee 26: [Errno 2] No such file or directory: 'employee_attrition_model.pkl'
2026-03-04 16:58:08,180 | INFO | Predicting employee index 27...
2026-03-04 16:58:08,180 | ERROR | Error processing employee 27: [Errno 2] No such file or directory: 'employee_attrition_model.pkl'
2026-03-04 16:58:08,180 | INFO | Predicting employee index 28...
2026-03-04 16:58:08,180 | ERROR | Error processing employee 28: [Errno 2] No such file or directory: 'employee_attrition_model.pkl'
2026-03-04 16:58:08,180 | INFO | Predicting employee index 29...
2026-03-04 16:58:08,181 | ERROR | Error processing employee 29: [Errno 2] No such file or directory: 'employee_attrition_model.pkl'
2026-03-04 16:58:08,181 | INFO | Predicting employee index 30...
2026-03-04 16:58:08,181 | ERROR | Error processing employee 30: [Errno 2] No such file or directory: 'employee_attrition_model.pkl'
2026-03-04 16:58:08,181 | INFO | Predicting employee index 31...
2026-03-04 16:58:08,181 | ERROR | Error processing employee 31: [Errno 2] No such file or directory: 'employee_attrition_model.pkl'
2026-03-04 16:58:08,181 | INFO | Predicting employee index 32...
2026-03-04 16:58:08,182 | ERROR | Error processing employee 32: [Errno 2] No such file or directory: 'employee_attrition_model.pkl'
2026-03-04 16:58:08,182 | INFO | Predicting employee index 33...
2026-03-04 16:58:08,182 | ERROR | Error processing employee 33: [Errno 2] No such file or directory: 'employee_attrition_model.pkl'
2026-03-04 16:58:08,183 | INFO | Predicting employee index 34...
2026-03-04 16:58:08,183 | ERROR | Error processing employee 34: [Errno 2] No such file or directory: 'employee_attrition_model.pkl'
2026-03-04 16:58:08,183 | INFO | Predicting employee index 35...
2026-03-04 16:58:08,183 | ERROR | Error processing employee 35: [Errno 2] No such file or directory: 'employee_attrition_model.pkl'
2026-03-04 16:58:08,184 | INFO | Predicting employee index 36...
2026-03-04 16:58:08,184 | ERROR | Error processing employee 36: [Errno 2] No such file or directory: 'employee_attrition_model.pkl'
2026-03-04 16:58:08,184 | INFO | Predicting employee index 37...
2026-03-04 16:58:08,192 | ERROR | Error processing employee 37: [Errno 2] No such file or directory: 'employee_attrition_model.pkl'
2026-03-04 16:58:08,192 | INFO | Predicting employee index 38...
2026-03-04 16:58:08,192 | ERROR | Error processing employee 38: [Errno 2] No such file or directory: 'employee_attrition_model.pkl'
2026-03-04 16:58:08,192 | INFO | Predicting employee index 39...
2026-03-04 16:58:08,193 | ERROR | Error processing employee 39: [Errno 2] No such file or directory: 'employee_attrition_model.pkl'
2026-03-04 16:58:08,193 | INFO | Predicting employee index 40...
2026-03-04 16:58:08,193 | ERROR | Error processing employee 40: [Errno 2] No such file or directory: 'employee_attrition_model.pkl'
2026-03-04 16:58:08,193 | INFO | Predicting employee index 41...
2026-03-04 16:58:08,193 | ERROR | Error processing employee 41: [Errno 2] No such file or directory: 'employee_attrition_model.pkl'
2026-03-04 16:58:08,194 | INFO | Predicting employee index 42...
2026-03-04 16:58:08,194 | ERROR | Error processing employee 42: [Errno 2] No such file or directory: 'employee_attrition_model.pkl'
2026-03-04 16:58:08,194 | INFO | Predicting employee index 43...
2026-03-04 16:58:08,194 | ERROR | Error processing employee 43: [Errno 2] No such file or directory: 'employee_attrition_model.pkl'
2026-03-04 16:58:08,194 | INFO | Predicting employee index 44...
2026-03-04 16:58:08,194 | ERROR | Error processing employee 44: [Errno 2] No such file or directory: 'employee_attrition_model.pkl'
2026-03-04 16:58:08,194 | INFO | Predicting employee index 45...
2026-03-04 16:58:08,195 | ERROR | Error processing employee 45: [Errno 2] No such file or directory: 'employee_attrition_model.pkl'
2026-03-04 16:58:08,195 | INFO | Predicting employee index 46...
2026-03-04 16:58:08,195 | ERROR | Error processing employee 46: [Errno 2] No such file or directory: 'employee_attrition_model.pkl'
2026-03-04 16:58:08,195 | INFO | Predicting employee index 47...
2026-03-04 16:58:08,195 | ERROR | Error processing employee 47: [Errno 2] No such file or directory: 'employee_attrition_model.pkl'
2026-03-04 16:58:08,195 | INFO | Predicting employee index 48...
2026-03-04 16:58:08,196 | ERROR | Error processing employee 48: [Errno 2] No such file or directory: 'employee_attrition_model.pkl'
2026-03-04 16:58:08,196 | INFO | Predicting employee index 49...
2026-03-04 16:58:08,196 | ERROR | Error processing employee 49: [Errno 2] No such file or directory: 'employee_attrition_model.pkl'
2026-03-04 16:58:08,196 | INFO | Predicting employee index 50...
2026-03-04 16:58:08,196 | ERROR | Error processing employee 50: [Errno 2] No such file or directory: 'employee_attrition_model.pkl'
2026-03-04 16:58:08,196 | INFO | Predicting employee index 51...
2026-03-04 16:58:08,197 | ERROR | Error processing employee 51: [Errno 2] No such file or directory: 'employee_attrition_model.pkl'
2026-03-04 16:58:08,197 | INFO | Predicting employee index 52...
2026-03-04 16:58:08,197 | ERROR | Error processing employee 52: [Errno 2] No such file or directory: 'employee_attrition_model.pkl'
2026-03-04 16:58:08,197 | INFO | Predicting employee index 53...
2026-03-04 16:58:08,197 | ERROR | Error processing employee 53: [Errno 2] No such file or directory: 'employee_attrition_model.pkl'
2026-03-04 16:58:08,197 | INFO | Predicting employee index 54...
2026-03-04 16:58:08,198 | ERROR | Error processing employee 54: [Errno 2] No such file or directory: 'employee_attrition_model.pkl'
2026-03-04 16:58:08,198 | INFO | Predicting employee index 55...
2026-03-04 16:58:08,198 | ERROR | Error processing employee 55: [Errno 2] No such file or directory: 'employee_attrition_model.pkl'
2026-03-04 16:58:08,198 | INFO | Predicting employee index 56...
2026-03-04 16:58:08,198 | ERROR | Error processing employee 56: [Errno 2] No such file or directory: 'employee_attrition_model.pkl'
2026-03-04 16:58:08,198 | INFO | Predicting employee index 57...
2026-03-04 16:58:08,199 | ERROR | Error processing employee 57: [Errno 2] No such file or directory: 'employee_attrition_model.pkl'
2026-03-04 16:58:08,199 | INFO | Predicting employee index 58...
2026-03-04 16:58:08,208 | ERROR | Error processing employee 58: [Errno 2] No such file or directory: 'employee_attrition_model.pkl'
2026-03-04 16:58:08,208 | INFO | Predicting employee index 59...
2026-03-04 16:58:08,209 | ERROR | Error processing employee 59: [Errno 2] No such file or directory: 'employee_attrition_model.pkl'
2026-03-04 16:58:08,209 | INFO | Predicting employee index 60...
2026-03-04 16:58:08,209 | ERROR | Error processing employee 60: [Errno 2] No such file or directory: 'employee_attrition_model.pkl'
2026-03-04 16:58:08,209 | INFO | Predicting employee index 61...
2026-03-04 16:58:08,209 | ERROR | Error processing employee 61: [Errno 2] No such file or directory: 'employee_attrition_model.pkl'
2026-03-04 16:58:08,209 | INFO | Predicting employee index 62...
2026-03-04 16:58:08,210 | ERROR | Error processing employee 62: [Errno 2] No such file or directory: 'employee_attrition_model.pkl'
2026-03-04 16:58:08,210 | INFO | Predicting employee index 63...
2026-03-04 16:58:08,210 | ERROR | Error processing employee 63: [Errno 2] No such file or directory: 'employee_attrition_model.pkl'
2026-03-04 16:58:08,210 | INFO | Predicting employee index 64...
2026-03-04 16:58:08,210 | ERROR | Error processing employee 64: [Errno 2] No such file or directory: 'employee_attrition_model.pkl'
2026-03-04 16:58:08,210 | INFO | Predicting employee index 65...
2026-03-04 16:58:08,211 | ERROR | Error processing employee 65: [Errno 2] No such file or directory: 'employee_attrition_model.pkl'
2026-03-04 16:58:08,211 | INFO | Predicting employee index 66...
2026-03-04 16:58:08,211 | ERROR | Error processing employee 66: [Errno 2] No such file or directory: 'employee_attrition_model.pkl'
2026-03-04 16:58:08,211 | INFO | Predicting employee index 67...
2026-03-04 16:58:08,211 | ERROR | Error processing employee 67: [Errno 2] No such file or directory: 'employee_attrition_model.pkl'
2026-03-04 16:58:08,211 | INFO | Predicting employee index 68...
2026-03-04 16:58:08,211 | ERROR | Error processing employee 68: [Errno 2] No such file or directory: 'employee_attrition_model.pkl'
2026-03-04 16:58:08,212 | INFO | Predicting employee index 69...
2026-03-04 16:58:08,212 | ERROR | Error processing employee 69: [Errno 2] No such file or directory: 'employee_attrition_model.pkl'
2026-03-04 16:58:08,212 | INFO | Predicting employee index 70...
2026-03-04 16:58:08,212 | ERROR | Error processing employee 70: [Errno 2] No such file or directory: 'employee_attrition_model.pkl'
2026-03-04 16:58:08,212 | INFO | Predicting employee index 71...
2026-03-04 16:58:08,212 | ERROR | Error processing employee 71: [Errno 2] No such file or directory: 'employee_attrition_model.pkl'
2026-03-04 16:58:08,213 | INFO | Predicting employee index 72...
2026-03-04 16:58:08,213 | ERROR | Error processing employee 72: [Errno 2] No such file or directory: 'employee_attrition_model.pkl'
2026-03-04 16:58:08,213 | INFO | Predicting employee index 73...
2026-03-04 16:58:08,213 | ERROR | Error processing employee 73: [Errno 2] No such file or directory: 'employee_attrition_model.pkl'
2026-03-04 16:58:08,213 | INFO | Predicting employee index 74...
2026-03-04 16:58:08,213 | ERROR | Error processing employee 74: [Errno 2] No such file or directory: 'employee_attrition_model.pkl'
2026-03-04 16:58:08,214 | INFO | Predicting employee index 75...
2026-03-04 16:58:08,214 | ERROR | Error processing employee 75: [Errno 2] No such file or directory: 'employee_attrition_model.pkl'
2026-03-04 16:58:08,214 | INFO | Predicting employee index 76...
2026-03-04 16:58:08,214 | ERROR | Error processing employee 76: [Errno 2] No such file or directory: 'employee_attrition_model.pkl'
2026-03-04 16:58:08,214 | INFO | Predicting employee index 77...
2026-03-04 16:58:08,214 | ERROR | Error processing employee 77: [Errno 2] No such file or directory: 'employee_attrition_model.pkl'
2026-03-04 16:58:08,214 | INFO | Predicting employee index 78...
2026-03-04 16:58:08,215 | ERROR | Error processing employee 78: [Errno 2] No such file or directory: 'employee_attrition_model.pkl'
2026-03-04 16:58:08,215 | INFO | Predicting employee index 79...
2026-03-04 16:58:08,224 | ERROR | Error processing employee 79: [Errno 2] No such file or directory: 'employee_attrition_model.pkl'
2026-03-04 16:58:08,224 | INFO | Predicting employee index 80...
2026-03-04 16:58:08,224 | ERROR | Error processing employee 80: [Errno 2] No such file or directory: 'employee_attrition_model.pkl'
2026-03-04 16:58:08,225 | INFO | Predicting employee index 81...
2026-03-04 16:58:08,225 | ERROR | Error processing employee 81: [Errno 2] No such file or directory: 'employee_attrition_model.pkl'
2026-03-04 16:58:08,225 | INFO | Predicting employee index 82...
2026-03-04 16:58:08,225 | ERROR | Error processing employee 82: [Errno 2] No such file or directory: 'employee_attrition_model.pkl'
2026-03-04 16:58:08,225 | INFO | Predicting employee index 83...
2026-03-04 16:58:08,225 | ERROR | Error processing employee 83: [Errno 2] No such file or directory: 'employee_attrition_model.pkl'
2026-03-04 16:58:08,226 | INFO | Predicting employee index 84...
2026-03-04 16:58:08,226 | ERROR | Error processing employee 84: [Errno 2] No such file or directory: 'employee_attrition_model.pkl'
2026-03-04 16:58:08,226 | INFO | Predicting employee index 85...
2026-03-04 16:58:08,226 | ERROR | Error processing employee 85: [Errno 2] No such file or directory: 'employee_attrition_model.pkl'
2026-03-04 16:58:08,226 | INFO | Predicting employee index 86...
2026-03-04 16:58:08,226 | ERROR | Error processing employee 86: [Errno 2] No such file or directory: 'employee_attrition_model.pkl'
2026-03-04 16:58:08,227 | INFO | Predicting employee index 87...
2026-03-04 16:58:08,227 | ERROR | Error processing employee 87: [Errno 2] No such file or directory: 'employee_attrition_model.pkl'
2026-03-04 16:58:08,227 | INFO | Predicting employee index 88...
2026-03-04 16:58:08,227 | ERROR | Error processing employee 88: [Errno 2] No such file or directory: 'employee_attrition_model.pkl'
2026-03-04 16:58:08,227 | INFO | Predicting employee index 89...
2026-03-04 16:58:08,227 | ERROR | Error processing employee 89: [Errno 2] No such file or directory: 'employee_attrition_model.pkl'
2026-03-04 16:58:08,228 | INFO | Predicting employee index 90...
2026-03-04 16:58:08,228 | ERROR | Error processing employee 90: [Errno 2] No such file or directory: 'employee_attrition_model.pkl'
2026-03-04 16:58:08,228 | INFO | Predicting employee index 91...
2026-03-04 16:58:08,228 | ERROR | Error processing employee 91: [Errno 2] No such file or directory: 'employee_attrition_model.pkl'
2026-03-04 16:58:08,228 | INFO | Predicting employee index 92...
2026-03-04 16:58:08,228 | ERROR | Error processing employee 92: [Errno 2] No such file or directory: 'employee_attrition_model.pkl'
2026-03-04 16:58:08,228 | INFO | Predicting employee index 93...
2026-03-04 16:58:08,229 | ERROR | Error processing employee 93: [Errno 2] No such file or directory: 'employee_attrition_model.pkl'
2026-03-04 16:58:08,229 | INFO | Predicting employee index 94...
2026-03-04 16:58:08,229 | ERROR | Error processing employee 94: [Errno 2] No such file or directory: 'employee_attrition_model.pkl'
2026-03-04 16:58:08,229 | INFO | Predicting employee index 95...
2026-03-04 16:58:08,229 | ERROR | Error processing employee 95: [Errno 2] No such file or directory: 'employee_attrition_model.pkl'
2026-03-04 16:58:08,229 | INFO | Predicting employee index 96...
2026-03-04 16:58:08,230 | ERROR | Error processing employee 96: [Errno 2] No such file or directory: 'employee_attrition_model.pkl'
2026-03-04 16:58:08,230 | INFO | Predicting employee index 97...
2026-03-04 16:58:08,230 | ERROR | Error processing employee 97: [Errno 2] No such file or directory: 'employee_attrition_model.pkl'
2026-03-04 16:58:08,230 | INFO | Predicting employee index 98...
2026-03-04 16:58:08,230 | ERROR | Error processing employee 98: [Errno 2] No such file or directory: 'employee_attrition_model.pkl'
2026-03-04 16:58:08,230 | INFO | Predicting employee index 99...
2026-03-04 16:58:08,231 | ERROR | Error processing employee 99: [Errno 2] No such file or directory: 'employee_attrition_model.pkl'
2026-03-04 16:58:08,231 | INFO | Predicting employee index 100...
2026-03-04 16:58:08,240 | ERROR | Error processing employee 100: [Errno 2] No such file or directory: 'employee_attrition_model.pkl'
2026-03-04 16:58:08,240 | INFO | Predicting employee index 101...
2026-03-04 16:58:08,240 | ERROR | Error processing employee 101: [Errno 2] No such file or directory: 'employee_attrition_model.pkl'
2026-03-04 16:58:08,241 | INFO | Predicting employee index 102...
2026-03-04 16:58:08,241 | ERROR | Error processing employee 102: [Errno 2] No such file or directory: 'employee_attrition_model.pkl'
2026-03-04 16:58:08,241 | INFO | Predicting employee index 103...
2026-03-04 16:58:08,241 | ERROR | Error processing employee 103: [Errno 2] No such file or directory: 'employee_attrition_model.pkl'
2026-03-04 16:58:08,241 | INFO | Predicting employee index 104...
2026-03-04 16:58:08,242 | ERROR | Error processing employee 104: [Errno 2] No such file or directory: 'employee_attrition_model.pkl'
2026-03-04 16:58:08,242 | INFO | Predicting employee index 105...
2026-03-04 16:58:08,242 | ERROR | Error processing employee 105: [Errno 2] No such file or directory: 'employee_attrition_model.pkl'
2026-03-04 16:58:08,242 | INFO | Predicting employee index 106...
2026-03-04 16:58:08,242 | ERROR | Error processing employee 106: [Errno 2] No such file or directory: 'employee_attrition_model.pkl'
2026-03-04 16:58:08,242 | INFO | Predicting employee index 107...
2026-03-04 16:58:08,242 | ERROR | Error processing employee 107: [Errno 2] No such file or directory: 'employee_attrition_model.pkl'
2026-03-04 16:58:08,243 | INFO | Predicting employee index 108...
2026-03-04 16:58:08,243 | ERROR | Error processing employee 108: [Errno 2] No such file or directory: 'employee_attrition_model.pkl'
2026-03-04 16:58:08,243 | INFO | Predicting employee index 109...
2026-03-04 16:58:08,243 | ERROR | Error processing employee 109: [Errno 2] No such file or directory: 'employee_attrition_model.pkl'
2026-03-04 16:58:08,243 | INFO | Predicting employee index 110...
2026-03-04 16:58:08,243 | ERROR | Error processing employee 110: [Errno 2] No such file or directory: 'employee_attrition_model.pkl'
2026-03-04 16:58:08,244 | INFO | Predicting employee index 111...
2026-03-04 16:58:08,244 | ERROR | Error processing employee 111: [Errno 2] No such file or directory: 'employee_attrition_model.pkl'
2026-03-04 16:58:08,244 | INFO | Predicting employee index 112...
2026-03-04 16:58:08,244 | ERROR | Error processing employee 112: [Errno 2] No such file or directory: 'employee_attrition_model.pkl'
2026-03-04 16:58:08,244 | INFO | Predicting employee index 113...
2026-03-04 16:58:08,244 | ERROR | Error processing employee 113: [Errno 2] No such file or directory: 'employee_attrition_model.pkl'
2026-03-04 16:58:08,245 | INFO | Predicting employee index 114...
2026-03-04 16:58:08,245 | ERROR | Error processing employee 114: [Errno 2] No such file or directory: 'employee_attrition_model.pkl'
2026-03-04 16:58:08,245 | INFO | Predicting employee index 115...
2026-03-04 16:58:08,245 | ERROR | Error processing employee 115: [Errno 2] No such file or directory: 'employee_attrition_model.pkl'
2026-03-04 16:58:08,245 | INFO | Predicting employee index 116...
2026-03-04 16:58:08,245 | ERROR | Error processing employee 116: [Errno 2] No such file or directory: 'employee_attrition_model.pkl'
2026-03-04 16:58:08,246 | INFO | Predicting employee index 117...
2026-03-04 16:58:08,246 | ERROR | Error processing employee 117: [Errno 2] No such file or directory: 'employee_attrition_model.pkl'
2026-03-04 16:58:08,246 | INFO | Predicting employee index 118...
2026-03-04 16:58:08,246 | ERROR | Error processing employee 118: [Errno 2] No such file or directory: 'employee_attrition_model.pkl'
2026-03-04 16:58:08,246 | INFO | Predicting employee index 119...
2026-03-04 16:58:08,246 | ERROR | Error processing employee 119: [Errno 2] No such file or directory: 'employee_attrition_model.pkl'
2026-03-04 16:58:08,247 | INFO | Predicting employee index 120...
2026-03-04 16:58:08,247 | ERROR | Error processing employee 120: [Errno 2] No such file or directory: 'employee_attrition_model.pkl'
2026-03-04 16:58:08,256 | INFO | Predicting employee index 121...
2026-03-04 16:58:08,257 | ERROR | Error processing employee 121: [Errno 2] No such file or directory: 'employee_attrition_model.pkl'
2026-03-04 16:58:08,257 | INFO | Predicting employee index 122...
2026-03-04 16:58:08,257 | ERROR | Error processing employee 122: [Errno 2] No such file or directory: 'employee_attrition_model.pkl'
2026-03-04 16:58:08,257 | INFO | Predicting employee index 123...
2026-03-04 16:58:08,257 | ERROR | Error processing employee 123: [Errno 2] No such file or directory: 'employee_attrition_model.pkl'
2026-03-04 16:58:08,257 | INFO | Predicting employee index 124...
2026-03-04 16:58:08,258 | ERROR | Error processing employee 124: [Errno 2] No such file or directory: 'employee_attrition_model.pkl'
2026-03-04 16:58:08,258 | INFO | Predicting employee index 125...
2026-03-04 16:58:08,258 | ERROR | Error processing employee 125: [Errno 2] No such file or directory: 'employee_attrition_model.pkl'
2026-03-04 16:58:08,258 | INFO | Predicting employee index 126...
2026-03-04 16:58:08,258 | ERROR | Error processing employee 126: [Errno 2] No such file or directory: 'employee_attrition_model.pkl'
2026-03-04 16:58:08,258 | INFO | Predicting employee index 127...
2026-03-04 16:58:08,258 | ERROR | Error processing employee 127: [Errno 2] No such file or directory: 'employee_attrition_model.pkl'
2026-03-04 16:58:08,259 | INFO | Predicting employee index 128...
2026-03-04 16:58:08,259 | ERROR | Error processing employee 128: [Errno 2] No such file or directory: 'employee_attrition_model.pkl'
2026-03-04 16:58:08,259 | INFO | Predicting employee index 129...
2026-03-04 16:58:08,259 | ERROR | Error processing employee 129: [Errno 2] No such file or directory: 'employee_attrition_model.pkl'
2026-03-04 16:58:08,259 | INFO | Predicting employee index 130...
2026-03-04 16:58:08,259 | ERROR | Error processing employee 130: [Errno 2] No such file or directory: 'employee_attrition_model.pkl'
2026-03-04 16:58:08,260 | INFO | Predicting employee index 131...
2026-03-04 16:58:08,260 | ERROR | Error processing employee 131: [Errno 2] No such file or directory: 'employee_attrition_model.pkl'
2026-03-04 16:58:08,260 | INFO | Predicting employee index 132...
2026-03-04 16:58:08,260 | ERROR | Error processing employee 132: [Errno 2] No such file or directory: 'employee_attrition_model.pkl'
2026-03-04 16:58:08,260 | INFO | Predicting employee index 133...
2026-03-04 16:58:08,260 | ERROR | Error processing employee 133: [Errno 2] No such file or directory: 'employee_attrition_model.pkl'
2026-03-04 16:58:08,261 | INFO | Predicting employee index 134...
2026-03-04 16:58:08,261 | ERROR | Error processing employee 134: [Errno 2] No such file or directory: 'employee_attrition_model.pkl'
2026-03-04 16:58:08,261 | INFO | Predicting employee index 135...
2026-03-04 16:58:08,261 | ERROR | Error processing employee 135: [Errno 2] No such file or directory: 'employee_attrition_model.pkl'
2026-03-04 16:58:08,261 | INFO | Predicting employee index 136...
2026-03-04 16:58:08,261 | ERROR | Error processing employee 136: [Errno 2] No such file or directory: 'employee_attrition_model.pkl'
2026-03-04 16:58:08,262 | INFO | Predicting employee index 137...
2026-03-04 16:58:08,262 | ERROR | Error processing employee 137: [Errno 2] No such file or directory: 'employee_attrition_model.pkl'
2026-03-04 16:58:08,262 | INFO | Predicting employee index 138...
2026-03-04 16:58:08,262 | ERROR | Error processing employee 138: [Errno 2] No such file or directory: 'employee_attrition_model.pkl'
2026-03-04 16:58:08,262 | INFO | Predicting employee index 139...
2026-03-04 16:58:08,262 | ERROR | Error processing employee 139: [Errno 2] No such file or directory: 'employee_attrition_model.pkl'
2026-03-04 16:58:08,262 | INFO | Predicting employee index 140...
2026-03-04 16:58:08,262 | ERROR | Error processing employee 140: [Errno 2] No such file or directory: 'employee_attrition_model.pkl'
2026-03-04 16:58:08,262 | INFO | Predicting employee index 141...
2026-03-04 16:58:08,262 | ERROR | Error processing employee 141: [Errno 2] No such file or directory: 'employee_attrition_model.pkl'
2026-03-04 16:58:08,272 | INFO | Predicting employee index 142...
2026-03-04 16:58:08,272 | ERROR | Error processing employee 142: [Errno 2] No such file or directory: 'employee_attrition_model.pkl'
2026-03-04 16:58:08,272 | INFO | Predicting employee index 143...
2026-03-04 16:58:08,272 | ERROR | Error processing employee 143: [Errno 2] No such file or directory: 'employee_attrition_model.pkl'
2026-03-04 16:58:08,272 | INFO | Predicting employee index 144...
2026-03-04 16:58:08,272 | ERROR | Error processing employee 144: [Errno 2] No such file or directory: 'employee_attrition_model.pkl'
2026-03-04 16:58:08,272 | INFO | Predicting employee index 145...
2026-03-04 16:58:08,272 | ERROR | Error processing employee 145: [Errno 2] No such file or directory: 'employee_attrition_model.pkl'
2026-03-04 16:58:08,272 | INFO | Predicting employee index 146...
2026-03-04 16:58:08,274 | ERROR | Error processing employee 146: [Errno 2] No such file or directory: 'employee_attrition_model.pkl'
2026-03-04 16:58:08,274 | INFO | Predicting employee index 147...
2026-03-04 16:58:08,274 | ERROR | Error processing employee 147: [Errno 2] No such file or directory: 'employee_attrition_model.pkl'
2026-03-04 16:58:08,274 | INFO | Predicting employee index 148...
2026-03-04 16:58:08,274 | ERROR | Error processing employee 148: [Errno 2] No such file or directory: 'employee_attrition_model.pkl'
2026-03-04 16:58:08,274 | INFO | Predicting employee index 149...
2026-03-04 16:58:08,274 | ERROR | Error processing employee 149: [Errno 2] No such file or directory: 'employee_attrition_model.pkl'
2026-03-04 16:58:08,275 | INFO | Predicting employee index 150...
2026-03-04 16:58:08,275 | ERROR | Error processing employee 150: [Errno 2] No such file or directory: 'employee_attrition_model.pkl'
2026-03-04 16:58:08,275 | INFO | Predicting employee index 151...
2026-03-04 16:58:08,275 | ERROR | Error processing employee 151: [Errno 2] No such file or directory: 'employee_attrition_model.pkl'
2026-03-04 16:58:08,275 | INFO | Predicting employee index 152...
2026-03-04 16:58:08,275 | ERROR | Error processing employee 152: [Errno 2] No such file or directory: 'employee_attrition_model.pkl'
2026-03-04 16:58:08,275 | INFO | Predicting employee index 153...
2026-03-04 16:58:08,276 | ERROR | Error processing employee 153: [Errno 2] No such file or directory: 'employee_attrition_model.pkl'
2026-03-04 16:58:08,276 | INFO | Predicting employee index 154...
2026-03-04 16:58:08,276 | ERROR | Error processing employee 154: [Errno 2] No such file or directory: 'employee_attrition_model.pkl'
2026-03-04 16:58:08,276 | INFO | Predicting employee index 155...
2026-03-04 16:58:08,276 | ERROR | Error processing employee 155: [Errno 2] No such file or directory: 'employee_attrition_model.pkl'
2026-03-04 16:58:08,276 | INFO | Predicting employee index 156...
2026-03-04 16:58:08,276 | ERROR | Error processing employee 156: [Errno 2] No such file or directory: 'employee_attrition_model.pkl'
2026-03-04 16:58:08,277 | INFO | Predicting employee index 157...
2026-03-04 16:58:08,277 | ERROR | Error processing employee 157: [Errno 2] No such file or directory: 'employee_attrition_model.pkl'
2026-03-04 16:58:08,277 | INFO | Predicting employee index 158...
2026-03-04 16:58:08,277 | ERROR | Error processing employee 158: [Errno 2] No such file or directory: 'employee_attrition_model.pkl'
2026-03-04 16:58:08,277 | INFO | Predicting employee index 159...
2026-03-04 16:58:08,277 | ERROR | Error processing employee 159: [Errno 2] No such file or directory: 'employee_attrition_model.pkl'
2026-03-04 16:58:08,277 | INFO | Predicting employee index 160...
2026-03-04 16:58:08,277 | ERROR | Error processing employee 160: [Errno 2] No such file or directory: 'employee_attrition_model.pkl'
2026-03-04 16:58:08,277 | INFO | Predicting employee index 161...
2026-03-04 16:58:08,277 | ERROR | Error processing employee 161: [Errno 2] No such file or directory: 'employee_attrition_model.pkl'
2026-03-04 16:58:08,277 | INFO | Predicting employee index 162...
2026-03-04 16:58:08,277 | ERROR | Error processing employee 162: [Errno 2] No such file or directory: 'employee_attrition_model.pkl'
2026-03-04 16:58:08,288 | INFO | Predicting employee index 163...
2026-03-04 16:58:08,288 | ERROR | Error processing employee 163: [Errno 2] No such file or directory: 'employee_attrition_model.pkl'
2026-03-04 16:58:08,289 | INFO | Predicting employee index 164...
2026-03-04 16:58:08,289 | ERROR | Error processing employee 164: [Errno 2] No such file or directory: 'employee_attrition_model.pkl'
2026-03-04 16:58:08,289 | INFO | Predicting employee index 165...
2026-03-04 16:58:08,289 | ERROR | Error processing employee 165: [Errno 2] No such file or directory: 'employee_attrition_model.pkl'
2026-03-04 16:58:08,289 | INFO | Predicting employee index 166...
2026-03-04 16:58:08,289 | ERROR | Error processing employee 166: [Errno 2] No such file or directory: 'employee_attrition_model.pkl'
2026-03-04 16:58:08,289 | INFO | Predicting employee index 167...
2026-03-04 16:58:08,290 | ERROR | Error processing employee 167: [Errno 2] No such file or directory: 'employee_attrition_model.pkl'
2026-03-04 16:58:08,290 | INFO | Predicting employee index 168...
2026-03-04 16:58:08,290 | ERROR | Error processing employee 168: [Errno 2] No such file or directory: 'employee_attrition_model.pkl'
2026-03-04 16:58:08,290 | INFO | Predicting employee index 169...
2026-03-04 16:58:08,290 | ERROR | Error processing employee 169: [Errno 2] No such file or directory: 'employee_attrition_model.pkl'
2026-03-04 16:58:08,290 | INFO | Predicting employee index 170...
2026-03-04 16:58:08,291 | ERROR | Error processing employee 170: [Errno 2] No such file or directory: 'employee_attrition_model.pkl'
2026-03-04 16:58:08,291 | INFO | Predicting employee index 171...
2026-03-04 16:58:08,291 | ERROR | Error processing employee 171: [Errno 2] No such file or directory: 'employee_attrition_model.pkl'
2026-03-04 16:58:08,291 | INFO | Predicting employee index 172...
2026-03-04 16:58:08,291 | ERROR | Error processing employee 172: [Errno 2] No such file or directory: 'employee_attrition_model.pkl'
2026-03-04 16:58:08,291 | INFO | Predicting employee index 173...
2026-03-04 16:58:08,291 | ERROR | Error processing employee 173: [Errno 2] No such file or directory: 'employee_attrition_model.pkl'
2026-03-04 16:58:08,291 | INFO | Predicting employee index 174...
2026-03-04 16:58:08,291 | ERROR | Error processing employee 174: [Errno 2] No such file or directory: 'employee_attrition_model.pkl'
2026-03-04 16:58:08,291 | INFO | Predicting employee index 175...
2026-03-04 16:58:08,291 | ERROR | Error processing employee 175: [Errno 2] No such file or directory: 'employee_attrition_model.pkl'
2026-03-04 16:58:08,291 | INFO | Predicting employee index 176...
2026-03-04 16:58:08,293 | ERROR | Error processing employee 176: [Errno 2] No such file or directory: 'employee_attrition_model.pkl'
2026-03-04 16:58:08,293 | INFO | Predicting employee index 177...
2026-03-04 16:58:08,293 | ERROR | Error processing employee 177: [Errno 2] No such file or directory: 'employee_attrition_model.pkl'
2026-03-04 16:58:08,293 | INFO | Predicting employee index 178...
2026-03-04 16:58:08,293 | ERROR | Error processing employee 178: [Errno 2] No such file or directory: 'employee_attrition_model.pkl'
2026-03-04 16:58:08,293 | INFO | Predicting employee index 179...
2026-03-04 16:58:08,294 | ERROR | Error processing employee 179: [Errno 2] No such file or directory: 'employee_attrition_model.pkl'
2026-03-04 16:58:08,294 | INFO | Predicting employee index 180...
2026-03-04 16:58:08,294 | ERROR | Error processing employee 180: [Errno 2] No such file or directory: 'employee_attrition_model.pkl'
2026-03-04 16:58:08,294 | INFO | Predicting employee index 181...
2026-03-04 16:58:08,294 | ERROR | Error processing employee 181: [Errno 2] No such file or directory: 'employee_attrition_model.pkl'
2026-03-04 16:58:08,294 | INFO | Predicting employee index 182...
2026-03-04 16:58:08,295 | ERROR | Error processing employee 182: [Errno 2] No such file or directory: 'employee_attrition_model.pkl'
2026-03-04 16:58:08,295 | INFO | Predicting employee index 183...
2026-03-04 16:58:08,295 | ERROR | Error processing employee 183: [Errno 2] No such file or directory: 'employee_attrition_model.pkl'
2026-03-04 16:58:08,303 | INFO | Predicting employee index 184...
2026-03-04 16:58:08,303 | ERROR | Error processing employee 184: [Errno 2] No such file or directory: 'employee_attrition_model.pkl'
2026-03-04 16:58:08,304 | INFO | Predicting employee index 185...
2026-03-04 16:58:08,304 | ERROR | Error processing employee 185: [Errno 2] No such file or directory: 'employee_attrition_model.pkl'
2026-03-04 16:58:08,304 | INFO | Predicting employee index 186...
2026-03-04 16:58:08,304 | ERROR | Error processing employee 186: [Errno 2] No such file or directory: 'employee_attrition_model.pkl'
2026-03-04 16:58:08,304 | INFO | Predicting employee index 187...
2026-03-04 16:58:08,304 | ERROR | Error processing employee 187: [Errno 2] No such file or directory: 'employee_attrition_model.pkl'
2026-03-04 16:58:08,305 | INFO | Predicting employee index 188...
2026-03-04 16:58:08,305 | ERROR | Error processing employee 188: [Errno 2] No such file or directory: 'employee_attrition_model.pkl'
2026-03-04 16:58:08,305 | INFO | Predicting employee index 189...
2026-03-04 16:58:08,305 | ERROR | Error processing employee 189: [Errno 2] No such file or directory: 'employee_attrition_model.pkl'
2026-03-04 16:58:08,305 | INFO | Predicting employee index 190...
2026-03-04 16:58:08,305 | ERROR | Error processing employee 190: [Errno 2] No such file or directory: 'employee_attrition_model.pkl'
2026-03-04 16:58:08,305 | INFO | Predicting employee index 191...
2026-03-04 16:58:08,306 | ERROR | Error processing employee 191: [Errno 2] No such file or directory: 'employee_attrition_model.pkl'
2026-03-04 16:58:08,306 | INFO | Predicting employee index 192...
2026-03-04 16:58:08,306 | ERROR | Error processing employee 192: [Errno 2] No such file or directory: 'employee_attrition_model.pkl'
2026-03-04 16:58:08,306 | INFO | Predicting employee index 193...
2026-03-04 16:58:08,306 | ERROR | Error processing employee 193: [Errno 2] No such file or directory: 'employee_attrition_model.pkl'
2026-03-04 16:58:08,306 | INFO | Predicting employee index 194...
2026-03-04 16:58:08,307 | ERROR | Error processing employee 194: [Errno 2] No such file or directory: 'employee_attrition_model.pkl'
2026-03-04 16:58:08,307 | INFO | Predicting employee index 195...
2026-03-04 16:58:08,307 | ERROR | Error processing employee 195: [Errno 2] No such file or directory: 'employee_attrition_model.pkl'
2026-03-04 16:58:08,307 | INFO | Predicting employee index 196...
2026-03-04 16:58:08,307 | ERROR | Error processing employee 196: [Errno 2] No such file or directory: 'employee_attrition_model.pkl'
2026-03-04 16:58:08,307 | INFO | Predicting employee index 197...
2026-03-04 16:58:08,307 | ERROR | Error processing employee 197: [Errno 2] No such file or directory: 'employee_attrition_model.pkl'
2026-03-04 16:58:08,308 | INFO | Predicting employee index 198...
2026-03-04 16:58:08,308 | ERROR | Error processing employee 198: [Errno 2] No such file or directory: 'employee_attrition_model.pkl'
2026-03-04 16:58:08,308 | INFO | Predicting employee index 199...
2026-03-04 16:58:08,308 | ERROR | Error processing employee 199: [Errno 2] No such file or directory: 'employee_attrition_model.pkl'
2026-03-04 16:58:08,308 | INFO | Predicting employee index 200...
2026-03-04 16:58:08,308 | ERROR | Error processing employee 200: [Errno 2] No such file or directory: 'employee_attrition_model.pkl'
2026-03-04 16:58:08,308 | INFO | Predicting employee index 201...
2026-03-04 16:58:08,309 | ERROR | Error processing employee 201: [Errno 2] No such file or directory: 'employee_attrition_model.pkl'
2026-03-04 16:58:08,309 | INFO | Predicting employee index 202...
2026-03-04 16:58:08,309 | ERROR | Error processing employee 202: [Errno 2] No such file or directory: 'employee_attrition_model.pkl'
2026-03-04 16:58:08,309 | INFO | Predicting employee index 203...
2026-03-04 16:58:08,309 | ERROR | Error processing employee 203: [Errno 2] No such file or directory: 'employee_attrition_model.pkl'
2026-03-04 16:58:08,309 | INFO | Predicting employee index 204...
2026-03-04 16:58:08,309 | ERROR | Error processing employee 204: [Errno 2] No such file or directory: 'employee_attrition_model.pkl'
2026-03-04 16:58:08,319 | INFO | Predicting employee index 205...
2026-03-04 16:58:08,320 | ERROR | Error processing employee 205: [Errno 2] No such file or directory: 'employee_attrition_model.pkl'
2026-03-04 16:58:08,320 | INFO | Predicting employee index 206...
2026-03-04 16:58:08,320 | ERROR | Error processing employee 206: [Errno 2] No such file or directory: 'employee_attrition_model.pkl'
2026-03-04 16:58:08,320 | INFO | Predicting employee index 207...
2026-03-04 16:58:08,320 | ERROR | Error processing employee 207: [Errno 2] No such file or directory: 'employee_attrition_model.pkl'
2026-03-04 16:58:08,320 | INFO | Predicting employee index 208...
2026-03-04 16:58:08,320 | ERROR | Error processing employee 208: [Errno 2] No such file or directory: 'employee_attrition_model.pkl'
2026-03-04 16:58:08,321 | INFO | Predicting employee index 209...
2026-03-04 16:58:08,321 | ERROR | Error processing employee 209: [Errno 2] No such file or directory: 'employee_attrition_model.pkl'
2026-03-04 16:58:08,321 | INFO | Predicting employee index 210...
2026-03-04 16:58:08,321 | ERROR | Error processing employee 210: [Errno 2] No such file or directory: 'employee_attrition_model.pkl'
2026-03-04 16:58:08,321 | INFO | Predicting employee index 211...
2026-03-04 16:58:08,321 | ERROR | Error processing employee 211: [Errno 2] No such file or directory: 'employee_attrition_model.pkl'
2026-03-04 16:58:08,322 | INFO | Predicting employee index 212...
2026-03-04 16:58:08,322 | ERROR | Error processing employee 212: [Errno 2] No such file or directory: 'employee_attrition_model.pkl'
2026-03-04 16:58:08,322 | INFO | Predicting employee index 213...
2026-03-04 16:58:08,322 | ERROR | Error processing employee 213: [Errno 2] No such file or directory: 'employee_attrition_model.pkl'
2026-03-04 16:58:08,322 | INFO | Predicting employee index 214...
2026-03-04 16:58:08,322 | ERROR | Error processing employee 214: [Errno 2] No such file or directory: 'employee_attrition_model.pkl'
2026-03-04 16:58:08,322 | INFO | Predicting employee index 215...
2026-03-04 16:58:08,323 | ERROR | Error processing employee 215: [Errno 2] No such file or directory: 'employee_attrition_model.pkl'
2026-03-04 16:58:08,323 | INFO | Predicting employee index 216...
2026-03-04 16:58:08,323 | ERROR | Error processing employee 216: [Errno 2] No such file or directory: 'employee_attrition_model.pkl'
2026-03-04 16:58:08,323 | INFO | Predicting employee index 217...
2026-03-04 16:58:08,323 | ERROR | Error processing employee 217: [Errno 2] No such file or directory: 'employee_attrition_model.pkl'
2026-03-04 16:58:08,323 | INFO | Predicting employee index 218...
2026-03-04 16:58:08,323 | ERROR | Error processing employee 218: [Errno 2] No such file or directory: 'employee_attrition_model.pkl'
2026-03-04 16:58:08,324 | INFO | Predicting employee index 219...
2026-03-04 16:58:08,324 | ERROR | Error processing employee 219: [Errno 2] No such file or directory: 'employee_attrition_model.pkl'
2026-03-04 16:58:08,324 | INFO | Predicting employee index 220...
2026-03-04 16:58:08,324 | ERROR | Error processing employee 220: [Errno 2] No such file or directory: 'employee_attrition_model.pkl'
2026-03-04 16:58:08,324 | INFO | Predicting employee index 221...
2026-03-04 16:58:08,324 | ERROR | Error processing employee 221: [Errno 2] No such file or directory: 'employee_attrition_model.pkl'
2026-03-04 16:58:08,324 | INFO | Predicting employee index 222...
2026-03-04 16:58:08,325 | ERROR | Error processing employee 222: [Errno 2] No such file or directory: 'employee_attrition_model.pkl'
2026-03-04 16:58:08,325 | INFO | Predicting employee index 223...
2026-03-04 16:58:08,325 | ERROR | Error processing employee 223: [Errno 2] No such file or directory: 'employee_attrition_model.pkl'
2026-03-04 16:58:08,325 | INFO | Predicting employee index 224...
2026-03-04 16:58:08,325 | ERROR | Error processing employee 224: [Errno 2] No such file or directory: 'employee_attrition_model.pkl'
2026-03-04 16:58:08,325 | INFO | Predicting employee index 225...
2026-03-04 16:58:08,325 | ERROR | Error processing employee 225: [Errno 2] No such file or directory: 'employee_attrition_model.pkl'
2026-03-04 16:58:08,335 | INFO | Predicting employee index 226...
2026-03-04 16:58:08,336 | ERROR | Error processing employee 226: [Errno 2] No such file or directory: 'employee_attrition_model.pkl'
2026-03-04 16:58:08,336 | INFO | Predicting employee index 227...
2026-03-04 16:58:08,336 | ERROR | Error processing employee 227: [Errno 2] No such file or directory: 'employee_attrition_model.pkl'
2026-03-04 16:58:08,336 | INFO | Predicting employee index 228...
2026-03-04 16:58:08,336 | ERROR | Error processing employee 228: [Errno 2] No such file or directory: 'employee_attrition_model.pkl'
2026-03-04 16:58:08,336 | INFO | Predicting employee index 229...
2026-03-04 16:58:08,337 | ERROR | Error processing employee 229: [Errno 2] No such file or directory: 'employee_attrition_model.pkl'
2026-03-04 16:58:08,337 | INFO | Predicting employee index 230...
2026-03-04 16:58:08,337 | ERROR | Error processing employee 230: [Errno 2] No such file or directory: 'employee_attrition_model.pkl'
2026-03-04 16:58:08,337 | INFO | Predicting employee index 231...
2026-03-04 16:58:08,337 | ERROR | Error processing employee 231: [Errno 2] No such file or directory: 'employee_attrition_model.pkl'
2026-03-04 16:58:08,337 | INFO | Predicting employee index 232...
2026-03-04 16:58:08,337 | ERROR | Error processing employee 232: [Errno 2] No such file or directory: 'employee_attrition_model.pkl'
2026-03-04 16:58:08,338 | INFO | Predicting employee index 233...
2026-03-04 16:58:08,338 | ERROR | Error processing employee 233: [Errno 2] No such file or directory: 'employee_attrition_model.pkl'
2026-03-04 16:58:08,338 | INFO | Predicting employee index 234...
2026-03-04 16:58:08,338 | ERROR | Error processing employee 234: [Errno 2] No such file or directory: 'employee_attrition_model.pkl'
2026-03-04 16:58:08,338 | INFO | Predicting employee index 235...
2026-03-04 16:58:08,338 | ERROR | Error processing employee 235: [Errno 2] No such file or directory: 'employee_attrition_model.pkl'
2026-03-04 16:58:08,339 | INFO | Predicting employee index 236...
2026-03-04 16:58:08,339 | ERROR | Error processing employee 236: [Errno 2] No such file or directory: 'employee_attrition_model.pkl'
2026-03-04 16:58:08,339 | INFO | Predicting employee index 237...
2026-03-04 16:58:08,339 | ERROR | Error processing employee 237: [Errno 2] No such file or directory: 'employee_attrition_model.pkl'
2026-03-04 16:58:08,339 | INFO | Predicting employee index 238...
2026-03-04 16:58:08,339 | ERROR | Error processing employee 238: [Errno 2] No such file or directory: 'employee_attrition_model.pkl'
2026-03-04 16:58:08,339 | INFO | Predicting employee index 239...
2026-03-04 16:58:08,340 | ERROR | Error processing employee 239: [Errno 2] No such file or directory: 'employee_attrition_model.pkl'
2026-03-04 16:58:08,340 | INFO | Predicting employee index 240...
2026-03-04 16:58:08,340 | ERROR | Error processing employee 240: [Errno 2] No such file or directory: 'employee_attrition_model.pkl'
2026-03-04 16:58:08,340 | INFO | Predicting employee index 241...
2026-03-04 16:58:08,340 | ERROR | Error processing employee 241: [Errno 2] No such file or directory: 'employee_attrition_model.pkl'
2026-03-04 16:58:08,340 | INFO | Predicting employee index 242...
2026-03-04 16:58:08,340 | ERROR | Error processing employee 242: [Errno 2] No such file or directory: 'employee_attrition_model.pkl'
2026-03-04 16:58:08,341 | INFO | Predicting employee index 243...
2026-03-04 16:58:08,341 | ERROR | Error processing employee 243: [Errno 2] No such file or directory: 'employee_attrition_model.pkl'
2026-03-04 16:58:08,341 | INFO | Predicting employee index 244...
2026-03-04 16:58:08,341 | ERROR | Error processing employee 244: [Errno 2] No such file or directory: 'employee_attrition_model.pkl'
2026-03-04 16:58:08,341 | INFO | Predicting employee index 245...
2026-03-04 16:58:08,341 | ERROR | Error processing employee 245: [Errno 2] No such file or directory: 'employee_attrition_model.pkl'
2026-03-04 16:58:08,342 | INFO | Predicting employee index 246...
2026-03-04 16:58:08,342 | ERROR | Error processing employee 246: [Errno 2] No such file or directory: 'employee_attrition_model.pkl'
2026-03-04 16:58:08,350 | INFO | Predicting employee index 247...
2026-03-04 16:58:08,350 | ERROR | Error processing employee 247: [Errno 2] No such file or directory: 'employee_attrition_model.pkl'
2026-03-04 16:58:08,350 | INFO | Predicting employee index 248...
2026-03-04 16:58:08,351 | ERROR | Error processing employee 248: [Errno 2] No such file or directory: 'employee_attrition_model.pkl'
2026-03-04 16:58:08,351 | INFO | Predicting employee index 249...
2026-03-04 16:58:08,351 | ERROR | Error processing employee 249: [Errno 2] No such file or directory: 'employee_attrition_model.pkl'
2026-03-04 16:58:08,351 | INFO | Predicting employee index 250...
2026-03-04 16:58:08,351 | ERROR | Error processing employee 250: [Errno 2] No such file or directory: 'employee_attrition_model.pkl'
2026-03-04 16:58:08,351 | INFO | Predicting employee index 251...
2026-03-04 16:58:08,351 | ERROR | Error processing employee 251: [Errno 2] No such file or directory: 'employee_attrition_model.pkl'
2026-03-04 16:58:08,352 | INFO | Predicting employee index 252...
2026-03-04 16:58:08,352 | ERROR | Error processing employee 252: [Errno 2] No such file or directory: 'employee_attrition_model.pkl'
2026-03-04 16:58:08,352 | INFO | Predicting employee index 253...
2026-03-04 16:58:08,352 | ERROR | Error processing employee 253: [Errno 2] No such file or directory: 'employee_attrition_model.pkl'
2026-03-04 16:58:08,352 | INFO | Predicting employee index 254...
2026-03-04 16:58:08,352 | ERROR | Error processing employee 254: [Errno 2] No such file or directory: 'employee_attrition_model.pkl'
2026-03-04 16:58:08,352 | INFO | Predicting employee index 255...
2026-03-04 16:58:08,353 | ERROR | Error processing employee 255: [Errno 2] No such file or directory: 'employee_attrition_model.pkl'
2026-03-04 16:58:08,353 | INFO | Predicting employee index 256...
2026-03-04 16:58:08,353 | ERROR | Error processing employee 256: [Errno 2] No such file or directory: 'employee_attrition_model.pkl'
2026-03-04 16:58:08,353 | INFO | Predicting employee index 257...
2026-03-04 16:58:08,353 | ERROR | Error processing employee 257: [Errno 2] No such file or directory: 'employee_attrition_model.pkl'
2026-03-04 16:58:08,353 | INFO | Predicting employee index 258...
2026-03-04 16:58:08,354 | ERROR | Error processing employee 258: [Errno 2] No such file or directory: 'employee_attrition_model.pkl'
2026-03-04 16:58:08,354 | INFO | Predicting employee index 259...
2026-03-04 16:58:08,354 | ERROR | Error processing employee 259: [Errno 2] No such file or directory: 'employee_attrition_model.pkl'
2026-03-04 16:58:08,354 | INFO | Predicting employee index 260...
2026-03-04 16:58:08,354 | ERROR | Error processing employee 260: [Errno 2] No such file or directory: 'employee_attrition_model.pkl'
2026-03-04 16:58:08,354 | INFO | Predicting employee index 261...
2026-03-04 16:58:08,354 | ERROR | Error processing employee 261: [Errno 2] No such file or directory: 'employee_attrition_model.pkl'
2026-03-04 16:58:08,355 | INFO | Predicting employee index 262...
2026-03-04 16:58:08,355 | ERROR | Error processing employee 262: [Errno 2] No such file or directory: 'employee_attrition_model.pkl'
2026-03-04 16:58:08,355 | INFO | Predicting employee index 263...
2026-03-04 16:58:08,355 | ERROR | Error processing employee 263: [Errno 2] No such file or directory: 'employee_attrition_model.pkl'
2026-03-04 16:58:08,355 | INFO | Predicting employee index 264...
2026-03-04 16:58:08,355 | ERROR | Error processing employee 264: [Errno 2] No such file or directory: 'employee_attrition_model.pkl'
2026-03-04 16:58:08,356 | INFO | Predicting employee index 265...
2026-03-04 16:58:08,356 | ERROR | Error processing employee 265: [Errno 2] No such file or directory: 'employee_attrition_model.pkl'
2026-03-04 16:58:08,356 | INFO | Predicting employee index 266...
2026-03-04 16:58:08,356 | ERROR | Error processing employee 266: [Errno 2] No such file or directory: 'employee_attrition_model.pkl'
2026-03-04 16:58:08,356 | INFO | Predicting employee index 267...
2026-03-04 16:58:08,356 | ERROR | Error processing employee 267: [Errno 2] No such file or directory: 'employee_attrition_model.pkl'
2026-03-04 16:58:08,366 | INFO | Predicting employee index 268...
2026-03-04 16:58:08,367 | ERROR | Error processing employee 268: [Errno 2] No such file or directory: 'employee_attrition_model.pkl'
2026-03-04 16:58:08,367 | INFO | Predicting employee index 269...
2026-03-04 16:58:08,367 | ERROR | Error processing employee 269: [Errno 2] No such file or directory: 'employee_attrition_model.pkl'
2026-03-04 16:58:08,367 | INFO | Predicting employee index 270...
2026-03-04 16:58:08,367 | ERROR | Error processing employee 270: [Errno 2] No such file or directory: 'employee_attrition_model.pkl'
2026-03-04 16:58:08,367 | INFO | Predicting employee index 271...
2026-03-04 16:58:08,367 | ERROR | Error processing employee 271: [Errno 2] No such file or directory: 'employee_attrition_model.pkl'
2026-03-04 16:58:08,367 | INFO | Predicting employee index 272...
2026-03-04 16:58:08,367 | ERROR | Error processing employee 272: [Errno 2] No such file or directory: 'employee_attrition_model.pkl'
2026-03-04 16:58:08,367 | INFO | Predicting employee index 273...
2026-03-04 16:58:08,367 | ERROR | Error processing employee 273: [Errno 2] No such file or directory: 'employee_attrition_model.pkl'
2026-03-04 16:58:08,367 | INFO | Predicting employee index 274...
2026-03-04 16:58:08,367 | ERROR | Error processing employee 274: [Errno 2] No such file or directory: 'employee_attrition_model.pkl'
2026-03-04 16:58:08,367 | INFO | Predicting employee index 275...
2026-03-04 16:58:08,367 | ERROR | Error processing employee 275: [Errno 2] No such file or directory: 'employee_attrition_model.pkl'
2026-03-04 16:58:08,368 | INFO | Predicting employee index 276...
2026-03-04 16:58:08,368 | ERROR | Error processing employee 276: [Errno 2] No such file or directory: 'employee_attrition_model.pkl'
2026-03-04 16:58:08,368 | INFO | Predicting employee index 277...
2026-03-04 16:58:08,368 | ERROR | Error processing employee 277: [Errno 2] No such file or directory: 'employee_attrition_model.pkl'
2026-03-04 16:58:08,368 | INFO | Predicting employee index 278...
2026-03-04 16:58:08,368 | ERROR | Error processing employee 278: [Errno 2] No such file or directory: 'employee_attrition_model.pkl'
2026-03-04 16:58:08,368 | INFO | Predicting employee index 279...
2026-03-04 16:58:08,368 | ERROR | Error processing employee 279: [Errno 2] No such file or directory: 'employee_attrition_model.pkl'
2026-03-04 16:58:08,368 | INFO | Predicting employee index 280...
2026-03-04 16:58:08,368 | ERROR | Error processing employee 280: [Errno 2] No such file or directory: 'employee_attrition_model.pkl'
2026-03-04 16:58:08,368 | INFO | Predicting employee index 281...
2026-03-04 16:58:08,368 | ERROR | Error processing employee 281: [Errno 2] No such file or directory: 'employee_attrition_model.pkl'
2026-03-04 16:58:08,368 | INFO | Predicting employee index 282...
2026-03-04 16:58:08,368 | ERROR | Error processing employee 282: [Errno 2] No such file or directory: 'employee_attrition_model.pkl'
2026-03-04 16:58:08,368 | INFO | Predicting employee index 283...
2026-03-04 16:58:08,368 | ERROR | Error processing employee 283: [Errno 2] No such file or directory: 'employee_attrition_model.pkl'
2026-03-04 16:58:08,369 | INFO | Predicting employee index 284...
2026-03-04 16:58:08,369 | ERROR | Error processing employee 284: [Errno 2] No such file or directory: 'employee_attrition_model.pkl'
2026-03-04 16:58:08,369 | INFO | Predicting employee index 285...
2026-03-04 16:58:08,369 | ERROR | Error processing employee 285: [Errno 2] No such file or directory: 'employee_attrition_model.pkl'
2026-03-04 16:58:08,369 | INFO | Predicting employee index 286...
2026-03-04 16:58:08,369 | ERROR | Error processing employee 286: [Errno 2] No such file or directory: 'employee_attrition_model.pkl'
2026-03-04 16:58:08,369 | INFO | Predicting employee index 287...
2026-03-04 16:58:08,369 | ERROR | Error processing employee 287: [Errno 2] No such file or directory: 'employee_attrition_model.pkl'
2026-03-04 16:58:08,369 | INFO | Predicting employee index 288...
2026-03-04 16:58:08,369 | ERROR | Error processing employee 288: [Errno 2] No such file or directory: 'employee_attrition_model.pkl'
2026-03-04 16:58:08,382 | INFO | Predicting employee index 289...
2026-03-04 16:58:08,382 | ERROR | Error processing employee 289: [Errno 2] No such file or directory: 'employee_attrition_model.pkl'
2026-03-04 16:58:08,382 | INFO | Predicting employee index 290...
2026-03-04 16:58:08,384 | ERROR | Error processing employee 290: [Errno 2] No such file or directory: 'employee_attrition_model.pkl'
2026-03-04 16:58:08,384 | INFO | Predicting employee index 291...
2026-03-04 16:58:08,384 | ERROR | Error processing employee 291: [Errno 2] No such file or directory: 'employee_attrition_model.pkl'
2026-03-04 16:58:08,384 | INFO | Predicting employee index 292...
2026-03-04 16:58:08,384 | ERROR | Error processing employee 292: [Errno 2] No such file or directory: 'employee_attrition_model.pkl'
2026-03-04 16:58:08,384 | INFO | Predicting employee index 293...
2026-03-04 16:58:08,384 | ERROR | Error processing employee 293: [Errno 2] No such file or directory: 'employee_attrition_model.pkl'
2026-03-04 16:58:08,384 | INFO | Predicting employee index 294...
2026-03-04 16:58:08,384 | ERROR | Error processing employee 294: [Errno 2] No such file or directory: 'employee_attrition_model.pkl'
2026-03-04 16:58:08,384 | INFO | Predicting employee index 295...
2026-03-04 16:58:08,384 | ERROR | Error processing employee 295: [Errno 2] No such file or directory: 'employee_attrition_model.pkl'
2026-03-04 16:58:08,384 | INFO | Predicting employee index 296...
2026-03-04 16:58:08,384 | ERROR | Error processing employee 296: [Errno 2] No such file or directory: 'employee_attrition_model.pkl'
2026-03-04 16:58:08,385 | INFO | Predicting employee index 297...
2026-03-04 16:58:08,385 | ERROR | Error processing employee 297: [Errno 2] No such file or directory: 'employee_attrition_model.pkl'
2026-03-04 16:58:08,385 | INFO | Predicting employee index 298...
2026-03-04 16:58:08,385 | ERROR | Error processing employee 298: [Errno 2] No such file or directory: 'employee_attrition_model.pkl'
2026-03-04 16:58:08,385 | INFO | Predicting employee index 299...
2026-03-04 16:58:08,385 | ERROR | Error processing employee 299: [Errno 2] No such file or directory: 'employee_attrition_model.pkl'
2026-03-04 16:58:08,385 | INFO | Predicting employee index 300...
2026-03-04 16:58:08,385 | ERROR | Error processing employee 300: [Errno 2] No such file or directory: 'employee_attrition_model.pkl'
2026-03-04 16:58:08,385 | INFO | Predicting employee index 301...
2026-03-04 16:58:08,385 | ERROR | Error processing employee 301: [Errno 2] No such file or directory: 'employee_attrition_model.pkl'
2026-03-04 16:58:08,385 | INFO | Predicting employee index 302...
2026-03-04 16:58:08,385 | ERROR | Error processing employee 302: [Errno 2] No such file or directory: 'employee_attrition_model.pkl'
2026-03-04 16:58:08,385 | INFO | Predicting employee index 303...
2026-03-04 16:58:08,385 | ERROR | Error processing employee 303: [Errno 2] No such file or directory: 'employee_attrition_model.pkl'
2026-03-04 16:58:08,386 | INFO | Predicting employee index 304...
2026-03-04 16:58:08,386 | ERROR | Error processing employee 304: [Errno 2] No such file or directory: 'employee_attrition_model.pkl'
2026-03-04 16:58:08,386 | INFO | Predicting employee index 305...
2026-03-04 16:58:08,386 | ERROR | Error processing employee 305: [Errno 2] No such file or directory: 'employee_attrition_model.pkl'
2026-03-04 16:58:08,386 | INFO | Predicting employee index 306...
2026-03-04 16:58:08,386 | ERROR | Error processing employee 306: [Errno 2] No such file or directory: 'employee_attrition_model.pkl'
2026-03-04 16:58:08,386 | INFO | Predicting employee index 307...
2026-03-04 16:58:08,386 | ERROR | Error processing employee 307: [Errno 2] No such file or directory: 'employee_attrition_model.pkl'
2026-03-04 16:58:08,386 | INFO | Predicting employee index 308...
2026-03-04 16:58:08,386 | ERROR | Error processing employee 308: [Errno 2] No such file or directory: 'employee_attrition_model.pkl'
2026-03-04 16:58:08,386 | INFO | Predicting employee index 309...
2026-03-04 16:58:08,386 | ERROR | Error processing employee 309: [Errno 2] No such file or directory: 'employee_attrition_model.pkl'
2026-03-04 16:58:08,399 | INFO | Predicting employee index 310...
2026-03-04 16:58:08,400 | ERROR | Error processing employee 310: [Errno 2] No such file or directory: 'employee_attrition_model.pkl'
2026-03-04 16:58:08,400 | INFO | Predicting employee index 311...
2026-03-04 16:58:08,401 | ERROR | Error processing employee 311: [Errno 2] No such file or directory: 'employee_attrition_model.pkl'
2026-03-04 16:58:08,401 | INFO | Predicting employee index 312...
2026-03-04 16:58:08,401 | ERROR | Error processing employee 312: [Errno 2] No such file or directory: 'employee_attrition_model.pkl'
2026-03-04 16:58:08,401 | INFO | Predicting employee index 313...
2026-03-04 16:58:08,401 | ERROR | Error processing employee 313: [Errno 2] No such file or directory: 'employee_attrition_model.pkl'
2026-03-04 16:58:08,401 | INFO | Predicting employee index 314...
2026-03-04 16:58:08,402 | ERROR | Error processing employee 314: [Errno 2] No such file or directory: 'employee_attrition_model.pkl'
2026-03-04 16:58:08,402 | INFO | Predicting employee index 315...
2026-03-04 16:58:08,402 | ERROR | Error processing employee 315: [Errno 2] No such file or directory: 'employee_attrition_model.pkl'
2026-03-04 16:58:08,402 | INFO | Predicting employee index 316...
2026-03-04 16:58:08,402 | ERROR | Error processing employee 316: [Errno 2] No such file or directory: 'employee_attrition_model.pkl'
2026-03-04 16:58:08,402 | INFO | Predicting employee index 317...
2026-03-04 16:58:08,402 | ERROR | Error processing employee 317: [Errno 2] No such file or directory: 'employee_attrition_model.pkl'
2026-03-04 16:58:08,403 | INFO | Predicting employee index 318...
2026-03-04 16:58:08,403 | ERROR | Error processing employee 318: [Errno 2] No such file or directory: 'employee_attrition_model.pkl'
2026-03-04 16:58:08,403 | INFO | Predicting employee index 319...
2026-03-04 16:58:08,403 | ERROR | Error processing employee 319: [Errno 2] No such file or directory: 'employee_attrition_model.pkl'
2026-03-04 16:58:08,403 | INFO | Predicting employee index 320...
2026-03-04 16:58:08,403 | ERROR | Error processing employee 320: [Errno 2] No such file or directory: 'employee_attrition_model.pkl'
2026-03-04 16:58:08,404 | INFO | Predicting employee index 321...
2026-03-04 16:58:08,404 | ERROR | Error processing employee 321: [Errno 2] No such file or directory: 'employee_attrition_model.pkl'
2026-03-04 16:58:08,404 | INFO | Predicting employee index 322...
2026-03-04 16:58:08,404 | ERROR | Error processing employee 322: [Errno 2] No such file or directory: 'employee_attrition_model.pkl'
2026-03-04 16:58:08,404 | INFO | Predicting employee index 323...
2026-03-04 16:58:08,404 | ERROR | Error processing employee 323: [Errno 2] No such file or directory: 'employee_attrition_model.pkl'
2026-03-04 16:58:08,404 | INFO | Predicting employee index 324...
2026-03-04 16:58:08,405 | ERROR | Error processing employee 324: [Errno 2] No such file or directory: 'employee_attrition_model.pkl'
2026-03-04 16:58:08,405 | INFO | Predicting employee index 325...
2026-03-04 16:58:08,405 | ERROR | Error processing employee 325: [Errno 2] No such file or directory: 'employee_attrition_model.pkl'
2026-03-04 16:58:08,405 | INFO | Predicting employee index 326...
2026-03-04 16:58:08,405 | ERROR | Error processing employee 326: [Errno 2] No such file or directory: 'employee_attrition_model.pkl'
2026-03-04 16:58:08,405 | INFO | Predicting employee index 327...
2026-03-04 16:58:08,405 | ERROR | Error processing employee 327: [Errno 2] No such file or directory: 'employee_attrition_model.pkl'
2026-03-04 16:58:08,406 | INFO | Predicting employee index 328...
2026-03-04 16:58:08,406 | ERROR | Error processing employee 328: [Errno 2] No such file or directory: 'employee_attrition_model.pkl'
2026-03-04 16:58:08,406 | INFO | Predicting employee index 329...
2026-03-04 16:58:08,406 | ERROR | Error processing employee 329: [Errno 2] No such file or directory: 'employee_attrition_model.pkl'
2026-03-04 16:58:08,406 | INFO | Predicting employee index 330...
2026-03-04 16:58:08,406 | ERROR | Error processing employee 330: [Errno 2] No such file or directory: 'employee_attrition_model.pkl'
2026-03-04 16:58:08,414 | INFO | Predicting employee index 331...
2026-03-04 16:58:08,415 | ERROR | Error processing employee 331: [Errno 2] No such file or directory: 'employee_attrition_model.pkl'
2026-03-04 16:58:08,415 | INFO | Predicting employee index 332...
2026-03-04 16:58:08,416 | ERROR | Error processing employee 332: [Errno 2] No such file or directory: 'employee_attrition_model.pkl'
2026-03-04 16:58:08,416 | INFO | Predicting employee index 333...
2026-03-04 16:58:08,416 | ERROR | Error processing employee 333: [Errno 2] No such file or directory: 'employee_attrition_model.pkl'
2026-03-04 16:58:08,416 | INFO | Predicting employee index 334...
2026-03-04 16:58:08,416 | ERROR | Error processing employee 334: [Errno 2] No such file or directory: 'employee_attrition_model.pkl'
2026-03-04 16:58:08,417 | INFO | Predicting employee index 335...
2026-03-04 16:58:08,417 | ERROR | Error processing employee 335: [Errno 2] No such file or directory: 'employee_attrition_model.pkl'
2026-03-04 16:58:08,417 | INFO | Predicting employee index 336...
2026-03-04 16:58:08,417 | ERROR | Error processing employee 336: [Errno 2] No such file or directory: 'employee_attrition_model.pkl'
2026-03-04 16:58:08,417 | INFO | Predicting employee index 337...
2026-03-04 16:58:08,417 | ERROR | Error processing employee 337: [Errno 2] No such file or directory: 'employee_attrition_model.pkl'
2026-03-04 16:58:08,417 | INFO | Predicting employee index 338...
2026-03-04 16:58:08,418 | ERROR | Error processing employee 338: [Errno 2] No such file or directory: 'employee_attrition_model.pkl'
2026-03-04 16:58:08,418 | INFO | Predicting employee index 339...
2026-03-04 16:58:08,418 | ERROR | Error processing employee 339: [Errno 2] No such file or directory: 'employee_attrition_model.pkl'
2026-03-04 16:58:08,418 | INFO | Predicting employee index 340...
2026-03-04 16:58:08,418 | ERROR | Error processing employee 340: [Errno 2] No such file or directory: 'employee_attrition_model.pkl'
2026-03-04 16:58:08,418 | INFO | Predicting employee index 341...
2026-03-04 16:58:08,418 | ERROR | Error processing employee 341: [Errno 2] No such file or directory: 'employee_attrition_model.pkl'
2026-03-04 16:58:08,419 | INFO | Predicting employee index 342...
2026-03-04 16:58:08,419 | ERROR | Error processing employee 342: [Errno 2] No such file or directory: 'employee_attrition_model.pkl'
2026-03-04 16:58:08,419 | INFO | Predicting employee index 343...
2026-03-04 16:58:08,419 | ERROR | Error processing employee 343: [Errno 2] No such file or directory: 'employee_attrition_model.pkl'
2026-03-04 16:58:08,419 | INFO | Predicting employee index 344...
2026-03-04 16:58:08,420 | ERROR | Error processing employee 344: [Errno 2] No such file or directory: 'employee_attrition_model.pkl'
2026-03-04 16:58:08,420 | INFO | Predicting employee index 345...
2026-03-04 16:58:08,420 | ERROR | Error processing employee 345: [Errno 2] No such file or directory: 'employee_attrition_model.pkl'
2026-03-04 16:58:08,420 | INFO | Predicting employee index 346...
2026-03-04 16:58:08,420 | ERROR | Error processing employee 346: [Errno 2] No such file or directory: 'employee_attrition_model.pkl'
2026-03-04 16:58:08,421 | INFO | Predicting employee index 347...
2026-03-04 16:58:08,421 | ERROR | Error processing employee 347: [Errno 2] No such file or directory: 'employee_attrition_model.pkl'
2026-03-04 16:58:08,421 | INFO | Predicting employee index 348...
2026-03-04 16:58:08,421 | ERROR | Error processing employee 348: [Errno 2] No such file or directory: 'employee_attrition_model.pkl'
2026-03-04 16:58:08,421 | INFO | Predicting employee index 349...
2026-03-04 16:58:08,421 | ERROR | Error processing employee 349: [Errno 2] No such file or directory: 'employee_attrition_model.pkl'
2026-03-04 16:58:08,422 | INFO | Predicting employee index 350...
2026-03-04 16:58:08,422 | ERROR | Error processing employee 350: [Errno 2] No such file or directory: 'employee_attrition_model.pkl'
2026-03-04 16:58:08,422 | INFO | Predicting employee index 351...
2026-03-04 16:58:08,422 | ERROR | Error processing employee 351: [Errno 2] No such file or directory: 'employee_attrition_model.pkl'
2026-03-04 16:58:08,430 | INFO | Predicting employee index 352...
2026-03-04 16:58:08,430 | ERROR | Error processing employee 352: [Errno 2] No such file or directory: 'employee_attrition_model.pkl'
2026-03-04 16:58:08,431 | INFO | Predicting employee index 353...
2026-03-04 16:58:08,431 | ERROR | Error processing employee 353: [Errno 2] No such file or directory: 'employee_attrition_model.pkl'
2026-03-04 16:58:08,431 | INFO | Predicting employee index 354...
2026-03-04 16:58:08,431 | ERROR | Error processing employee 354: [Errno 2] No such file or directory: 'employee_attrition_model.pkl'
2026-03-04 16:58:08,432 | INFO | Predicting employee index 355...
2026-03-04 16:58:08,432 | ERROR | Error processing employee 355: [Errno 2] No such file or directory: 'employee_attrition_model.pkl'
2026-03-04 16:58:08,432 | INFO | Predicting employee index 356...
2026-03-04 16:58:08,432 | ERROR | Error processing employee 356: [Errno 2] No such file or directory: 'employee_attrition_model.pkl'
2026-03-04 16:58:08,433 | INFO | Predicting employee index 357...
2026-03-04 16:58:08,433 | ERROR | Error processing employee 357: [Errno 2] No such file or directory: 'employee_attrition_model.pkl'
2026-03-04 16:58:08,433 | INFO | Predicting employee index 358...
2026-03-04 16:58:08,433 | ERROR | Error processing employee 358: [Errno 2] No such file or directory: 'employee_attrition_model.pkl'
2026-03-04 16:58:08,433 | INFO | Predicting employee index 359...
2026-03-04 16:58:08,434 | ERROR | Error processing employee 359: [Errno 2] No such file or directory: 'employee_attrition_model.pkl'
2026-03-04 16:58:08,434 | INFO | Predicting employee index 360...
2026-03-04 16:58:08,434 | ERROR | Error processing employee 360: [Errno 2] No such file or directory: 'employee_attrition_model.pkl'
2026-03-04 16:58:08,434 | INFO | Predicting employee index 361...
2026-03-04 16:58:08,434 | ERROR | Error processing employee 361: [Errno 2] No such file or directory: 'employee_attrition_model.pkl'
2026-03-04 16:58:08,434 | INFO | Predicting employee index 362...
2026-03-04 16:58:08,434 | ERROR | Error processing employee 362: [Errno 2] No such file or directory: 'employee_attrition_model.pkl'
2026-03-04 16:58:08,435 | INFO | Predicting employee index 363...
2026-03-04 16:58:08,435 | ERROR | Error processing employee 363: [Errno 2] No such file or directory: 'employee_attrition_model.pkl'
2026-03-04 16:58:08,435 | INFO | Predicting employee index 364...
2026-03-04 16:58:08,435 | ERROR | Error processing employee 364: [Errno 2] No such file or directory: 'employee_attrition_model.pkl'
2026-03-04 16:58:08,435 | INFO | Predicting employee index 365...
2026-03-04 16:58:08,435 | ERROR | Error processing employee 365: [Errno 2] No such file or directory: 'employee_attrition_model.pkl'
2026-03-04 16:58:08,436 | INFO | Predicting employee index 366...
2026-03-04 16:58:08,436 | ERROR | Error processing employee 366: [Errno 2] No such file or directory: 'employee_attrition_model.pkl'
2026-03-04 16:58:08,436 | INFO | Predicting employee index 367...
2026-03-04 16:58:08,436 | ERROR | Error processing employee 367: [Errno 2] No such file or directory: 'employee_attrition_model.pkl'
2026-03-04 16:58:08,436 | INFO | Predicting employee index 368...
2026-03-04 16:58:08,436 | ERROR | Error processing employee 368: [Errno 2] No such file or directory: 'employee_attrition_model.pkl'
2026-03-04 16:58:08,436 | INFO | Predicting employee index 369...
2026-03-04 16:58:08,437 | ERROR | Error processing employee 369: [Errno 2] No such file or directory: 'employee_attrition_model.pkl'
2026-03-04 16:58:08,437 | INFO | Predicting employee index 370...
2026-03-04 16:58:08,437 | ERROR | Error processing employee 370: [Errno 2] No such file or directory: 'employee_attrition_model.pkl'
2026-03-04 16:58:08,437 | INFO | Predicting employee index 371...
2026-03-04 16:58:08,437 | ERROR | Error processing employee 371: [Errno 2] No such file or directory: 'employee_attrition_model.pkl'
2026-03-04 16:58:08,437 | INFO | Predicting employee index 372...
2026-03-04 16:58:08,437 | ERROR | Error processing employee 372: [Errno 2] No such file or directory: 'employee_attrition_model.pkl'
2026-03-04 16:58:08,447 | INFO | Predicting employee index 373...
2026-03-04 16:58:08,447 | ERROR | Error processing employee 373: [Errno 2] No such file or directory: 'employee_attrition_model.pkl'
2026-03-04 16:58:08,448 | INFO | Predicting employee index 374...
2026-03-04 16:58:08,448 | ERROR | Error processing employee 374: [Errno 2] No such file or directory: 'employee_attrition_model.pkl'
2026-03-04 16:58:08,449 | INFO | Predicting employee index 375...
2026-03-04 16:58:08,449 | ERROR | Error processing employee 375: [Errno 2] No such file or directory: 'employee_attrition_model.pkl'
2026-03-04 16:58:08,450 | INFO | Predicting employee index 376...
2026-03-04 16:58:08,450 | ERROR | Error processing employee 376: [Errno 2] No such file or directory: 'employee_attrition_model.pkl'
2026-03-04 16:58:08,450 | INFO | Predicting employee index 377...
2026-03-04 16:58:08,450 | ERROR | Error processing employee 377: [Errno 2] No such file or directory: 'employee_attrition_model.pkl'
2026-03-04 16:58:08,451 | INFO | Predicting employee index 378...
2026-03-04 16:58:08,451 | ERROR | Error processing employee 378: [Errno 2] No such file or directory: 'employee_attrition_model.pkl'
2026-03-04 16:58:08,451 | INFO | Predicting employee index 379...
2026-03-04 16:58:08,451 | ERROR | Error processing employee 379: [Errno 2] No such file or directory: 'employee_attrition_model.pkl'
2026-03-04 16:58:08,451 | INFO | Predicting employee index 380...
2026-03-04 16:58:08,452 | ERROR | Error processing employee 380: [Errno 2] No such file or directory: 'employee_attrition_model.pkl'
2026-03-04 16:58:08,452 | INFO | Predicting employee index 381...
2026-03-04 16:58:08,452 | ERROR | Error processing employee 381: [Errno 2] No such file or directory: 'employee_attrition_model.pkl'
2026-03-04 16:58:08,452 | INFO | Predicting employee index 382...
2026-03-04 16:58:08,452 | ERROR | Error processing employee 382: [Errno 2] No such file or directory: 'employee_attrition_model.pkl'
2026-03-04 16:58:08,453 | INFO | Predicting employee index 383...
2026-03-04 16:58:08,453 | ERROR | Error processing employee 383: [Errno 2] No such file or directory: 'employee_attrition_model.pkl'
2026-03-04 16:58:08,453 | INFO | Predicting employee index 384...
2026-03-04 16:58:08,453 | ERROR | Error processing employee 384: [Errno 2] No such file or directory: 'employee_attrition_model.pkl'
2026-03-04 16:58:08,453 | INFO | Predicting employee index 385...
2026-03-04 16:58:08,453 | ERROR | Error processing employee 385: [Errno 2] No such file or directory: 'employee_attrition_model.pkl'
2026-03-04 16:58:08,454 | INFO | Predicting employee index 386...
2026-03-04 16:58:08,454 | ERROR | Error processing employee 386: [Errno 2] No such file or directory: 'employee_attrition_model.pkl'
2026-03-04 16:58:08,454 | INFO | Predicting employee index 387...
2026-03-04 16:58:08,454 | ERROR | Error processing employee 387: [Errno 2] No such file or directory: 'employee_attrition_model.pkl'
2026-03-04 16:58:08,454 | INFO | Predicting employee index 388...
2026-03-04 16:58:08,454 | ERROR | Error processing employee 388: [Errno 2] No such file or directory: 'employee_attrition_model.pkl'
2026-03-04 16:58:08,455 | INFO | Predicting employee index 389...
2026-03-04 16:58:08,455 | ERROR | Error processing employee 389: [Errno 2] No such file or directory: 'employee_attrition_model.pkl'
2026-03-04 16:58:08,455 | INFO | Predicting employee index 390...
2026-03-04 16:58:08,455 | ERROR | Error processing employee 390: [Errno 2] No such file or directory: 'employee_attrition_model.pkl'
2026-03-04 16:58:08,455 | INFO | Predicting employee index 391...
2026-03-04 16:58:08,455 | ERROR | Error processing employee 391: [Errno 2] No such file or directory: 'employee_attrition_model.pkl'
2026-03-04 16:58:08,456 | INFO | Predicting employee index 392...
2026-03-04 16:58:08,456 | ERROR | Error processing employee 392: [Errno 2] No such file or directory: 'employee_attrition_model.pkl'
2026-03-04 16:58:08,456 | INFO | Predicting employee index 393...
2026-03-04 16:58:08,456 | ERROR | Error processing employee 393: [Errno 2] No such file or directory: 'employee_attrition_model.pkl'
2026-03-04 16:58:08,462 | INFO | Predicting employee index 394...
2026-03-04 16:58:08,463 | ERROR | Error processing employee 394: [Errno 2] No such file or directory: 'employee_attrition_model.pkl'
2026-03-04 16:58:08,463 | INFO | Predicting employee index 395...
2026-03-04 16:58:08,463 | ERROR | Error processing employee 395: [Errno 2] No such file or directory: 'employee_attrition_model.pkl'
2026-03-04 16:58:08,464 | INFO | Predicting employee index 396...
2026-03-04 16:58:08,464 | ERROR | Error processing employee 396: [Errno 2] No such file or directory: 'employee_attrition_model.pkl'
2026-03-04 16:58:08,465 | INFO | Predicting employee index 397...
2026-03-04 16:58:08,465 | ERROR | Error processing employee 397: [Errno 2] No such file or directory: 'employee_attrition_model.pkl'
2026-03-04 16:58:08,465 | INFO | Predicting employee index 398...
2026-03-04 16:58:08,466 | ERROR | Error processing employee 398: [Errno 2] No such file or directory: 'employee_attrition_model.pkl'
2026-03-04 16:58:08,466 | INFO | Predicting employee index 399...
2026-03-04 16:58:08,466 | ERROR | Error processing employee 399: [Errno 2] No such file or directory: 'employee_attrition_model.pkl'
2026-03-04 16:58:08,467 | INFO | Predicting employee index 400...
2026-03-04 16:58:08,467 | ERROR | Error processing employee 400: [Errno 2] No such file or directory: 'employee_attrition_model.pkl'
2026-03-04 16:58:08,467 | INFO | Predicting employee index 401...
2026-03-04 16:58:08,467 | ERROR | Error processing employee 401: [Errno 2] No such file or directory: 'employee_attrition_model.pkl'
2026-03-04 16:58:08,467 | INFO | Predicting employee index 402...
2026-03-04 16:58:08,468 | ERROR | Error processing employee 402: [Errno 2] No such file or directory: 'employee_attrition_model.pkl'
2026-03-04 16:58:08,468 | INFO | Predicting employee index 403...
2026-03-04 16:58:08,468 | ERROR | Error processing employee 403: [Errno 2] No such file or directory: 'employee_attrition_model.pkl'
2026-03-04 16:58:08,468 | INFO | Predicting employee index 404...
2026-03-04 16:58:08,468 | ERROR | Error processing employee 404: [Errno 2] No such file or directory: 'employee_attrition_model.pkl'
2026-03-04 16:58:08,469 | INFO | Predicting employee index 405...
2026-03-04 16:58:08,469 | ERROR | Error processing employee 405: [Errno 2] No such file or directory: 'employee_attrition_model.pkl'
2026-03-04 16:58:08,469 | INFO | Predicting employee index 406...
2026-03-04 16:58:08,469 | ERROR | Error processing employee 406: [Errno 2] No such file or directory: 'employee_attrition_model.pkl'
2026-03-04 16:58:08,469 | INFO | Predicting employee index 407...
2026-03-04 16:58:08,470 | ERROR | Error processing employee 407: [Errno 2] No such file or directory: 'employee_attrition_model.pkl'
2026-03-04 16:58:08,470 | INFO | Predicting employee index 408...
2026-03-04 16:58:08,470 | ERROR | Error processing employee 408: [Errno 2] No such file or directory: 'employee_attrition_model.pkl'
2026-03-04 16:58:08,470 | INFO | Predicting employee index 409...
2026-03-04 16:58:08,470 | ERROR | Error processing employee 409: [Errno 2] No such file or directory: 'employee_attrition_model.pkl'
2026-03-04 16:58:08,470 | INFO | Predicting employee index 410...
2026-03-04 16:58:08,471 | ERROR | Error processing employee 410: [Errno 2] No such file or directory: 'employee_attrition_model.pkl'
2026-03-04 16:58:08,471 | INFO | Predicting employee index 411...
2026-03-04 16:58:08,471 | ERROR | Error processing employee 411: [Errno 2] No such file or directory: 'employee_attrition_model.pkl'
2026-03-04 16:58:08,471 | INFO | Predicting employee index 412...
2026-03-04 16:58:08,471 | ERROR | Error processing employee 412: [Errno 2] No such file or directory: 'employee_attrition_model.pkl'
2026-03-04 16:58:08,471 | INFO | Predicting employee index 413...
2026-03-04 16:58:08,471 | ERROR | Error processing employee 413: [Errno 2] No such file or directory: 'employee_attrition_model.pkl'
2026-03-04 16:58:08,472 | INFO | Predicting employee index 414...
2026-03-04 16:58:08,472 | ERROR | Error processing employee 414: [Errno 2] No such file or directory: 'employee_attrition_model.pkl'
2026-03-04 16:58:08,478 | INFO | Predicting employee index 415...
2026-03-04 16:58:08,479 | ERROR | Error processing employee 415: [Errno 2] No such file or directory: 'employee_attrition_model.pkl'
2026-03-04 16:58:08,479 | INFO | Predicting employee index 416...
2026-03-04 16:58:08,479 | ERROR | Error processing employee 416: [Errno 2] No such file or directory: 'employee_attrition_model.pkl'
2026-03-04 16:58:08,479 | INFO | Predicting employee index 417...
2026-03-04 16:58:08,479 | ERROR | Error processing employee 417: [Errno 2] No such file or directory: 'employee_attrition_model.pkl'
2026-03-04 16:58:08,479 | INFO | Predicting employee index 418...
2026-03-04 16:58:08,479 | ERROR | Error processing employee 418: [Errno 2] No such file or directory: 'employee_attrition_model.pkl'
2026-03-04 16:58:08,480 | INFO | Predicting employee index 419...
2026-03-04 16:58:08,480 | ERROR | Error processing employee 419: [Errno 2] No such file or directory: 'employee_attrition_model.pkl'
2026-03-04 16:58:08,480 | INFO | Predicting employee index 420...
2026-03-04 16:58:08,480 | ERROR | Error processing employee 420: [Errno 2] No such file or directory: 'employee_attrition_model.pkl'
2026-03-04 16:58:08,480 | INFO | Predicting employee index 421...
2026-03-04 16:58:08,480 | ERROR | Error processing employee 421: [Errno 2] No such file or directory: 'employee_attrition_model.pkl'
2026-03-04 16:58:08,480 | INFO | Predicting employee index 422...
2026-03-04 16:58:08,480 | ERROR | Error processing employee 422: [Errno 2] No such file or directory: 'employee_attrition_model.pkl'
2026-03-04 16:58:08,480 | INFO | Predicting employee index 423...
2026-03-04 16:58:08,482 | ERROR | Error processing employee 423: [Errno 2] No such file or directory: 'employee_attrition_model.pkl'
2026-03-04 16:58:08,482 | INFO | Predicting employee index 424...
2026-03-04 16:58:08,482 | ERROR | Error processing employee 424: [Errno 2] No such file or directory: 'employee_attrition_model.pkl'
2026-03-04 16:58:08,483 | INFO | Predicting employee index 425...
2026-03-04 16:58:08,483 | ERROR | Error processing employee 425: [Errno 2] No such file or directory: 'employee_attrition_model.pkl'
2026-03-04 16:58:08,484 | INFO | Predicting employee index 426...
2026-03-04 16:58:08,485 | ERROR | Error processing employee 426: [Errno 2] No such file or directory: 'employee_attrition_model.pkl'
2026-03-04 16:58:08,485 | INFO | Predicting employee index 427...
2026-03-04 16:58:08,485 | ERROR | Error processing employee 427: [Errno 2] No such file or directory: 'employee_attrition_model.pkl'
2026-03-04 16:58:08,485 | INFO | Predicting employee index 428...
2026-03-04 16:58:08,485 | ERROR | Error processing employee 428: [Errno 2] No such file or directory: 'employee_attrition_model.pkl'
2026-03-04 16:58:08,485 | INFO | Predicting employee index 429...
2026-03-04 16:58:08,485 | ERROR | Error processing employee 429: [Errno 2] No such file or directory: 'employee_attrition_model.pkl'
2026-03-04 16:58:08,485 | INFO | Predicting employee index 430...
2026-03-04 16:58:08,485 | ERROR | Error processing employee 430: [Errno 2] No such file or directory: 'employee_attrition_model.pkl'
2026-03-04 16:58:08,485 | INFO | Predicting employee index 431...
2026-03-04 16:58:08,485 | ERROR | Error processing employee 431: [Errno 2] No such file or directory: 'employee_attrition_model.pkl'
2026-03-04 16:58:08,485 | INFO | Predicting employee index 432...
2026-03-04 16:58:08,485 | ERROR | Error processing employee 432: [Errno 2] No such file or directory: 'employee_attrition_model.pkl'
2026-03-04 16:58:08,485 | INFO | Predicting employee index 433...
2026-03-04 16:58:08,485 | ERROR | Error processing employee 433: [Errno 2] No such file or directory: 'employee_attrition_model.pkl'
2026-03-04 16:58:08,487 | INFO | Predicting employee index 434...
2026-03-04 16:58:08,487 | ERROR | Error processing employee 434: [Errno 2] No such file or directory: 'employee_attrition_model.pkl'
2026-03-04 16:58:08,487 | INFO | Predicting employee index 435...
2026-03-04 16:58:08,487 | ERROR | Error processing employee 435: [Errno 2] No such file or directory: 'employee_attrition_model.pkl'
2026-03-04 16:58:08,494 | INFO | Predicting employee index 436...
2026-03-04 16:58:08,494 | ERROR | Error processing employee 436: [Errno 2] No such file or directory: 'employee_attrition_model.pkl'
2026-03-04 16:58:08,495 | INFO | Predicting employee index 437...
2026-03-04 16:58:08,495 | ERROR | Error processing employee 437: [Errno 2] No such file or directory: 'employee_attrition_model.pkl'
2026-03-04 16:58:08,495 | INFO | Predicting employee index 438...
2026-03-04 16:58:08,495 | ERROR | Error processing employee 438: [Errno 2] No such file or directory: 'employee_attrition_model.pkl'
2026-03-04 16:58:08,496 | INFO | Predicting employee index 439...
2026-03-04 16:58:08,496 | ERROR | Error processing employee 439: [Errno 2] No such file or directory: 'employee_attrition_model.pkl'
2026-03-04 16:58:08,496 | INFO | Predicting employee index 440...
2026-03-04 16:58:08,496 | ERROR | Error processing employee 440: [Errno 2] No such file or directory: 'employee_attrition_model.pkl'
2026-03-04 16:58:08,496 | INFO | Predicting employee index 441...
2026-03-04 16:58:08,497 | ERROR | Error processing employee 441: [Errno 2] No such file or directory: 'employee_attrition_model.pkl'
2026-03-04 16:58:08,497 | INFO | Predicting employee index 442...
2026-03-04 16:58:08,497 | ERROR | Error processing employee 442: [Errno 2] No such file or directory: 'employee_attrition_model.pkl'
2026-03-04 16:58:08,497 | INFO | Predicting employee index 443...
2026-03-04 16:58:08,497 | ERROR | Error processing employee 443: [Errno 2] No such file or directory: 'employee_attrition_model.pkl'
2026-03-04 16:58:08,498 | INFO | Predicting employee index 444...
2026-03-04 16:58:08,498 | ERROR | Error processing employee 444: [Errno 2] No such file or directory: 'employee_attrition_model.pkl'
2026-03-04 16:58:08,498 | INFO | Predicting employee index 445...
2026-03-04 16:58:08,499 | ERROR | Error processing employee 445: [Errno 2] No such file or directory: 'employee_attrition_model.pkl'
2026-03-04 16:58:08,499 | INFO | Predicting employee index 446...
2026-03-04 16:58:08,499 | ERROR | Error processing employee 446: [Errno 2] No such file or directory: 'employee_attrition_model.pkl'
2026-03-04 16:58:08,500 | INFO | Predicting employee index 447...
2026-03-04 16:58:08,500 | ERROR | Error processing employee 447: [Errno 2] No such file or directory: 'employee_attrition_model.pkl'
2026-03-04 16:58:08,500 | INFO | Predicting employee index 448...
2026-03-04 16:58:08,500 | ERROR | Error processing employee 448: [Errno 2] No such file or directory: 'employee_attrition_model.pkl'
2026-03-04 16:58:08,501 | INFO | Predicting employee index 449...
2026-03-04 16:58:08,501 | ERROR | Error processing employee 449: [Errno 2] No such file or directory: 'employee_attrition_model.pkl'
2026-03-04 16:58:08,501 | INFO | Predicting employee index 450...
2026-03-04 16:58:08,501 | ERROR | Error processing employee 450: [Errno 2] No such file or directory: 'employee_attrition_model.pkl'
2026-03-04 16:58:08,501 | INFO | Predicting employee index 451...
2026-03-04 16:58:08,501 | ERROR | Error processing employee 451: [Errno 2] No such file or directory: 'employee_attrition_model.pkl'
2026-03-04 16:58:08,501 | INFO | Predicting employee index 452...
2026-03-04 16:58:08,502 | ERROR | Error processing employee 452: [Errno 2] No such file or directory: 'employee_attrition_model.pkl'
2026-03-04 16:58:08,502 | INFO | Predicting employee index 453...
2026-03-04 16:58:08,502 | ERROR | Error processing employee 453: [Errno 2] No such file or directory: 'employee_attrition_model.pkl'
2026-03-04 16:58:08,502 | INFO | Predicting employee index 454...
2026-03-04 16:58:08,502 | ERROR | Error processing employee 454: [Errno 2] No such file or directory: 'employee_attrition_model.pkl'
2026-03-04 16:58:08,502 | INFO | Predicting employee index 455...
2026-03-04 16:58:08,502 | ERROR | Error processing employee 455: [Errno 2] No such file or directory: 'employee_attrition_model.pkl'
2026-03-04 16:58:08,503 | INFO | Predicting employee index 456...
2026-03-04 16:58:08,503 | ERROR | Error processing employee 456: [Errno 2] No such file or directory: 'employee_attrition_model.pkl'
2026-03-04 16:58:08,510 | INFO | Predicting employee index 457...
2026-03-04 16:58:08,511 | ERROR | Error processing employee 457: [Errno 2] No such file or directory: 'employee_attrition_model.pkl'
2026-03-04 16:58:08,511 | INFO | Predicting employee index 458...
2026-03-04 16:58:08,511 | ERROR | Error processing employee 458: [Errno 2] No such file or directory: 'employee_attrition_model.pkl'
2026-03-04 16:58:08,511 | INFO | Predicting employee index 459...
2026-03-04 16:58:08,511 | ERROR | Error processing employee 459: [Errno 2] No such file or directory: 'employee_attrition_model.pkl'
2026-03-04 16:58:08,511 | INFO | Predicting employee index 460...
2026-03-04 16:58:08,512 | ERROR | Error processing employee 460: [Errno 2] No such file or directory: 'employee_attrition_model.pkl'
2026-03-04 16:58:08,512 | INFO | Predicting employee index 461...
2026-03-04 16:58:08,512 | ERROR | Error processing employee 461: [Errno 2] No such file or directory: 'employee_attrition_model.pkl'
2026-03-04 16:58:08,513 | INFO | Predicting employee index 462...
2026-03-04 16:58:08,513 | ERROR | Error processing employee 462: [Errno 2] No such file or directory: 'employee_attrition_model.pkl'
2026-03-04 16:58:08,513 | INFO | Predicting employee index 463...
2026-03-04 16:58:08,513 | ERROR | Error processing employee 463: [Errno 2] No such file or directory: 'employee_attrition_model.pkl'
2026-03-04 16:58:08,513 | INFO | Predicting employee index 464...
2026-03-04 16:58:08,513 | ERROR | Error processing employee 464: [Errno 2] No such file or directory: 'employee_attrition_model.pkl'
2026-03-04 16:58:08,514 | INFO | Predicting employee index 465...
2026-03-04 16:58:08,514 | ERROR | Error processing employee 465: [Errno 2] No such file or directory: 'employee_attrition_model.pkl'
2026-03-04 16:58:08,514 | INFO | Predicting employee index 466...
2026-03-04 16:58:08,514 | ERROR | Error processing employee 466: [Errno 2] No such file or directory: 'employee_attrition_model.pkl'
2026-03-04 16:58:08,515 | INFO | Predicting employee index 467...
2026-03-04 16:58:08,515 | ERROR | Error processing employee 467: [Errno 2] No such file or directory: 'employee_attrition_model.pkl'
2026-03-04 16:58:08,515 | INFO | Predicting employee index 468...
2026-03-04 16:58:08,515 | ERROR | Error processing employee 468: [Errno 2] No such file or directory: 'employee_attrition_model.pkl'
2026-03-04 16:58:08,516 | INFO | Predicting employee index 469...
2026-03-04 16:58:08,516 | ERROR | Error processing employee 469: [Errno 2] No such file or directory: 'employee_attrition_model.pkl'
2026-03-04 16:58:08,516 | INFO | Predicting employee index 470...
2026-03-04 16:58:08,516 | ERROR | Error processing employee 470: [Errno 2] No such file or directory: 'employee_attrition_model.pkl'
2026-03-04 16:58:08,517 | INFO | Predicting employee index 471...
2026-03-04 16:58:08,517 | ERROR | Error processing employee 471: [Errno 2] No such file or directory: 'employee_attrition_model.pkl'
2026-03-04 16:58:08,517 | INFO | Predicting employee index 472...
2026-03-04 16:58:08,517 | ERROR | Error processing employee 472: [Errno 2] No such file or directory: 'employee_attrition_model.pkl'
2026-03-04 16:58:08,517 | INFO | Predicting employee index 473...
2026-03-04 16:58:08,518 | ERROR | Error processing employee 473: [Errno 2] No such file or directory: 'employee_attrition_model.pkl'
2026-03-04 16:58:08,518 | INFO | Predicting employee index 474...
2026-03-04 16:58:08,518 | ERROR | Error processing employee 474: [Errno 2] No such file or directory: 'employee_attrition_model.pkl'
2026-03-04 16:58:08,518 | INFO | Predicting employee index 475...
2026-03-04 16:58:08,518 | ERROR | Error processing employee 475: [Errno 2] No such file or directory: 'employee_attrition_model.pkl'
2026-03-04 16:58:08,518 | INFO | Predicting employee index 476...
2026-03-04 16:58:08,519 | ERROR | Error processing employee 476: [Errno 2] No such file or directory: 'employee_attrition_model.pkl'
2026-03-04 16:58:08,519 | INFO | Predicting employee index 477...
2026-03-04 16:58:08,519 | ERROR | Error processing employee 477: [Errno 2] No such file or directory: 'employee_attrition_model.pkl'
2026-03-04 16:58:08,526 | INFO | Predicting employee index 478...
2026-03-04 16:58:08,527 | ERROR | Error processing employee 478: [Errno 2] No such file or directory: 'employee_attrition_model.pkl'
2026-03-04 16:58:08,527 | INFO | Predicting employee index 479...
2026-03-04 16:58:08,527 | ERROR | Error processing employee 479: [Errno 2] No such file or directory: 'employee_attrition_model.pkl'
2026-03-04 16:58:08,527 | INFO | Predicting employee index 480...
2026-03-04 16:58:08,527 | ERROR | Error processing employee 480: [Errno 2] No such file or directory: 'employee_attrition_model.pkl'
2026-03-04 16:58:08,528 | INFO | Predicting employee index 481...
2026-03-04 16:58:08,528 | ERROR | Error processing employee 481: [Errno 2] No such file or directory: 'employee_attrition_model.pkl'
2026-03-04 16:58:08,528 | INFO | Predicting employee index 482...
2026-03-04 16:58:08,528 | ERROR | Error processing employee 482: [Errno 2] No such file or directory: 'employee_attrition_model.pkl'
2026-03-04 16:58:08,528 | INFO | Predicting employee index 483...
2026-03-04 16:58:08,528 | ERROR | Error processing employee 483: [Errno 2] No such file or directory: 'employee_attrition_model.pkl'
2026-03-04 16:58:08,529 | INFO | Predicting employee index 484...
2026-03-04 16:58:08,529 | ERROR | Error processing employee 484: [Errno 2] No such file or directory: 'employee_attrition_model.pkl'
2026-03-04 16:58:08,529 | INFO | Predicting employee index 485...
2026-03-04 16:58:08,529 | ERROR | Error processing employee 485: [Errno 2] No such file or directory: 'employee_attrition_model.pkl'
2026-03-04 16:58:08,529 | INFO | Predicting employee index 486...
2026-03-04 16:58:08,529 | ERROR | Error processing employee 486: [Errno 2] No such file or directory: 'employee_attrition_model.pkl'
2026-03-04 16:58:08,530 | INFO | Predicting employee index 487...
2026-03-04 16:58:08,530 | ERROR | Error processing employee 487: [Errno 2] No such file or directory: 'employee_attrition_model.pkl'
2026-03-04 16:58:08,530 | INFO | Predicting employee index 488...
2026-03-04 16:58:08,530 | ERROR | Error processing employee 488: [Errno 2] No such file or directory: 'employee_attrition_model.pkl'
2026-03-04 16:58:08,530 | INFO | Predicting employee index 489...
2026-03-04 16:58:08,530 | ERROR | Error processing employee 489: [Errno 2] No such file or directory: 'employee_attrition_model.pkl'
2026-03-04 16:58:08,530 | INFO | Predicting employee index 490...
2026-03-04 16:58:08,530 | ERROR | Error processing employee 490: [Errno 2] No such file or directory: 'employee_attrition_model.pkl'
2026-03-04 16:58:08,531 | INFO | Predicting employee index 491...
2026-03-04 16:58:08,531 | ERROR | Error processing employee 491: [Errno 2] No such file or directory: 'employee_attrition_model.pkl'
2026-03-04 16:58:08,531 | INFO | Predicting employee index 492...
2026-03-04 16:58:08,531 | ERROR | Error processing employee 492: [Errno 2] No such file or directory: 'employee_attrition_model.pkl'
2026-03-04 16:58:08,531 | INFO | Predicting employee index 493...
2026-03-04 16:58:08,532 | ERROR | Error processing employee 493: [Errno 2] No such file or directory: 'employee_attrition_model.pkl'
2026-03-04 16:58:08,532 | INFO | Predicting employee index 494...
2026-03-04 16:58:08,532 | ERROR | Error processing employee 494: [Errno 2] No such file or directory: 'employee_attrition_model.pkl'
2026-03-04 16:58:08,532 | INFO | Predicting employee index 495...
2026-03-04 16:58:08,532 | ERROR | Error processing employee 495: [Errno 2] No such file or directory: 'employee_attrition_model.pkl'
2026-03-04 16:58:08,533 | INFO | Predicting employee index 496...
2026-03-04 16:58:08,533 | ERROR | Error processing employee 496: [Errno 2] No such file or directory: 'employee_attrition_model.pkl'
2026-03-04 16:58:08,533 | INFO | Predicting employee index 497...
2026-03-04 16:58:08,533 | ERROR | Error processing employee 497: [Errno 2] No such file or directory: 'employee_attrition_model.pkl'
2026-03-04 16:58:08,533 | INFO | Predicting employee index 498...
2026-03-04 16:58:08,533 | ERROR | Error processing employee 498: [Errno 2] No such file or directory: 'employee_attrition_model.pkl'
2026-03-04 16:58:08,542 | INFO | Predicting employee index 499...
2026-03-04 16:58:08,542 | ERROR | Error processing employee 499: [Errno 2] No such file or directory: 'employee_attrition_model.pkl'
2026-03-04 16:58:08,543 | INFO | Predicting employee index 500...
2026-03-04 16:58:08,543 | ERROR | Error processing employee 500: [Errno 2] No such file or directory: 'employee_attrition_model.pkl'
2026-03-04 16:58:08,543 | INFO | Predicting employee index 501...
2026-03-04 16:58:08,543 | ERROR | Error processing employee 501: [Errno 2] No such file or directory: 'employee_attrition_model.pkl'
2026-03-04 16:58:08,543 | INFO | Predicting employee index 502...
2026-03-04 16:58:08,544 | ERROR | Error processing employee 502: [Errno 2] No such file or directory: 'employee_attrition_model.pkl'
2026-03-04 16:58:08,544 | INFO | Predicting employee index 503...
2026-03-04 16:58:08,544 | ERROR | Error processing employee 503: [Errno 2] No such file or directory: 'employee_attrition_model.pkl'
2026-03-04 16:58:08,544 | INFO | Predicting employee index 504...
2026-03-04 16:58:08,544 | ERROR | Error processing employee 504: [Errno 2] No such file or directory: 'employee_attrition_model.pkl'
2026-03-04 16:58:08,544 | INFO | Predicting employee index 505...
2026-03-04 16:58:08,544 | ERROR | Error processing employee 505: [Errno 2] No such file or directory: 'employee_attrition_model.pkl'
2026-03-04 16:58:08,545 | INFO | Predicting employee index 506...
2026-03-04 16:58:08,545 | ERROR | Error processing employee 506: [Errno 2] No such file or directory: 'employee_attrition_model.pkl'
2026-03-04 16:58:08,545 | INFO | Predicting employee index 507...
2026-03-04 16:58:08,545 | ERROR | Error processing employee 507: [Errno 2] No such file or directory: 'employee_attrition_model.pkl'
2026-03-04 16:58:08,545 | INFO | Predicting employee index 508...
2026-03-04 16:58:08,545 | ERROR | Error processing employee 508: [Errno 2] No such file or directory: 'employee_attrition_model.pkl'
2026-03-04 16:58:08,545 | INFO | Predicting employee index 509...
2026-03-04 16:58:08,546 | ERROR | Error processing employee 509: [Errno 2] No such file or directory: 'employee_attrition_model.pkl'
2026-03-04 16:58:08,546 | INFO | Predicting employee index 510...
2026-03-04 16:58:08,546 | ERROR | Error processing employee 510: [Errno 2] No such file or directory: 'employee_attrition_model.pkl'
2026-03-04 16:58:08,546 | INFO | Predicting employee index 511...
2026-03-04 16:58:08,546 | ERROR | Error processing employee 511: [Errno 2] No such file or directory: 'employee_attrition_model.pkl'
2026-03-04 16:58:08,546 | INFO | Predicting employee index 512...
2026-03-04 16:58:08,546 | ERROR | Error processing employee 512: [Errno 2] No such file or directory: 'employee_attrition_model.pkl'
2026-03-04 16:58:08,547 | INFO | Predicting employee index 513...
2026-03-04 16:58:08,547 | ERROR | Error processing employee 513: [Errno 2] No such file or directory: 'employee_attrition_model.pkl'
2026-03-04 16:58:08,547 | INFO | Predicting employee index 514...
2026-03-04 16:58:08,547 | ERROR | Error processing employee 514: [Errno 2] No such file or directory: 'employee_attrition_model.pkl'
2026-03-04 16:58:08,547 | INFO | Predicting employee index 515...
2026-03-04 16:58:08,547 | ERROR | Error processing employee 515: [Errno 2] No such file or directory: 'employee_attrition_model.pkl'
2026-03-04 16:58:08,547 | INFO | Predicting employee index 516...
2026-03-04 16:58:08,548 | ERROR | Error processing employee 516: [Errno 2] No such file or directory: 'employee_attrition_model.pkl'
2026-03-04 16:58:08,548 | INFO | Predicting employee index 517...
2026-03-04 16:58:08,548 | ERROR | Error processing employee 517: [Errno 2] No such file or directory: 'employee_attrition_model.pkl'
2026-03-04 16:58:08,548 | INFO | Predicting employee index 518...
2026-03-04 16:58:08,548 | ERROR | Error processing employee 518: [Errno 2] No such file or directory: 'employee_attrition_model.pkl'
2026-03-04 16:58:08,548 | INFO | Predicting employee index 519...
2026-03-04 16:58:08,549 | ERROR | Error processing employee 519: [Errno 2] No such file or directory: 'employee_attrition_model.pkl'
2026-03-04 16:58:08,558 | INFO | Predicting employee index 520...
2026-03-04 16:58:08,558 | ERROR | Error processing employee 520: [Errno 2] No such file or directory: 'employee_attrition_model.pkl'
2026-03-04 16:58:08,558 | INFO | Predicting employee index 521...
2026-03-04 16:58:08,558 | ERROR | Error processing employee 521: [Errno 2] No such file or directory: 'employee_attrition_model.pkl'
2026-03-04 16:58:08,558 | INFO | Predicting employee index 522...
2026-03-04 16:58:08,559 | ERROR | Error processing employee 522: [Errno 2] No such file or directory: 'employee_attrition_model.pkl'
2026-03-04 16:58:08,559 | INFO | Predicting employee index 523...
2026-03-04 16:58:08,559 | ERROR | Error processing employee 523: [Errno 2] No such file or directory: 'employee_attrition_model.pkl'
2026-03-04 16:58:08,559 | INFO | Predicting employee index 524...
2026-03-04 16:58:08,559 | ERROR | Error processing employee 524: [Errno 2] No such file or directory: 'employee_attrition_model.pkl'
2026-03-04 16:58:08,559 | INFO | Predicting employee index 525...
2026-03-04 16:58:08,559 | ERROR | Error processing employee 525: [Errno 2] No such file or directory: 'employee_attrition_model.pkl'
2026-03-04 16:58:08,560 | INFO | Predicting employee index 526...
2026-03-04 16:58:08,560 | ERROR | Error processing employee 526: [Errno 2] No such file or directory: 'employee_attrition_model.pkl'
2026-03-04 16:58:08,560 | INFO | Predicting employee index 527...
2026-03-04 16:58:08,560 | ERROR | Error processing employee 527: [Errno 2] No such file or directory: 'employee_attrition_model.pkl'
2026-03-04 16:58:08,560 | INFO | Predicting employee index 528...
2026-03-04 16:58:08,560 | ERROR | Error processing employee 528: [Errno 2] No such file or directory: 'employee_attrition_model.pkl'
2026-03-04 16:58:08,561 | INFO | Predicting employee index 529...
2026-03-04 16:58:08,561 | ERROR | Error processing employee 529: [Errno 2] No such file or directory: 'employee_attrition_model.pkl'
2026-03-04 16:58:08,561 | INFO | Predicting employee index 530...
2026-03-04 16:58:08,561 | ERROR | Error processing employee 530: [Errno 2] No such file or directory: 'employee_attrition_model.pkl'
2026-03-04 16:58:08,561 | INFO | Predicting employee index 531...
2026-03-04 16:58:08,561 | ERROR | Error processing employee 531: [Errno 2] No such file or directory: 'employee_attrition_model.pkl'
2026-03-04 16:58:08,562 | INFO | Predicting employee index 532...
2026-03-04 16:58:08,562 | ERROR | Error processing employee 532: [Errno 2] No such file or directory: 'employee_attrition_model.pkl'
2026-03-04 16:58:08,562 | INFO | Predicting employee index 533...
2026-03-04 16:58:08,562 | ERROR | Error processing employee 533: [Errno 2] No such file or directory: 'employee_attrition_model.pkl'
2026-03-04 16:58:08,562 | INFO | Predicting employee index 534...
2026-03-04 16:58:08,563 | ERROR | Error processing employee 534: [Errno 2] No such file or directory: 'employee_attrition_model.pkl'
2026-03-04 16:58:08,563 | INFO | Predicting employee index 535...
2026-03-04 16:58:08,563 | ERROR | Error processing employee 535: [Errno 2] No such file or directory: 'employee_attrition_model.pkl'
2026-03-04 16:58:08,563 | INFO | Predicting employee index 536...
2026-03-04 16:58:08,563 | ERROR | Error processing employee 536: [Errno 2] No such file or directory: 'employee_attrition_model.pkl'
2026-03-04 16:58:08,563 | INFO | Predicting employee index 537...
2026-03-04 16:58:08,563 | ERROR | Error processing employee 537: [Errno 2] No such file or directory: 'employee_attrition_model.pkl'
2026-03-04 16:58:08,563 | INFO | Predicting employee index 538...
2026-03-04 16:58:08,564 | ERROR | Error processing employee 538: [Errno 2] No such file or directory: 'employee_attrition_model.pkl'
2026-03-04 16:58:08,564 | INFO | Predicting employee index 539...
2026-03-04 16:58:08,564 | ERROR | Error processing employee 539: [Errno 2] No such file or directory: 'employee_attrition_model.pkl'
2026-03-04 16:58:08,564 | INFO | Predicting employee index 540...
2026-03-04 16:58:08,565 | ERROR | Error processing employee 540: [Errno 2] No such file or directory: 'employee_attrition_model.pkl'
2026-03-04 16:58:08,573 | INFO | Predicting employee index 541...
2026-03-04 16:58:08,573 | ERROR | Error processing employee 541: [Errno 2] No such file or directory: 'employee_attrition_model.pkl'
2026-03-04 16:58:08,574 | INFO | Predicting employee index 542...
2026-03-04 16:58:08,574 | ERROR | Error processing employee 542: [Errno 2] No such file or directory: 'employee_attrition_model.pkl'
2026-03-04 16:58:08,574 | INFO | Predicting employee index 543...
2026-03-04 16:58:08,574 | ERROR | Error processing employee 543: [Errno 2] No such file or directory: 'employee_attrition_model.pkl'
2026-03-04 16:58:08,574 | INFO | Predicting employee index 544...
2026-03-04 16:58:08,574 | ERROR | Error processing employee 544: [Errno 2] No such file or directory: 'employee_attrition_model.pkl'
2026-03-04 16:58:08,574 | INFO | Predicting employee index 545...
2026-03-04 16:58:08,574 | ERROR | Error processing employee 545: [Errno 2] No such file or directory: 'employee_attrition_model.pkl'
2026-03-04 16:58:08,575 | INFO | Predicting employee index 546...
2026-03-04 16:58:08,575 | ERROR | Error processing employee 546: [Errno 2] No such file or directory: 'employee_attrition_model.pkl'
2026-03-04 16:58:08,575 | INFO | Predicting employee index 547...
2026-03-04 16:58:08,575 | ERROR | Error processing employee 547: [Errno 2] No such file or directory: 'employee_attrition_model.pkl'
2026-03-04 16:58:08,575 | INFO | Predicting employee index 548...
2026-03-04 16:58:08,575 | ERROR | Error processing employee 548: [Errno 2] No such file or directory: 'employee_attrition_model.pkl'
2026-03-04 16:58:08,576 | INFO | Predicting employee index 549...
2026-03-04 16:58:08,576 | ERROR | Error processing employee 549: [Errno 2] No such file or directory: 'employee_attrition_model.pkl'
2026-03-04 16:58:08,576 | INFO | Predicting employee index 550...
2026-03-04 16:58:08,576 | ERROR | Error processing employee 550: [Errno 2] No such file or directory: 'employee_attrition_model.pkl'
2026-03-04 16:58:08,576 | INFO | Predicting employee index 551...
2026-03-04 16:58:08,576 | ERROR | Error processing employee 551: [Errno 2] No such file or directory: 'employee_attrition_model.pkl'
2026-03-04 16:58:08,576 | INFO | Predicting employee index 552...
2026-03-04 16:58:08,577 | ERROR | Error processing employee 552: [Errno 2] No such file or directory: 'employee_attrition_model.pkl'
2026-03-04 16:58:08,577 | INFO | Predicting employee index 553...
2026-03-04 16:58:08,577 | ERROR | Error processing employee 553: [Errno 2] No such file or directory: 'employee_attrition_model.pkl'
2026-03-04 16:58:08,577 | INFO | Predicting employee index 554...
2026-03-04 16:58:08,577 | ERROR | Error processing employee 554: [Errno 2] No such file or directory: 'employee_attrition_model.pkl'
2026-03-04 16:58:08,577 | INFO | Predicting employee index 555...
2026-03-04 16:58:08,577 | ERROR | Error processing employee 555: [Errno 2] No such file or directory: 'employee_attrition_model.pkl'
2026-03-04 16:58:08,578 | INFO | Predicting employee index 556...
2026-03-04 16:58:08,578 | ERROR | Error processing employee 556: [Errno 2] No such file or directory: 'employee_attrition_model.pkl'
2026-03-04 16:58:08,578 | INFO | Predicting employee index 557...
2026-03-04 16:58:08,578 | ERROR | Error processing employee 557: [Errno 2] No such file or directory: 'employee_attrition_model.pkl'
2026-03-04 16:58:08,578 | INFO | Predicting employee index 558...
2026-03-04 16:58:08,578 | ERROR | Error processing employee 558: [Errno 2] No such file or directory: 'employee_attrition_model.pkl'
2026-03-04 16:58:08,578 | INFO | Predicting employee index 559...
2026-03-04 16:58:08,579 | ERROR | Error processing employee 559: [Errno 2] No such file or directory: 'employee_attrition_model.pkl'
2026-03-04 16:58:08,579 | INFO | Predicting employee index 560...
2026-03-04 16:58:08,579 | ERROR | Error processing employee 560: [Errno 2] No such file or directory: 'employee_attrition_model.pkl'
2026-03-04 16:58:08,579 | INFO | Predicting employee index 561...
2026-03-04 16:58:08,579 | ERROR | Error processing employee 561: [Errno 2] No such file or directory: 'employee_attrition_model.pkl'
2026-03-04 16:58:08,589 | INFO | Predicting employee index 562...
2026-03-04 16:58:08,589 | ERROR | Error processing employee 562: [Errno 2] No such file or directory: 'employee_attrition_model.pkl'
2026-03-04 16:58:08,590 | INFO | Predicting employee index 563...
2026-03-04 16:58:08,590 | ERROR | Error processing employee 563: [Errno 2] No such file or directory: 'employee_attrition_model.pkl'
2026-03-04 16:58:08,590 | INFO | Predicting employee index 564...
2026-03-04 16:58:08,590 | ERROR | Error processing employee 564: [Errno 2] No such file or directory: 'employee_attrition_model.pkl'
2026-03-04 16:58:08,590 | INFO | Predicting employee index 565...
2026-03-04 16:58:08,590 | ERROR | Error processing employee 565: [Errno 2] No such file or directory: 'employee_attrition_model.pkl'
2026-03-04 16:58:08,590 | INFO | Predicting employee index 566...
2026-03-04 16:58:08,591 | ERROR | Error processing employee 566: [Errno 2] No such file or directory: 'employee_attrition_model.pkl'
2026-03-04 16:58:08,591 | INFO | Predicting employee index 567...
2026-03-04 16:58:08,591 | ERROR | Error processing employee 567: [Errno 2] No such file or directory: 'employee_attrition_model.pkl'
2026-03-04 16:58:08,591 | INFO | Predicting employee index 568...
2026-03-04 16:58:08,591 | ERROR | Error processing employee 568: [Errno 2] No such file or directory: 'employee_attrition_model.pkl'
2026-03-04 16:58:08,591 | INFO | Predicting employee index 569...
2026-03-04 16:58:08,591 | ERROR | Error processing employee 569: [Errno 2] No such file or directory: 'employee_attrition_model.pkl'
2026-03-04 16:58:08,592 | INFO | Predicting employee index 570...
2026-03-04 16:58:08,592 | ERROR | Error processing employee 570: [Errno 2] No such file or directory: 'employee_attrition_model.pkl'
2026-03-04 16:58:08,592 | INFO | Predicting employee index 571...
2026-03-04 16:58:08,592 | ERROR | Error processing employee 571: [Errno 2] No such file or directory: 'employee_attrition_model.pkl'
2026-03-04 16:58:08,592 | INFO | Predicting employee index 572...
2026-03-04 16:58:08,592 | ERROR | Error processing employee 572: [Errno 2] No such file or directory: 'employee_attrition_model.pkl'
2026-03-04 16:58:08,593 | INFO | Predicting employee index 573...
2026-03-04 16:58:08,593 | ERROR | Error processing employee 573: [Errno 2] No such file or directory: 'employee_attrition_model.pkl'
2026-03-04 16:58:08,593 | INFO | Predicting employee index 574...
2026-03-04 16:58:08,593 | ERROR | Error processing employee 574: [Errno 2] No such file or directory: 'employee_attrition_model.pkl'
2026-03-04 16:58:08,593 | INFO | Predicting employee index 575...
2026-03-04 16:58:08,593 | ERROR | Error processing employee 575: [Errno 2] No such file or directory: 'employee_attrition_model.pkl'
2026-03-04 16:58:08,594 | INFO | Predicting employee index 576...
2026-03-04 16:58:08,594 | ERROR | Error processing employee 576: [Errno 2] No such file or directory: 'employee_attrition_model.pkl'
2026-03-04 16:58:08,594 | INFO | Predicting employee index 577...
2026-03-04 16:58:08,594 | ERROR | Error processing employee 577: [Errno 2] No such file or directory: 'employee_attrition_model.pkl'
2026-03-04 16:58:08,594 | INFO | Predicting employee index 578...
2026-03-04 16:58:08,594 | ERROR | Error processing employee 578: [Errno 2] No such file or directory: 'employee_attrition_model.pkl'
2026-03-04 16:58:08,594 | INFO | Predicting employee index 579...
2026-03-04 16:58:08,595 | ERROR | Error processing employee 579: [Errno 2] No such file or directory: 'employee_attrition_model.pkl'
2026-03-04 16:58:08,595 | INFO | Predicting employee index 580...
2026-03-04 16:58:08,595 | ERROR | Error processing employee 580: [Errno 2] No such file or directory: 'employee_attrition_model.pkl'
2026-03-04 16:58:08,595 | INFO | Predicting employee index 581...
2026-03-04 16:58:08,595 | ERROR | Error processing employee 581: [Errno 2] No such file or directory: 'employee_attrition_model.pkl'
2026-03-04 16:58:08,595 | INFO | Predicting employee index 582...
2026-03-04 16:58:08,596 | ERROR | Error processing employee 582: [Errno 2] No such file or directory: 'employee_attrition_model.pkl'
2026-03-04 16:58:08,605 | INFO | Predicting employee index 583...
2026-03-04 16:58:08,605 | ERROR | Error processing employee 583: [Errno 2] No such file or directory: 'employee_attrition_model.pkl'
2026-03-04 16:58:08,606 | INFO | Predicting employee index 584...
2026-03-04 16:58:08,606 | ERROR | Error processing employee 584: [Errno 2] No such file or directory: 'employee_attrition_model.pkl'
2026-03-04 16:58:08,606 | INFO | Predicting employee index 585...
2026-03-04 16:58:08,606 | ERROR | Error processing employee 585: [Errno 2] No such file or directory: 'employee_attrition_model.pkl'
2026-03-04 16:58:08,606 | INFO | Predicting employee index 586...
2026-03-04 16:58:08,606 | ERROR | Error processing employee 586: [Errno 2] No such file or directory: 'employee_attrition_model.pkl'
2026-03-04 16:58:08,607 | INFO | Predicting employee index 587...
2026-03-04 16:58:08,607 | ERROR | Error processing employee 587: [Errno 2] No such file or directory: 'employee_attrition_model.pkl'
2026-03-04 16:58:08,607 | INFO | Predicting employee index 588...
2026-03-04 16:58:08,607 | ERROR | Error processing employee 588: [Errno 2] No such file or directory: 'employee_attrition_model.pkl'
2026-03-04 16:58:08,607 | INFO | Predicting employee index 589...
2026-03-04 16:58:08,608 | ERROR | Error processing employee 589: [Errno 2] No such file or directory: 'employee_attrition_model.pkl'
2026-03-04 16:58:08,608 | INFO | Predicting employee index 590...
2026-03-04 16:58:08,608 | ERROR | Error processing employee 590: [Errno 2] No such file or directory: 'employee_attrition_model.pkl'
2026-03-04 16:58:08,608 | INFO | Predicting employee index 591...
2026-03-04 16:58:08,609 | ERROR | Error processing employee 591: [Errno 2] No such file or directory: 'employee_attrition_model.pkl'
2026-03-04 16:58:08,609 | INFO | Predicting employee index 592...
2026-03-04 16:58:08,609 | ERROR | Error processing employee 592: [Errno 2] No such file or directory: 'employee_attrition_model.pkl'
2026-03-04 16:58:08,609 | INFO | Predicting employee index 593...
2026-03-04 16:58:08,610 | ERROR | Error processing employee 593: [Errno 2] No such file or directory: 'employee_attrition_model.pkl'
2026-03-04 16:58:08,610 | INFO | Predicting employee index 594...
2026-03-04 16:58:08,610 | ERROR | Error processing employee 594: [Errno 2] No such file or directory: 'employee_attrition_model.pkl'
2026-03-04 16:58:08,610 | INFO | Predicting employee index 595...
2026-03-04 16:58:08,610 | ERROR | Error processing employee 595: [Errno 2] No such file or directory: 'employee_attrition_model.pkl'
2026-03-04 16:58:08,610 | INFO | Predicting employee index 596...
2026-03-04 16:58:08,611 | ERROR | Error processing employee 596: [Errno 2] No such file or directory: 'employee_attrition_model.pkl'
2026-03-04 16:58:08,611 | INFO | Predicting employee index 597...
2026-03-04 16:58:08,611 | ERROR | Error processing employee 597: [Errno 2] No such file or directory: 'employee_attrition_model.pkl'
2026-03-04 16:58:08,611 | INFO | Predicting employee index 598...
2026-03-04 16:58:08,611 | ERROR | Error processing employee 598: [Errno 2] No such file or directory: 'employee_attrition_model.pkl'
2026-03-04 16:58:08,611 | INFO | Predicting employee index 599...
2026-03-04 16:58:08,611 | ERROR | Error processing employee 599: [Errno 2] No such file or directory: 'employee_attrition_model.pkl'
2026-03-04 16:58:08,611 | INFO | Predicting employee index 600...
2026-03-04 16:58:08,611 | ERROR | Error processing employee 600: [Errno 2] No such file or directory: 'employee_attrition_model.pkl'
2026-03-04 16:58:08,611 | INFO | Predicting employee index 601...
2026-03-04 16:58:08,611 | ERROR | Error processing employee 601: [Errno 2] No such file or directory: 'employee_attrition_model.pkl'
2026-03-04 16:58:08,611 | INFO | Predicting employee index 602...
2026-03-04 16:58:08,611 | ERROR | Error processing employee 602: [Errno 2] No such file or directory: 'employee_attrition_model.pkl'
2026-03-04 16:58:08,612 | INFO | Predicting employee index 603...
2026-03-04 16:58:08,612 | ERROR | Error processing employee 603: [Errno 2] No such file or directory: 'employee_attrition_model.pkl'
2026-03-04 16:58:08,621 | INFO | Predicting employee index 604...
2026-03-04 16:58:08,621 | ERROR | Error processing employee 604: [Errno 2] No such file or directory: 'employee_attrition_model.pkl'
2026-03-04 16:58:08,622 | INFO | Predicting employee index 605...
2026-03-04 16:58:08,622 | ERROR | Error processing employee 605: [Errno 2] No such file or directory: 'employee_attrition_model.pkl'
2026-03-04 16:58:08,622 | INFO | Predicting employee index 606...
2026-03-04 16:58:08,622 | ERROR | Error processing employee 606: [Errno 2] No such file or directory: 'employee_attrition_model.pkl'
2026-03-04 16:58:08,622 | INFO | Predicting employee index 607...
2026-03-04 16:58:08,622 | ERROR | Error processing employee 607: [Errno 2] No such file or directory: 'employee_attrition_model.pkl'
2026-03-04 16:58:08,623 | INFO | Predicting employee index 608...
2026-03-04 16:58:08,623 | ERROR | Error processing employee 608: [Errno 2] No such file or directory: 'employee_attrition_model.pkl'
2026-03-04 16:58:08,623 | INFO | Predicting employee index 609...
2026-03-04 16:58:08,623 | ERROR | Error processing employee 609: [Errno 2] No such file or directory: 'employee_attrition_model.pkl'
2026-03-04 16:58:08,623 | INFO | Predicting employee index 610...
2026-03-04 16:58:08,623 | ERROR | Error processing employee 610: [Errno 2] No such file or directory: 'employee_attrition_model.pkl'
2026-03-04 16:58:08,624 | INFO | Predicting employee index 611...
2026-03-04 16:58:08,624 | ERROR | Error processing employee 611: [Errno 2] No such file or directory: 'employee_attrition_model.pkl'
2026-03-04 16:58:08,624 | INFO | Predicting employee index 612...
2026-03-04 16:58:08,624 | ERROR | Error processing employee 612: [Errno 2] No such file or directory: 'employee_attrition_model.pkl'
2026-03-04 16:58:08,624 | INFO | Predicting employee index 613...
2026-03-04 16:58:08,624 | ERROR | Error processing employee 613: [Errno 2] No such file or directory: 'employee_attrition_model.pkl'
2026-03-04 16:58:08,625 | INFO | Predicting employee index 614...
2026-03-04 16:58:08,625 | ERROR | Error processing employee 614: [Errno 2] No such file or directory: 'employee_attrition_model.pkl'
2026-03-04 16:58:08,625 | INFO | Predicting employee index 615...
2026-03-04 16:58:08,625 | ERROR | Error processing employee 615: [Errno 2] No such file or directory: 'employee_attrition_model.pkl'
2026-03-04 16:58:08,625 | INFO | Predicting employee index 616...
2026-03-04 16:58:08,625 | ERROR | Error processing employee 616: [Errno 2] No such file or directory: 'employee_attrition_model.pkl'
2026-03-04 16:58:08,626 | INFO | Predicting employee index 617...
2026-03-04 16:58:08,626 | ERROR | Error processing employee 617: [Errno 2] No such file or directory: 'employee_attrition_model.pkl'
2026-03-04 16:58:08,626 | INFO | Predicting employee index 618...
2026-03-04 16:58:08,626 | ERROR | Error processing employee 618: [Errno 2] No such file or directory: 'employee_attrition_model.pkl'
2026-03-04 16:58:08,626 | INFO | Predicting employee index 619...
2026-03-04 16:58:08,626 | ERROR | Error processing employee 619: [Errno 2] No such file or directory: 'employee_attrition_model.pkl'
2026-03-04 16:58:08,626 | INFO | Predicting employee index 620...
2026-03-04 16:58:08,627 | ERROR | Error processing employee 620: [Errno 2] No such file or directory: 'employee_attrition_model.pkl'
2026-03-04 16:58:08,627 | INFO | Predicting employee index 621...
2026-03-04 16:58:08,627 | ERROR | Error processing employee 621: [Errno 2] No such file or directory: 'employee_attrition_model.pkl'
2026-03-04 16:58:08,627 | INFO | Predicting employee index 622...
2026-03-04 16:58:08,627 | ERROR | Error processing employee 622: [Errno 2] No such file or directory: 'employee_attrition_model.pkl'
2026-03-04 16:58:08,627 | INFO | Predicting employee index 623...
2026-03-04 16:58:08,627 | ERROR | Error processing employee 623: [Errno 2] No such file or directory: 'employee_attrition_model.pkl'
2026-03-04 16:58:08,628 | INFO | Predicting employee index 624...
2026-03-04 16:58:08,628 | ERROR | Error processing employee 624: [Errno 2] No such file or directory: 'employee_attrition_model.pkl'
2026-03-04 16:58:08,637 | INFO | Predicting employee index 625...
2026-03-04 16:58:08,638 | ERROR | Error processing employee 625: [Errno 2] No such file or directory: 'employee_attrition_model.pkl'
2026-03-04 16:58:08,638 | INFO | Predicting employee index 626...
2026-03-04 16:58:08,638 | ERROR | Error processing employee 626: [Errno 2] No such file or directory: 'employee_attrition_model.pkl'
2026-03-04 16:58:08,638 | INFO | Predicting employee index 627...
2026-03-04 16:58:08,639 | ERROR | Error processing employee 627: [Errno 2] No such file or directory: 'employee_attrition_model.pkl'
2026-03-04 16:58:08,639 | INFO | Predicting employee index 628...
2026-03-04 16:58:08,639 | ERROR | Error processing employee 628: [Errno 2] No such file or directory: 'employee_attrition_model.pkl'
2026-03-04 16:58:08,639 | INFO | Predicting employee index 629...
2026-03-04 16:58:08,639 | ERROR | Error processing employee 629: [Errno 2] No such file or directory: 'employee_attrition_model.pkl'
2026-03-04 16:58:08,640 | INFO | Predicting employee index 630...
2026-03-04 16:58:08,640 | ERROR | Error processing employee 630: [Errno 2] No such file or directory: 'employee_attrition_model.pkl'
2026-03-04 16:58:08,640 | INFO | Predicting employee index 631...
2026-03-04 16:58:08,640 | ERROR | Error processing employee 631: [Errno 2] No such file or directory: 'employee_attrition_model.pkl'
2026-03-04 16:58:08,640 | INFO | Predicting employee index 632...
2026-03-04 16:58:08,640 | ERROR | Error processing employee 632: [Errno 2] No such file or directory: 'employee_attrition_model.pkl'
2026-03-04 16:58:08,641 | INFO | Predicting employee index 633...
2026-03-04 16:58:08,641 | ERROR | Error processing employee 633: [Errno 2] No such file or directory: 'employee_attrition_model.pkl'
2026-03-04 16:58:08,641 | INFO | Predicting employee index 634...
2026-03-04 16:58:08,641 | ERROR | Error processing employee 634: [Errno 2] No such file or directory: 'employee_attrition_model.pkl'
2026-03-04 16:58:08,641 | INFO | Predicting employee index 635...
2026-03-04 16:58:08,641 | ERROR | Error processing employee 635: [Errno 2] No such file or directory: 'employee_attrition_model.pkl'
2026-03-04 16:58:08,642 | INFO | Predicting employee index 636...
2026-03-04 16:58:08,642 | ERROR | Error processing employee 636: [Errno 2] No such file or directory: 'employee_attrition_model.pkl'
2026-03-04 16:58:08,642 | INFO | Predicting employee index 637...
2026-03-04 16:58:08,642 | ERROR | Error processing employee 637: [Errno 2] No such file or directory: 'employee_attrition_model.pkl'
2026-03-04 16:58:08,642 | INFO | Predicting employee index 638...
2026-03-04 16:58:08,642 | ERROR | Error processing employee 638: [Errno 2] No such file or directory: 'employee_attrition_model.pkl'
2026-03-04 16:58:08,643 | INFO | Predicting employee index 639...
2026-03-04 16:58:08,643 | ERROR | Error processing employee 639: [Errno 2] No such file or directory: 'employee_attrition_model.pkl'
2026-03-04 16:58:08,643 | INFO | Predicting employee index 640...
2026-03-04 16:58:08,643 | ERROR | Error processing employee 640: [Errno 2] No such file or directory: 'employee_attrition_model.pkl'
2026-03-04 16:58:08,643 | INFO | Predicting employee index 641...
2026-03-04 16:58:08,643 | ERROR | Error processing employee 641: [Errno 2] No such file or directory: 'employee_attrition_model.pkl'
2026-03-04 16:58:08,643 | INFO | Predicting employee index 642...
2026-03-04 16:58:08,644 | ERROR | Error processing employee 642: [Errno 2] No such file or directory: 'employee_attrition_model.pkl'
2026-03-04 16:58:08,644 | INFO | Predicting employee index 643...
2026-03-04 16:58:08,644 | ERROR | Error processing employee 643: [Errno 2] No such file or directory: 'employee_attrition_model.pkl'
2026-03-04 16:58:08,644 | INFO | Predicting employee index 644...
2026-03-04 16:58:08,644 | ERROR | Error processing employee 644: [Errno 2] No such file or directory: 'employee_attrition_model.pkl'
2026-03-04 16:58:08,644 | INFO | Predicting employee index 645...
2026-03-04 16:58:08,644 | ERROR | Error processing employee 645: [Errno 2] No such file or directory: 'employee_attrition_model.pkl'
2026-03-04 16:58:08,653 | INFO | Predicting employee index 646...
2026-03-04 16:58:08,653 | ERROR | Error processing employee 646: [Errno 2] No such file or directory: 'employee_attrition_model.pkl'
2026-03-04 16:58:08,653 | INFO | Predicting employee index 647...
2026-03-04 16:58:08,653 | ERROR | Error processing employee 647: [Errno 2] No such file or directory: 'employee_attrition_model.pkl'
2026-03-04 16:58:08,653 | INFO | Predicting employee index 648...
2026-03-04 16:58:08,653 | ERROR | Error processing employee 648: [Errno 2] No such file or directory: 'employee_attrition_model.pkl'
2026-03-04 16:58:08,653 | INFO | Predicting employee index 649...
2026-03-04 16:58:08,655 | ERROR | Error processing employee 649: [Errno 2] No such file or directory: 'employee_attrition_model.pkl'
2026-03-04 16:58:08,655 | INFO | Predicting employee index 650...
2026-03-04 16:58:08,655 | ERROR | Error processing employee 650: [Errno 2] No such file or directory: 'employee_attrition_model.pkl'
2026-03-04 16:58:08,655 | INFO | Predicting employee index 651...
2026-03-04 16:58:08,655 | ERROR | Error processing employee 651: [Errno 2] No such file or directory: 'employee_attrition_model.pkl'
2026-03-04 16:58:08,655 | INFO | Predicting employee index 652...
2026-03-04 16:58:08,655 | ERROR | Error processing employee 652: [Errno 2] No such file or directory: 'employee_attrition_model.pkl'
2026-03-04 16:58:08,655 | INFO | Predicting employee index 653...
2026-03-04 16:58:08,655 | ERROR | Error processing employee 653: [Errno 2] No such file or directory: 'employee_attrition_model.pkl'
2026-03-04 16:58:08,655 | INFO | Predicting employee index 654...
2026-03-04 16:58:08,655 | ERROR | Error processing employee 654: [Errno 2] No such file or directory: 'employee_attrition_model.pkl'
2026-03-04 16:58:08,655 | INFO | Predicting employee index 655...
2026-03-04 16:58:08,655 | ERROR | Error processing employee 655: [Errno 2] No such file or directory: 'employee_attrition_model.pkl'
2026-03-04 16:58:08,655 | INFO | Predicting employee index 656...
2026-03-04 16:58:08,655 | ERROR | Error processing employee 656: [Errno 2] No such file or directory: 'employee_attrition_model.pkl'
2026-03-04 16:58:08,655 | INFO | Predicting employee index 657...
2026-03-04 16:58:08,655 | ERROR | Error processing employee 657: [Errno 2] No such file or directory: 'employee_attrition_model.pkl'
2026-03-04 16:58:08,656 | INFO | Predicting employee index 658...
2026-03-04 16:58:08,656 | ERROR | Error processing employee 658: [Errno 2] No such file or directory: 'employee_attrition_model.pkl'
2026-03-04 16:58:08,656 | INFO | Predicting employee index 659...
2026-03-04 16:58:08,656 | ERROR | Error processing employee 659: [Errno 2] No such file or directory: 'employee_attrition_model.pkl'
2026-03-04 16:58:08,656 | INFO | Predicting employee index 660...
2026-03-04 16:58:08,656 | ERROR | Error processing employee 660: [Errno 2] No such file or directory: 'employee_attrition_model.pkl'
2026-03-04 16:58:08,656 | INFO | Predicting employee index 661...
2026-03-04 16:58:08,657 | ERROR | Error processing employee 661: [Errno 2] No such file or directory: 'employee_attrition_model.pkl'
2026-03-04 16:58:08,657 | INFO | Predicting employee index 662...
2026-03-04 16:58:08,657 | ERROR | Error processing employee 662: [Errno 2] No such file or directory: 'employee_attrition_model.pkl'
2026-03-04 16:58:08,657 | INFO | Predicting employee index 663...
2026-03-04 16:58:08,657 | ERROR | Error processing employee 663: [Errno 2] No such file or directory: 'employee_attrition_model.pkl'
2026-03-04 16:58:08,658 | INFO | Predicting employee index 664...
2026-03-04 16:58:08,658 | ERROR | Error processing employee 664: [Errno 2] No such file or directory: 'employee_attrition_model.pkl'
2026-03-04 16:58:08,658 | INFO | Predicting employee index 665...
2026-03-04 16:58:08,658 | ERROR | Error processing employee 665: [Errno 2] No such file or directory: 'employee_attrition_model.pkl'
2026-03-04 16:58:08,658 | INFO | Predicting employee index 666...
2026-03-04 16:58:08,658 | ERROR | Error processing employee 666: [Errno 2] No such file or directory: 'employee_attrition_model.pkl'
2026-03-04 16:58:08,669 | INFO | Predicting employee index 667...
2026-03-04 16:58:08,670 | ERROR | Error processing employee 667: [Errno 2] No such file or directory: 'employee_attrition_model.pkl'
2026-03-04 16:58:08,670 | INFO | Predicting employee index 668...
2026-03-04 16:58:08,670 | ERROR | Error processing employee 668: [Errno 2] No such file or directory: 'employee_attrition_model.pkl'
2026-03-04 16:58:08,671 | INFO | Predicting employee index 669...
2026-03-04 16:58:08,671 | ERROR | Error processing employee 669: [Errno 2] No such file or directory: 'employee_attrition_model.pkl'
2026-03-04 16:58:08,671 | INFO | Predicting employee index 670...
2026-03-04 16:58:08,671 | ERROR | Error processing employee 670: [Errno 2] No such file or directory: 'employee_attrition_model.pkl'
2026-03-04 16:58:08,672 | INFO | Predicting employee index 671...
2026-03-04 16:58:08,672 | ERROR | Error processing employee 671: [Errno 2] No such file or directory: 'employee_attrition_model.pkl'
2026-03-04 16:58:08,672 | INFO | Predicting employee index 672...
2026-03-04 16:58:08,672 | ERROR | Error processing employee 672: [Errno 2] No such file or directory: 'employee_attrition_model.pkl'
2026-03-04 16:58:08,673 | INFO | Predicting employee index 673...
2026-03-04 16:58:08,673 | ERROR | Error processing employee 673: [Errno 2] No such file or directory: 'employee_attrition_model.pkl'
2026-03-04 16:58:08,673 | INFO | Predicting employee index 674...
2026-03-04 16:58:08,673 | ERROR | Error processing employee 674: [Errno 2] No such file or directory: 'employee_attrition_model.pkl'
2026-03-04 16:58:08,673 | INFO | Predicting employee index 675...
2026-03-04 16:58:08,674 | ERROR | Error processing employee 675: [Errno 2] No such file or directory: 'employee_attrition_model.pkl'
2026-03-04 16:58:08,674 | INFO | Predicting employee index 676...
2026-03-04 16:58:08,674 | ERROR | Error processing employee 676: [Errno 2] No such file or directory: 'employee_attrition_model.pkl'
2026-03-04 16:58:08,674 | INFO | Predicting employee index 677...
2026-03-04 16:58:08,675 | ERROR | Error processing employee 677: [Errno 2] No such file or directory: 'employee_attrition_model.pkl'
2026-03-04 16:58:08,675 | INFO | Predicting employee index 678...
2026-03-04 16:58:08,675 | ERROR | Error processing employee 678: [Errno 2] No such file or directory: 'employee_attrition_model.pkl'
2026-03-04 16:58:08,675 | INFO | Predicting employee index 679...
2026-03-04 16:58:08,675 | ERROR | Error processing employee 679: [Errno 2] No such file or directory: 'employee_attrition_model.pkl'
2026-03-04 16:58:08,675 | INFO | Predicting employee index 680...
2026-03-04 16:58:08,676 | ERROR | Error processing employee 680: [Errno 2] No such file or directory: 'employee_attrition_model.pkl'
2026-03-04 16:58:08,676 | INFO | Predicting employee index 681...
2026-03-04 16:58:08,676 | ERROR | Error processing employee 681: [Errno 2] No such file or directory: 'employee_attrition_model.pkl'
2026-03-04 16:58:08,676 | INFO | Predicting employee index 682...
2026-03-04 16:58:08,676 | ERROR | Error processing employee 682: [Errno 2] No such file or directory: 'employee_attrition_model.pkl'
2026-03-04 16:58:08,676 | INFO | Predicting employee index 683...
2026-03-04 16:58:08,676 | ERROR | Error processing employee 683: [Errno 2] No such file or directory: 'employee_attrition_model.pkl'
2026-03-04 16:58:08,677 | INFO | Predicting employee index 684...
2026-03-04 16:58:08,677 | ERROR | Error processing employee 684: [Errno 2] No such file or directory: 'employee_attrition_model.pkl'
2026-03-04 16:58:08,677 | INFO | Predicting employee index 685...
2026-03-04 16:58:08,677 | ERROR | Error processing employee 685: [Errno 2] No such file or directory: 'employee_attrition_model.pkl'
2026-03-04 16:58:08,677 | INFO | Predicting employee index 686...
2026-03-04 16:58:08,677 | ERROR | Error processing employee 686: [Errno 2] No such file or directory: 'employee_attrition_model.pkl'
2026-03-04 16:58:08,677 | INFO | Predicting employee index 687...
2026-03-04 16:58:08,678 | ERROR | Error processing employee 687: [Errno 2] No such file or directory: 'employee_attrition_model.pkl'
2026-03-04 16:58:08,685 | INFO | Predicting employee index 688...
2026-03-04 16:58:08,686 | ERROR | Error processing employee 688: [Errno 2] No such file or directory: 'employee_attrition_model.pkl'
2026-03-04 16:58:08,686 | INFO | Predicting employee index 689...
2026-03-04 16:58:08,686 | ERROR | Error processing employee 689: [Errno 2] No such file or directory: 'employee_attrition_model.pkl'
2026-03-04 16:58:08,686 | INFO | Predicting employee index 690...
2026-03-04 16:58:08,686 | ERROR | Error processing employee 690: [Errno 2] No such file or directory: 'employee_attrition_model.pkl'
2026-03-04 16:58:08,687 | INFO | Predicting employee index 691...
2026-03-04 16:58:08,687 | ERROR | Error processing employee 691: [Errno 2] No such file or directory: 'employee_attrition_model.pkl'
2026-03-04 16:58:08,687 | INFO | Predicting employee index 692...
2026-03-04 16:58:08,687 | ERROR | Error processing employee 692: [Errno 2] No such file or directory: 'employee_attrition_model.pkl'
2026-03-04 16:58:08,687 | INFO | Predicting employee index 693...
2026-03-04 16:58:08,687 | ERROR | Error processing employee 693: [Errno 2] No such file or directory: 'employee_attrition_model.pkl'
2026-03-04 16:58:08,688 | INFO | Predicting employee index 694...
2026-03-04 16:58:08,688 | ERROR | Error processing employee 694: [Errno 2] No such file or directory: 'employee_attrition_model.pkl'
2026-03-04 16:58:08,688 | INFO | Predicting employee index 695...
2026-03-04 16:58:08,688 | ERROR | Error processing employee 695: [Errno 2] No such file or directory: 'employee_attrition_model.pkl'
2026-03-04 16:58:08,688 | INFO | Predicting employee index 696...
2026-03-04 16:58:08,688 | ERROR | Error processing employee 696: [Errno 2] No such file or directory: 'employee_attrition_model.pkl'
2026-03-04 16:58:08,689 | INFO | Predicting employee index 697...
2026-03-04 16:58:08,689 | ERROR | Error processing employee 697: [Errno 2] No such file or directory: 'employee_attrition_model.pkl'
2026-03-04 16:58:08,689 | INFO | Predicting employee index 698...
2026-03-04 16:58:08,689 | ERROR | Error processing employee 698: [Errno 2] No such file or directory: 'employee_attrition_model.pkl'
2026-03-04 16:58:08,689 | INFO | Predicting employee index 699...
2026-03-04 16:58:08,689 | ERROR | Error processing employee 699: [Errno 2] No such file or directory: 'employee_attrition_model.pkl'
2026-03-04 16:58:08,690 | INFO | Predicting employee index 700...
2026-03-04 16:58:08,690 | ERROR | Error processing employee 700: [Errno 2] No such file or directory: 'employee_attrition_model.pkl'
2026-03-04 16:58:08,690 | INFO | Predicting employee index 701...
2026-03-04 16:58:08,690 | ERROR | Error processing employee 701: [Errno 2] No such file or directory: 'employee_attrition_model.pkl'
2026-03-04 16:58:08,690 | INFO | Predicting employee index 702...
2026-03-04 16:58:08,690 | ERROR | Error processing employee 702: [Errno 2] No such file or directory: 'employee_attrition_model.pkl'
2026-03-04 16:58:08,691 | INFO | Predicting employee index 703...
2026-03-04 16:58:08,691 | ERROR | Error processing employee 703: [Errno 2] No such file or directory: 'employee_attrition_model.pkl'
2026-03-04 16:58:08,691 | INFO | Predicting employee index 704...
2026-03-04 16:58:08,691 | ERROR | Error processing employee 704: [Errno 2] No such file or directory: 'employee_attrition_model.pkl'
2026-03-04 16:58:08,691 | INFO | Predicting employee index 705...
2026-03-04 16:58:08,691 | ERROR | Error processing employee 705: [Errno 2] No such file or directory: 'employee_attrition_model.pkl'
2026-03-04 16:58:08,691 | INFO | Predicting employee index 706...
2026-03-04 16:58:08,692 | ERROR | Error processing employee 706: [Errno 2] No such file or directory: 'employee_attrition_model.pkl'
2026-03-04 16:58:08,692 | INFO | Predicting employee index 707...
2026-03-04 16:58:08,692 | ERROR | Error processing employee 707: [Errno 2] No such file or directory: 'employee_attrition_model.pkl'
2026-03-04 16:58:08,692 | INFO | Predicting employee index 708...
2026-03-04 16:58:08,692 | ERROR | Error processing employee 708: [Errno 2] No such file or directory: 'employee_attrition_model.pkl'
2026-03-04 16:58:08,701 | INFO | Predicting employee index 709...
2026-03-04 16:58:08,701 | ERROR | Error processing employee 709: [Errno 2] No such file or directory: 'employee_attrition_model.pkl'
2026-03-04 16:58:08,701 | INFO | Predicting employee index 710...
2026-03-04 16:58:08,702 | ERROR | Error processing employee 710: [Errno 2] No such file or directory: 'employee_attrition_model.pkl'
2026-03-04 16:58:08,702 | INFO | Predicting employee index 711...
2026-03-04 16:58:08,702 | ERROR | Error processing employee 711: [Errno 2] No such file or directory: 'employee_attrition_model.pkl'
2026-03-04 16:58:08,702 | INFO | Predicting employee index 712...
2026-03-04 16:58:08,703 | ERROR | Error processing employee 712: [Errno 2] No such file or directory: 'employee_attrition_model.pkl'
2026-03-04 16:58:08,703 | INFO | Predicting employee index 713...
2026-03-04 16:58:08,703 | ERROR | Error processing employee 713: [Errno 2] No such file or directory: 'employee_attrition_model.pkl'
2026-03-04 16:58:08,703 | INFO | Predicting employee index 714...
2026-03-04 16:58:08,703 | ERROR | Error processing employee 714: [Errno 2] No such file or directory: 'employee_attrition_model.pkl'
2026-03-04 16:58:08,703 | INFO | Predicting employee index 715...
2026-03-04 16:58:08,703 | ERROR | Error processing employee 715: [Errno 2] No such file or directory: 'employee_attrition_model.pkl'
2026-03-04 16:58:08,704 | INFO | Predicting employee index 716...
2026-03-04 16:58:08,704 | ERROR | Error processing employee 716: [Errno 2] No such file or directory: 'employee_attrition_model.pkl'
2026-03-04 16:58:08,704 | INFO | Predicting employee index 717...
2026-03-04 16:58:08,704 | ERROR | Error processing employee 717: [Errno 2] No such file or directory: 'employee_attrition_model.pkl'
2026-03-04 16:58:08,704 | INFO | Predicting employee index 718...
2026-03-04 16:58:08,704 | ERROR | Error processing employee 718: [Errno 2] No such file or directory: 'employee_attrition_model.pkl'
2026-03-04 16:58:08,704 | INFO | Predicting employee index 719...
2026-03-04 16:58:08,705 | ERROR | Error processing employee 719: [Errno 2] No such file or directory: 'employee_attrition_model.pkl'
2026-03-04 16:58:08,705 | INFO | Predicting employee index 720...
2026-03-04 16:58:08,705 | ERROR | Error processing employee 720: [Errno 2] No such file or directory: 'employee_attrition_model.pkl'
2026-03-04 16:58:08,705 | INFO | Predicting employee index 721...
2026-03-04 16:58:08,705 | ERROR | Error processing employee 721: [Errno 2] No such file or directory: 'employee_attrition_model.pkl'
2026-03-04 16:58:08,706 | INFO | Predicting employee index 722...
2026-03-04 16:58:08,706 | ERROR | Error processing employee 722: [Errno 2] No such file or directory: 'employee_attrition_model.pkl'
2026-03-04 16:58:08,706 | INFO | Predicting employee index 723...
2026-03-04 16:58:08,706 | ERROR | Error processing employee 723: [Errno 2] No such file or directory: 'employee_attrition_model.pkl'
2026-03-04 16:58:08,706 | INFO | Predicting employee index 724...
2026-03-04 16:58:08,706 | ERROR | Error processing employee 724: [Errno 2] No such file or directory: 'employee_attrition_model.pkl'
2026-03-04 16:58:08,707 | INFO | Predicting employee index 725...
2026-03-04 16:58:08,707 | ERROR | Error processing employee 725: [Errno 2] No such file or directory: 'employee_attrition_model.pkl'
2026-03-04 16:58:08,707 | INFO | Predicting employee index 726...
2026-03-04 16:58:08,707 | ERROR | Error processing employee 726: [Errno 2] No such file or directory: 'employee_attrition_model.pkl'
2026-03-04 16:58:08,707 | INFO | Predicting employee index 727...
2026-03-04 16:58:08,707 | ERROR | Error processing employee 727: [Errno 2] No such file or directory: 'employee_attrition_model.pkl'
2026-03-04 16:58:08,708 | INFO | Predicting employee index 728...
2026-03-04 16:58:08,708 | ERROR | Error processing employee 728: [Errno 2] No such file or directory: 'employee_attrition_model.pkl'
2026-03-04 16:58:08,708 | INFO | Predicting employee index 729...
2026-03-04 16:58:08,708 | ERROR | Error processing employee 729: [Errno 2] No such file or directory: 'employee_attrition_model.pkl'
2026-03-04 16:58:08,717 | INFO | Predicting employee index 730...
2026-03-04 16:58:08,717 | ERROR | Error processing employee 730: [Errno 2] No such file or directory: 'employee_attrition_model.pkl'
2026-03-04 16:58:08,717 | INFO | Predicting employee index 731...
2026-03-04 16:58:08,718 | ERROR | Error processing employee 731: [Errno 2] No such file or directory: 'employee_attrition_model.pkl'
2026-03-04 16:58:08,718 | INFO | Predicting employee index 732...
2026-03-04 16:58:08,718 | ERROR | Error processing employee 732: [Errno 2] No such file or directory: 'employee_attrition_model.pkl'
2026-03-04 16:58:08,718 | INFO | Predicting employee index 733...
2026-03-04 16:58:08,718 | ERROR | Error processing employee 733: [Errno 2] No such file or directory: 'employee_attrition_model.pkl'
2026-03-04 16:58:08,718 | INFO | Predicting employee index 734...
2026-03-04 16:58:08,719 | ERROR | Error processing employee 734: [Errno 2] No such file or directory: 'employee_attrition_model.pkl'
2026-03-04 16:58:08,719 | INFO | Predicting employee index 735...
2026-03-04 16:58:08,719 | ERROR | Error processing employee 735: [Errno 2] No such file or directory: 'employee_attrition_model.pkl'
2026-03-04 16:58:08,719 | INFO | Predicting employee index 736...
2026-03-04 16:58:08,719 | ERROR | Error processing employee 736: [Errno 2] No such file or directory: 'employee_attrition_model.pkl'
2026-03-04 16:58:08,719 | INFO | Predicting employee index 737...
2026-03-04 16:58:08,720 | ERROR | Error processing employee 737: [Errno 2] No such file or directory: 'employee_attrition_model.pkl'
2026-03-04 16:58:08,720 | INFO | Predicting employee index 738...
2026-03-04 16:58:08,720 | ERROR | Error processing employee 738: [Errno 2] No such file or directory: 'employee_attrition_model.pkl'
2026-03-04 16:58:08,720 | INFO | Predicting employee index 739...
2026-03-04 16:58:08,720 | ERROR | Error processing employee 739: [Errno 2] No such file or directory: 'employee_attrition_model.pkl'
2026-03-04 16:58:08,720 | INFO | Predicting employee index 740...
2026-03-04 16:58:08,721 | ERROR | Error processing employee 740: [Errno 2] No such file or directory: 'employee_attrition_model.pkl'
2026-03-04 16:58:08,721 | INFO | Predicting employee index 741...
2026-03-04 16:58:08,721 | ERROR | Error processing employee 741: [Errno 2] No such file or directory: 'employee_attrition_model.pkl'
2026-03-04 16:58:08,721 | INFO | Predicting employee index 742...
2026-03-04 16:58:08,721 | ERROR | Error processing employee 742: [Errno 2] No such file or directory: 'employee_attrition_model.pkl'
2026-03-04 16:58:08,721 | INFO | Predicting employee index 743...
2026-03-04 16:58:08,722 | ERROR | Error processing employee 743: [Errno 2] No such file or directory: 'employee_attrition_model.pkl'
2026-03-04 16:58:08,722 | INFO | Predicting employee index 744...
2026-03-04 16:58:08,722 | ERROR | Error processing employee 744: [Errno 2] No such file or directory: 'employee_attrition_model.pkl'
2026-03-04 16:58:08,722 | INFO | Predicting employee index 745...
2026-03-04 16:58:08,722 | ERROR | Error processing employee 745: [Errno 2] No such file or directory: 'employee_attrition_model.pkl'
2026-03-04 16:58:08,722 | INFO | Predicting employee index 746...
2026-03-04 16:58:08,722 | ERROR | Error processing employee 746: [Errno 2] No such file or directory: 'employee_attrition_model.pkl'
2026-03-04 16:58:08,723 | INFO | Predicting employee index 747...
2026-03-04 16:58:08,723 | ERROR | Error processing employee 747: [Errno 2] No such file or directory: 'employee_attrition_model.pkl'
2026-03-04 16:58:08,723 | INFO | Predicting employee index 748...
2026-03-04 16:58:08,723 | ERROR | Error processing employee 748: [Errno 2] No such file or directory: 'employee_attrition_model.pkl'
2026-03-04 16:58:08,723 | INFO | Predicting employee index 749...
2026-03-04 16:58:08,723 | ERROR | Error processing employee 749: [Errno 2] No such file or directory: 'employee_attrition_model.pkl'
2026-03-04 16:58:08,724 | INFO | Predicting employee index 750...
2026-03-04 16:58:08,724 | ERROR | Error processing employee 750: [Errno 2] No such file or directory: 'employee_attrition_model.pkl'
2026-03-04 16:58:08,734 | INFO | Predicting employee index 751...
2026-03-04 16:58:08,734 | ERROR | Error processing employee 751: [Errno 2] No such file or directory: 'employee_attrition_model.pkl'
2026-03-04 16:58:08,735 | INFO | Predicting employee index 752...
2026-03-04 16:58:08,735 | ERROR | Error processing employee 752: [Errno 2] No such file or directory: 'employee_attrition_model.pkl'
2026-03-04 16:58:08,735 | INFO | Predicting employee index 753...
2026-03-04 16:58:08,735 | ERROR | Error processing employee 753: [Errno 2] No such file or directory: 'employee_attrition_model.pkl'
2026-03-04 16:58:08,736 | INFO | Predicting employee index 754...
2026-03-04 16:58:08,736 | ERROR | Error processing employee 754: [Errno 2] No such file or directory: 'employee_attrition_model.pkl'
2026-03-04 16:58:08,736 | INFO | Predicting employee index 755...
2026-03-04 16:58:08,736 | ERROR | Error processing employee 755: [Errno 2] No such file or directory: 'employee_attrition_model.pkl'
2026-03-04 16:58:08,736 | INFO | Predicting employee index 756...
2026-03-04 16:58:08,736 | ERROR | Error processing employee 756: [Errno 2] No such file or directory: 'employee_attrition_model.pkl'
2026-03-04 16:58:08,737 | INFO | Predicting employee index 757...
2026-03-04 16:58:08,737 | ERROR | Error processing employee 757: [Errno 2] No such file or directory: 'employee_attrition_model.pkl'
2026-03-04 16:58:08,737 | INFO | Predicting employee index 758...
2026-03-04 16:58:08,737 | ERROR | Error processing employee 758: [Errno 2] No such file or directory: 'employee_attrition_model.pkl'
2026-03-04 16:58:08,738 | INFO | Predicting employee index 759...
2026-03-04 16:58:08,738 | ERROR | Error processing employee 759: [Errno 2] No such file or directory: 'employee_attrition_model.pkl'
2026-03-04 16:58:08,738 | INFO | Predicting employee index 760...
2026-03-04 16:58:08,738 | ERROR | Error processing employee 760: [Errno 2] No such file or directory: 'employee_attrition_model.pkl'
2026-03-04 16:58:08,738 | INFO | Predicting employee index 761...
2026-03-04 16:58:08,739 | ERROR | Error processing employee 761: [Errno 2] No such file or directory: 'employee_attrition_model.pkl'
2026-03-04 16:58:08,739 | INFO | Predicting employee index 762...
2026-03-04 16:58:08,739 | ERROR | Error processing employee 762: [Errno 2] No such file or directory: 'employee_attrition_model.pkl'
2026-03-04 16:58:08,739 | INFO | Predicting employee index 763...
2026-03-04 16:58:08,739 | ERROR | Error processing employee 763: [Errno 2] No such file or directory: 'employee_attrition_model.pkl'
2026-03-04 16:58:08,740 | INFO | Predicting employee index 764...
2026-03-04 16:58:08,740 | ERROR | Error processing employee 764: [Errno 2] No such file or directory: 'employee_attrition_model.pkl'
2026-03-04 16:58:08,740 | INFO | Predicting employee index 765...
2026-03-04 16:58:08,740 | ERROR | Error processing employee 765: [Errno 2] No such file or directory: 'employee_attrition_model.pkl'
2026-03-04 16:58:08,741 | INFO | Predicting employee index 766...
2026-03-04 16:58:08,741 | ERROR | Error processing employee 766: [Errno 2] No such file or directory: 'employee_attrition_model.pkl'
2026-03-04 16:58:08,741 | INFO | Predicting employee index 767...
2026-03-04 16:58:08,741 | ERROR | Error processing employee 767: [Errno 2] No such file or directory: 'employee_attrition_model.pkl'
2026-03-04 16:58:08,741 | INFO | Predicting employee index 768...
2026-03-04 16:58:08,741 | ERROR | Error processing employee 768: [Errno 2] No such file or directory: 'employee_attrition_model.pkl'
2026-03-04 16:58:08,742 | INFO | Predicting employee index 769...
2026-03-04 16:58:08,742 | ERROR | Error processing employee 769: [Errno 2] No such file or directory: 'employee_attrition_model.pkl'
2026-03-04 16:58:08,742 | INFO | Predicting employee index 770...
2026-03-04 16:58:08,742 | ERROR | Error processing employee 770: [Errno 2] No such file or directory: 'employee_attrition_model.pkl'
2026-03-04 16:58:08,742 | INFO | Predicting employee index 771...
2026-03-04 16:58:08,742 | ERROR | Error processing employee 771: [Errno 2] No such file or directory: 'employee_attrition_model.pkl'
2026-03-04 16:58:08,748 | INFO | Predicting employee index 772...
2026-03-04 16:58:08,749 | ERROR | Error processing employee 772: [Errno 2] No such file or directory: 'employee_attrition_model.pkl'
2026-03-04 16:58:08,749 | INFO | Predicting employee index 773...
2026-03-04 16:58:08,749 | ERROR | Error processing employee 773: [Errno 2] No such file or directory: 'employee_attrition_model.pkl'
2026-03-04 16:58:08,750 | INFO | Predicting employee index 774...
2026-03-04 16:58:08,750 | ERROR | Error processing employee 774: [Errno 2] No such file or directory: 'employee_attrition_model.pkl'
2026-03-04 16:58:08,752 | INFO | Predicting employee index 775...
2026-03-04 16:58:08,752 | ERROR | Error processing employee 775: [Errno 2] No such file or directory: 'employee_attrition_model.pkl'
2026-03-04 16:58:08,752 | INFO | Predicting employee index 776...
2026-03-04 16:58:08,752 | ERROR | Error processing employee 776: [Errno 2] No such file or directory: 'employee_attrition_model.pkl'
2026-03-04 16:58:08,752 | INFO | Predicting employee index 777...
2026-03-04 16:58:08,753 | ERROR | Error processing employee 777: [Errno 2] No such file or directory: 'employee_attrition_model.pkl'
2026-03-04 16:58:08,753 | INFO | Predicting employee index 778...
2026-03-04 16:58:08,753 | ERROR | Error processing employee 778: [Errno 2] No such file or directory: 'employee_attrition_model.pkl'
2026-03-04 16:58:08,753 | INFO | Predicting employee index 779...
2026-03-04 16:58:08,753 | ERROR | Error processing employee 779: [Errno 2] No such file or directory: 'employee_attrition_model.pkl'
2026-03-04 16:58:08,753 | INFO | Predicting employee index 780...
2026-03-04 16:58:08,754 | ERROR | Error processing employee 780: [Errno 2] No such file or directory: 'employee_attrition_model.pkl'
2026-03-04 16:58:08,754 | INFO | Predicting employee index 781...
2026-03-04 16:58:08,754 | ERROR | Error processing employee 781: [Errno 2] No such file or directory: 'employee_attrition_model.pkl'
2026-03-04 16:58:08,754 | INFO | Predicting employee index 782...
2026-03-04 16:58:08,754 | ERROR | Error processing employee 782: [Errno 2] No such file or directory: 'employee_attrition_model.pkl'
2026-03-04 16:58:08,754 | INFO | Predicting employee index 783...
2026-03-04 16:58:08,754 | ERROR | Error processing employee 783: [Errno 2] No such file or directory: 'employee_attrition_model.pkl'
2026-03-04 16:58:08,755 | INFO | Predicting employee index 784...
2026-03-04 16:58:08,755 | ERROR | Error processing employee 784: [Errno 2] No such file or directory: 'employee_attrition_model.pkl'
2026-03-04 16:58:08,755 | INFO | Predicting employee index 785...
2026-03-04 16:58:08,755 | ERROR | Error processing employee 785: [Errno 2] No such file or directory: 'employee_attrition_model.pkl'
2026-03-04 16:58:08,755 | INFO | Predicting employee index 786...
2026-03-04 16:58:08,755 | ERROR | Error processing employee 786: [Errno 2] No such file or directory: 'employee_attrition_model.pkl'
2026-03-04 16:58:08,755 | INFO | Predicting employee index 787...
2026-03-04 16:58:08,756 | ERROR | Error processing employee 787: [Errno 2] No such file or directory: 'employee_attrition_model.pkl'
2026-03-04 16:58:08,756 | INFO | Predicting employee index 788...
2026-03-04 16:58:08,756 | ERROR | Error processing employee 788: [Errno 2] No such file or directory: 'employee_attrition_model.pkl'
2026-03-04 16:58:08,756 | INFO | Predicting employee index 789...
2026-03-04 16:58:08,756 | ERROR | Error processing employee 789: [Errno 2] No such file or directory: 'employee_attrition_model.pkl'
2026-03-04 16:58:08,756 | INFO | Predicting employee index 790...
2026-03-04 16:58:08,756 | ERROR | Error processing employee 790: [Errno 2] No such file or directory: 'employee_attrition_model.pkl'
2026-03-04 16:58:08,757 | INFO | Predicting employee index 791...
2026-03-04 16:58:08,757 | ERROR | Error processing employee 791: [Errno 2] No such file or directory: 'employee_attrition_model.pkl'
2026-03-04 16:58:08,757 | INFO | Predicting employee index 792...
2026-03-04 16:58:08,757 | ERROR | Error processing employee 792: [Errno 2] No such file or directory: 'employee_attrition_model.pkl'
2026-03-04 16:58:08,764 | INFO | Predicting employee index 793...
2026-03-04 16:58:08,764 | ERROR | Error processing employee 793: [Errno 2] No such file or directory: 'employee_attrition_model.pkl'
2026-03-04 16:58:08,765 | INFO | Predicting employee index 794...
2026-03-04 16:58:08,765 | ERROR | Error processing employee 794: [Errno 2] No such file or directory: 'employee_attrition_model.pkl'
2026-03-04 16:58:08,765 | INFO | Predicting employee index 795...
2026-03-04 16:58:08,765 | ERROR | Error processing employee 795: [Errno 2] No such file or directory: 'employee_attrition_model.pkl'
2026-03-04 16:58:08,766 | INFO | Predicting employee index 796...
2026-03-04 16:58:08,766 | ERROR | Error processing employee 796: [Errno 2] No such file or directory: 'employee_attrition_model.pkl'
2026-03-04 16:58:08,766 | INFO | Predicting employee index 797...
2026-03-04 16:58:08,766 | ERROR | Error processing employee 797: [Errno 2] No such file or directory: 'employee_attrition_model.pkl'
2026-03-04 16:58:08,766 | INFO | Predicting employee index 798...
2026-03-04 16:58:08,766 | ERROR | Error processing employee 798: [Errno 2] No such file or directory: 'employee_attrition_model.pkl'
2026-03-04 16:58:08,767 | INFO | Predicting employee index 799...
2026-03-04 16:58:08,767 | ERROR | Error processing employee 799: [Errno 2] No such file or directory: 'employee_attrition_model.pkl'
2026-03-04 16:58:08,767 | INFO | Predicting employee index 800...
2026-03-04 16:58:08,767 | ERROR | Error processing employee 800: [Errno 2] No such file or directory: 'employee_attrition_model.pkl'
2026-03-04 16:58:08,767 | INFO | Predicting employee index 801...
2026-03-04 16:58:08,768 | ERROR | Error processing employee 801: [Errno 2] No such file or directory: 'employee_attrition_model.pkl'
2026-03-04 16:58:08,768 | INFO | Predicting employee index 802...
2026-03-04 16:58:08,768 | ERROR | Error processing employee 802: [Errno 2] No such file or directory: 'employee_attrition_model.pkl'
2026-03-04 16:58:08,768 | INFO | Predicting employee index 803...
2026-03-04 16:58:08,768 | ERROR | Error processing employee 803: [Errno 2] No such file or directory: 'employee_attrition_model.pkl'
2026-03-04 16:58:08,768 | INFO | Predicting employee index 804...
2026-03-04 16:58:08,768 | ERROR | Error processing employee 804: [Errno 2] No such file or directory: 'employee_attrition_model.pkl'
2026-03-04 16:58:08,769 | INFO | Predicting employee index 805...
2026-03-04 16:58:08,769 | ERROR | Error processing employee 805: [Errno 2] No such file or directory: 'employee_attrition_model.pkl'
2026-03-04 16:58:08,769 | INFO | Predicting employee index 806...
2026-03-04 16:58:08,769 | ERROR | Error processing employee 806: [Errno 2] No such file or directory: 'employee_attrition_model.pkl'
2026-03-04 16:58:08,769 | INFO | Predicting employee index 807...
2026-03-04 16:58:08,769 | ERROR | Error processing employee 807: [Errno 2] No such file or directory: 'employee_attrition_model.pkl'
2026-03-04 16:58:08,769 | INFO | Predicting employee index 808...
2026-03-04 16:58:08,770 | ERROR | Error processing employee 808: [Errno 2] No such file or directory: 'employee_attrition_model.pkl'
2026-03-04 16:58:08,770 | INFO | Predicting employee index 809...
2026-03-04 16:58:08,770 | ERROR | Error processing employee 809: [Errno 2] No such file or directory: 'employee_attrition_model.pkl'
2026-03-04 16:58:08,770 | INFO | Predicting employee index 810...
2026-03-04 16:58:08,770 | ERROR | Error processing employee 810: [Errno 2] No such file or directory: 'employee_attrition_model.pkl'
2026-03-04 16:58:08,770 | INFO | Predicting employee index 811...
2026-03-04 16:58:08,770 | ERROR | Error processing employee 811: [Errno 2] No such file or directory: 'employee_attrition_model.pkl'
2026-03-04 16:58:08,771 | INFO | Predicting employee index 812...
2026-03-04 16:58:08,771 | ERROR | Error processing employee 812: [Errno 2] No such file or directory: 'employee_attrition_model.pkl'
2026-03-04 16:58:08,771 | INFO | Predicting employee index 813...
2026-03-04 16:58:08,771 | ERROR | Error processing employee 813: [Errno 2] No such file or directory: 'employee_attrition_model.pkl'
2026-03-04 16:58:08,779 | INFO | Predicting employee index 814...
2026-03-04 16:58:08,779 | ERROR | Error processing employee 814: [Errno 2] No such file or directory: 'employee_attrition_model.pkl'
2026-03-04 16:58:08,780 | INFO | Predicting employee index 815...
2026-03-04 16:58:08,780 | ERROR | Error processing employee 815: [Errno 2] No such file or directory: 'employee_attrition_model.pkl'
2026-03-04 16:58:08,780 | INFO | Predicting employee index 816...
2026-03-04 16:58:08,780 | ERROR | Error processing employee 816: [Errno 2] No such file or directory: 'employee_attrition_model.pkl'
2026-03-04 16:58:08,780 | INFO | Predicting employee index 817...
2026-03-04 16:58:08,780 | ERROR | Error processing employee 817: [Errno 2] No such file or directory: 'employee_attrition_model.pkl'
2026-03-04 16:58:08,780 | INFO | Predicting employee index 818...
2026-03-04 16:58:08,781 | ERROR | Error processing employee 818: [Errno 2] No such file or directory: 'employee_attrition_model.pkl'
2026-03-04 16:58:08,781 | INFO | Predicting employee index 819...
2026-03-04 16:58:08,781 | ERROR | Error processing employee 819: [Errno 2] No such file or directory: 'employee_attrition_model.pkl'
2026-03-04 16:58:08,781 | INFO | Predicting employee index 820...
2026-03-04 16:58:08,781 | ERROR | Error processing employee 820: [Errno 2] No such file or directory: 'employee_attrition_model.pkl'
2026-03-04 16:58:08,781 | INFO | Predicting employee index 821...
2026-03-04 16:58:08,782 | ERROR | Error processing employee 821: [Errno 2] No such file or directory: 'employee_attrition_model.pkl'
2026-03-04 16:58:08,782 | INFO | Predicting employee index 822...
2026-03-04 16:58:08,782 | ERROR | Error processing employee 822: [Errno 2] No such file or directory: 'employee_attrition_model.pkl'
2026-03-04 16:58:08,782 | INFO | Predicting employee index 823...
2026-03-04 16:58:08,782 | ERROR | Error processing employee 823: [Errno 2] No such file or directory: 'employee_attrition_model.pkl'
2026-03-04 16:58:08,783 | INFO | Predicting employee index 824...
2026-03-04 16:58:08,783 | ERROR | Error processing employee 824: [Errno 2] No such file or directory: 'employee_attrition_model.pkl'
2026-03-04 16:58:08,783 | INFO | Predicting employee index 825...
2026-03-04 16:58:08,783 | ERROR | Error processing employee 825: [Errno 2] No such file or directory: 'employee_attrition_model.pkl'
2026-03-04 16:58:08,783 | INFO | Predicting employee index 826...
2026-03-04 16:58:08,784 | ERROR | Error processing employee 826: [Errno 2] No such file or directory: 'employee_attrition_model.pkl'
2026-03-04 16:58:08,784 | INFO | Predicting employee index 827...
2026-03-04 16:58:08,784 | ERROR | Error processing employee 827: [Errno 2] No such file or directory: 'employee_attrition_model.pkl'
2026-03-04 16:58:08,784 | INFO | Predicting employee index 828...
2026-03-04 16:58:08,784 | ERROR | Error processing employee 828: [Errno 2] No such file or directory: 'employee_attrition_model.pkl'
2026-03-04 16:58:08,784 | INFO | Predicting employee index 829...
2026-03-04 16:58:08,784 | ERROR | Error processing employee 829: [Errno 2] No such file or directory: 'employee_attrition_model.pkl'
2026-03-04 16:58:08,785 | INFO | Predicting employee index 830...
2026-03-04 16:58:08,785 | ERROR | Error processing employee 830: [Errno 2] No such file or directory: 'employee_attrition_model.pkl'
2026-03-04 16:58:08,785 | INFO | Predicting employee index 831...
2026-03-04 16:58:08,785 | ERROR | Error processing employee 831: [Errno 2] No such file or directory: 'employee_attrition_model.pkl'
2026-03-04 16:58:08,785 | INFO | Predicting employee index 832...
2026-03-04 16:58:08,785 | ERROR | Error processing employee 832: [Errno 2] No such file or directory: 'employee_attrition_model.pkl'
2026-03-04 16:58:08,785 | INFO | Predicting employee index 833...
2026-03-04 16:58:08,786 | ERROR | Error processing employee 833: [Errno 2] No such file or directory: 'employee_attrition_model.pkl'
2026-03-04 16:58:08,786 | INFO | Predicting employee index 834...
2026-03-04 16:58:08,786 | ERROR | Error processing employee 834: [Errno 2] No such file or directory: 'employee_attrition_model.pkl'
2026-03-04 16:58:08,795 | INFO | Predicting employee index 835...
2026-03-04 16:58:08,796 | ERROR | Error processing employee 835: [Errno 2] No such file or directory: 'employee_attrition_model.pkl'
2026-03-04 16:58:08,796 | INFO | Predicting employee index 836...
2026-03-04 16:58:08,796 | ERROR | Error processing employee 836: [Errno 2] No such file or directory: 'employee_attrition_model.pkl'
2026-03-04 16:58:08,796 | INFO | Predicting employee index 837...
2026-03-04 16:58:08,796 | ERROR | Error processing employee 837: [Errno 2] No such file or directory: 'employee_attrition_model.pkl'
2026-03-04 16:58:08,796 | INFO | Predicting employee index 838...
2026-03-04 16:58:08,797 | ERROR | Error processing employee 838: [Errno 2] No such file or directory: 'employee_attrition_model.pkl'
2026-03-04 16:58:08,797 | INFO | Predicting employee index 839...
2026-03-04 16:58:08,797 | ERROR | Error processing employee 839: [Errno 2] No such file or directory: 'employee_attrition_model.pkl'
2026-03-04 16:58:08,797 | INFO | Predicting employee index 840...
2026-03-04 16:58:08,797 | ERROR | Error processing employee 840: [Errno 2] No such file or directory: 'employee_attrition_model.pkl'
2026-03-04 16:58:08,797 | INFO | Predicting employee index 841...
2026-03-04 16:58:08,797 | ERROR | Error processing employee 841: [Errno 2] No such file or directory: 'employee_attrition_model.pkl'
2026-03-04 16:58:08,798 | INFO | Predicting employee index 842...
2026-03-04 16:58:08,798 | ERROR | Error processing employee 842: [Errno 2] No such file or directory: 'employee_attrition_model.pkl'
2026-03-04 16:58:08,798 | INFO | Predicting employee index 843...
2026-03-04 16:58:08,798 | ERROR | Error processing employee 843: [Errno 2] No such file or directory: 'employee_attrition_model.pkl'
2026-03-04 16:58:08,798 | INFO | Predicting employee index 844...
2026-03-04 16:58:08,799 | ERROR | Error processing employee 844: [Errno 2] No such file or directory: 'employee_attrition_model.pkl'
2026-03-04 16:58:08,799 | INFO | Predicting employee index 845...
2026-03-04 16:58:08,799 | ERROR | Error processing employee 845: [Errno 2] No such file or directory: 'employee_attrition_model.pkl'
2026-03-04 16:58:08,799 | INFO | Predicting employee index 846...
2026-03-04 16:58:08,800 | ERROR | Error processing employee 846: [Errno 2] No such file or directory: 'employee_attrition_model.pkl'
2026-03-04 16:58:08,800 | INFO | Predicting employee index 847...
2026-03-04 16:58:08,800 | ERROR | Error processing employee 847: [Errno 2] No such file or directory: 'employee_attrition_model.pkl'
2026-03-04 16:58:08,800 | INFO | Predicting employee index 848...
2026-03-04 16:58:08,801 | ERROR | Error processing employee 848: [Errno 2] No such file or directory: 'employee_attrition_model.pkl'
2026-03-04 16:58:08,801 | INFO | Predicting employee index 849...
2026-03-04 16:58:08,801 | ERROR | Error processing employee 849: [Errno 2] No such file or directory: 'employee_attrition_model.pkl'
2026-03-04 16:58:08,801 | INFO | Predicting employee index 850...
2026-03-04 16:58:08,802 | ERROR | Error processing employee 850: [Errno 2] No such file or directory: 'employee_attrition_model.pkl'
2026-03-04 16:58:08,802 | INFO | Predicting employee index 851...
2026-03-04 16:58:08,802 | ERROR | Error processing employee 851: [Errno 2] No such file or directory: 'employee_attrition_model.pkl'
2026-03-04 16:58:08,802 | INFO | Predicting employee index 852...
2026-03-04 16:58:08,802 | ERROR | Error processing employee 852: [Errno 2] No such file or directory: 'employee_attrition_model.pkl'
2026-03-04 16:58:08,803 | INFO | Predicting employee index 853...
2026-03-04 16:58:08,803 | ERROR | Error processing employee 853: [Errno 2] No such file or directory: 'employee_attrition_model.pkl'
2026-03-04 16:58:08,803 | INFO | Predicting employee index 854...
2026-03-04 16:58:08,803 | ERROR | Error processing employee 854: [Errno 2] No such file or directory: 'employee_attrition_model.pkl'
2026-03-04 16:58:08,803 | INFO | Predicting employee index 855...
2026-03-04 16:58:08,804 | ERROR | Error processing employee 855: [Errno 2] No such file or directory: 'employee_attrition_model.pkl'
2026-03-04 16:58:08,811 | INFO | Predicting employee index 856...
2026-03-04 16:58:08,811 | ERROR | Error processing employee 856: [Errno 2] No such file or directory: 'employee_attrition_model.pkl'
2026-03-04 16:58:08,812 | INFO | Predicting employee index 857...
2026-03-04 16:58:08,812 | ERROR | Error processing employee 857: [Errno 2] No such file or directory: 'employee_attrition_model.pkl'
2026-03-04 16:58:08,812 | INFO | Predicting employee index 858...
2026-03-04 16:58:08,812 | ERROR | Error processing employee 858: [Errno 2] No such file or directory: 'employee_attrition_model.pkl'
2026-03-04 16:58:08,812 | INFO | Predicting employee index 859...
2026-03-04 16:58:08,812 | ERROR | Error processing employee 859: [Errno 2] No such file or directory: 'employee_attrition_model.pkl'
2026-03-04 16:58:08,812 | INFO | Predicting employee index 860...
2026-03-04 16:58:08,812 | ERROR | Error processing employee 860: [Errno 2] No such file or directory: 'employee_attrition_model.pkl'
2026-03-04 16:58:08,813 | INFO | Predicting employee index 861...
2026-03-04 16:58:08,813 | ERROR | Error processing employee 861: [Errno 2] No such file or directory: 'employee_attrition_model.pkl'
2026-03-04 16:58:08,813 | INFO | Predicting employee index 862...
2026-03-04 16:58:08,813 | ERROR | Error processing employee 862: [Errno 2] No such file or directory: 'employee_attrition_model.pkl'
2026-03-04 16:58:08,813 | INFO | Predicting employee index 863...
2026-03-04 16:58:08,813 | ERROR | Error processing employee 863: [Errno 2] No such file or directory: 'employee_attrition_model.pkl'
2026-03-04 16:58:08,813 | INFO | Predicting employee index 864...
2026-03-04 16:58:08,814 | ERROR | Error processing employee 864: [Errno 2] No such file or directory: 'employee_attrition_model.pkl'
2026-03-04 16:58:08,814 | INFO | Predicting employee index 865...
2026-03-04 16:58:08,814 | ERROR | Error processing employee 865: [Errno 2] No such file or directory: 'employee_attrition_model.pkl'
2026-03-04 16:58:08,814 | INFO | Predicting employee index 866...
2026-03-04 16:58:08,814 | ERROR | Error processing employee 866: [Errno 2] No such file or directory: 'employee_attrition_model.pkl'
2026-03-04 16:58:08,814 | INFO | Predicting employee index 867...
2026-03-04 16:58:08,814 | ERROR | Error processing employee 867: [Errno 2] No such file or directory: 'employee_attrition_model.pkl'
2026-03-04 16:58:08,815 | INFO | Predicting employee index 868...
2026-03-04 16:58:08,815 | ERROR | Error processing employee 868: [Errno 2] No such file or directory: 'employee_attrition_model.pkl'
2026-03-04 16:58:08,815 | INFO | Predicting employee index 869...
2026-03-04 16:58:08,815 | ERROR | Error processing employee 869: [Errno 2] No such file or directory: 'employee_attrition_model.pkl'
2026-03-04 16:58:08,815 | INFO | Predicting employee index 870...
2026-03-04 16:58:08,816 | ERROR | Error processing employee 870: [Errno 2] No such file or directory: 'employee_attrition_model.pkl'
2026-03-04 16:58:08,816 | INFO | Predicting employee index 871...
2026-03-04 16:58:08,816 | ERROR | Error processing employee 871: [Errno 2] No such file or directory: 'employee_attrition_model.pkl'
2026-03-04 16:58:08,816 | INFO | Predicting employee index 872...
2026-03-04 16:58:08,817 | ERROR | Error processing employee 872: [Errno 2] No such file or directory: 'employee_attrition_model.pkl'
2026-03-04 16:58:08,817 | INFO | Predicting employee index 873...
2026-03-04 16:58:08,817 | ERROR | Error processing employee 873: [Errno 2] No such file or directory: 'employee_attrition_model.pkl'
2026-03-04 16:58:08,817 | INFO | Predicting employee index 874...
2026-03-04 16:58:08,818 | ERROR | Error processing employee 874: [Errno 2] No such file or directory: 'employee_attrition_model.pkl'
2026-03-04 16:58:08,818 | INFO | Predicting employee index 875...
2026-03-04 16:58:08,818 | ERROR | Error processing employee 875: [Errno 2] No such file or directory: 'employee_attrition_model.pkl'
2026-03-04 16:58:08,818 | INFO | Predicting employee index 876...
2026-03-04 16:58:08,818 | ERROR | Error processing employee 876: [Errno 2] No such file or directory: 'employee_attrition_model.pkl'
2026-03-04 16:58:08,827 | INFO | Predicting employee index 877...
2026-03-04 16:58:08,827 | ERROR | Error processing employee 877: [Errno 2] No such file or directory: 'employee_attrition_model.pkl'
2026-03-04 16:58:08,828 | INFO | Predicting employee index 878...
2026-03-04 16:58:08,828 | ERROR | Error processing employee 878: [Errno 2] No such file or directory: 'employee_attrition_model.pkl'
2026-03-04 16:58:08,828 | INFO | Predicting employee index 879...
2026-03-04 16:58:08,828 | ERROR | Error processing employee 879: [Errno 2] No such file or directory: 'employee_attrition_model.pkl'
2026-03-04 16:58:08,828 | INFO | Predicting employee index 880...
2026-03-04 16:58:08,829 | ERROR | Error processing employee 880: [Errno 2] No such file or directory: 'employee_attrition_model.pkl'
2026-03-04 16:58:08,829 | INFO | Predicting employee index 881...
2026-03-04 16:58:08,829 | ERROR | Error processing employee 881: [Errno 2] No such file or directory: 'employee_attrition_model.pkl'
2026-03-04 16:58:08,829 | INFO | Predicting employee index 882...
2026-03-04 16:58:08,829 | ERROR | Error processing employee 882: [Errno 2] No such file or directory: 'employee_attrition_model.pkl'
2026-03-04 16:58:08,829 | INFO | Predicting employee index 883...
2026-03-04 16:58:08,829 | ERROR | Error processing employee 883: [Errno 2] No such file or directory: 'employee_attrition_model.pkl'
2026-03-04 16:58:08,830 | INFO | Predicting employee index 884...
2026-03-04 16:58:08,830 | ERROR | Error processing employee 884: [Errno 2] No such file or directory: 'employee_attrition_model.pkl'
2026-03-04 16:58:08,830 | INFO | Predicting employee index 885...
2026-03-04 16:58:08,830 | ERROR | Error processing employee 885: [Errno 2] No such file or directory: 'employee_attrition_model.pkl'
2026-03-04 16:58:08,830 | INFO | Predicting employee index 886...
2026-03-04 16:58:08,830 | ERROR | Error processing employee 886: [Errno 2] No such file or directory: 'employee_attrition_model.pkl'
2026-03-04 16:58:08,831 | INFO | Predicting employee index 887...
2026-03-04 16:58:08,831 | ERROR | Error processing employee 887: [Errno 2] No such file or directory: 'employee_attrition_model.pkl'
2026-03-04 16:58:08,831 | INFO | Predicting employee index 888...
2026-03-04 16:58:08,831 | ERROR | Error processing employee 888: [Errno 2] No such file or directory: 'employee_attrition_model.pkl'
2026-03-04 16:58:08,831 | INFO | Predicting employee index 889...
2026-03-04 16:58:08,832 | ERROR | Error processing employee 889: [Errno 2] No such file or directory: 'employee_attrition_model.pkl'
2026-03-04 16:58:08,832 | INFO | Predicting employee index 890...
2026-03-04 16:58:08,832 | ERROR | Error processing employee 890: [Errno 2] No such file or directory: 'employee_attrition_model.pkl'
2026-03-04 16:58:08,833 | INFO | Predicting employee index 891...
2026-03-04 16:58:08,833 | ERROR | Error processing employee 891: [Errno 2] No such file or directory: 'employee_attrition_model.pkl'
2026-03-04 16:58:08,833 | INFO | Predicting employee index 892...
2026-03-04 16:58:08,833 | ERROR | Error processing employee 892: [Errno 2] No such file or directory: 'employee_attrition_model.pkl'
2026-03-04 16:58:08,834 | INFO | Predicting employee index 893...
2026-03-04 16:58:08,834 | ERROR | Error processing employee 893: [Errno 2] No such file or directory: 'employee_attrition_model.pkl'
2026-03-04 16:58:08,834 | INFO | Predicting employee index 894...
2026-03-04 16:58:08,834 | ERROR | Error processing employee 894: [Errno 2] No such file or directory: 'employee_attrition_model.pkl'
2026-03-04 16:58:08,834 | INFO | Predicting employee index 895...
2026-03-04 16:58:08,834 | ERROR | Error processing employee 895: [Errno 2] No such file or directory: 'employee_attrition_model.pkl'
2026-03-04 16:58:08,835 | INFO | Predicting employee index 896...
2026-03-04 16:58:08,835 | ERROR | Error processing employee 896: [Errno 2] No such file or directory: 'employee_attrition_model.pkl'
2026-03-04 16:58:08,835 | INFO | Predicting employee index 897...
2026-03-04 16:58:08,835 | ERROR | Error processing employee 897: [Errno 2] No such file or directory: 'employee_attrition_model.pkl'
2026-03-04 16:58:08,843 | INFO | Predicting employee index 898...
2026-03-04 16:58:08,844 | ERROR | Error processing employee 898: [Errno 2] No such file or directory: 'employee_attrition_model.pkl'
2026-03-04 16:58:08,844 | INFO | Predicting employee index 899...
2026-03-04 16:58:08,844 | ERROR | Error processing employee 899: [Errno 2] No such file or directory: 'employee_attrition_model.pkl'
2026-03-04 16:58:08,844 | INFO | Predicting employee index 900...
2026-03-04 16:58:08,844 | ERROR | Error processing employee 900: [Errno 2] No such file or directory: 'employee_attrition_model.pkl'
2026-03-04 16:58:08,845 | INFO | Predicting employee index 901...
2026-03-04 16:58:08,845 | ERROR | Error processing employee 901: [Errno 2] No such file or directory: 'employee_attrition_model.pkl'
2026-03-04 16:58:08,845 | INFO | Predicting employee index 902...
2026-03-04 16:58:08,845 | ERROR | Error processing employee 902: [Errno 2] No such file or directory: 'employee_attrition_model.pkl'
2026-03-04 16:58:08,845 | INFO | Predicting employee index 903...
2026-03-04 16:58:08,846 | ERROR | Error processing employee 903: [Errno 2] No such file or directory: 'employee_attrition_model.pkl'
2026-03-04 16:58:08,846 | INFO | Predicting employee index 904...
2026-03-04 16:58:08,846 | ERROR | Error processing employee 904: [Errno 2] No such file or directory: 'employee_attrition_model.pkl'
2026-03-04 16:58:08,846 | INFO | Predicting employee index 905...
2026-03-04 16:58:08,846 | ERROR | Error processing employee 905: [Errno 2] No such file or directory: 'employee_attrition_model.pkl'
2026-03-04 16:58:08,846 | INFO | Predicting employee index 906...
2026-03-04 16:58:08,846 | ERROR | Error processing employee 906: [Errno 2] No such file or directory: 'employee_attrition_model.pkl'
2026-03-04 16:58:08,847 | INFO | Predicting employee index 907...
2026-03-04 16:58:08,847 | ERROR | Error processing employee 907: [Errno 2] No such file or directory: 'employee_attrition_model.pkl'
2026-03-04 16:58:08,847 | INFO | Predicting employee index 908...
2026-03-04 16:58:08,847 | ERROR | Error processing employee 908: [Errno 2] No such file or directory: 'employee_attrition_model.pkl'
2026-03-04 16:58:08,847 | INFO | Predicting employee index 909...
2026-03-04 16:58:08,848 | ERROR | Error processing employee 909: [Errno 2] No such file or directory: 'employee_attrition_model.pkl'
2026-03-04 16:58:08,848 | INFO | Predicting employee index 910...
2026-03-04 16:58:08,848 | ERROR | Error processing employee 910: [Errno 2] No such file or directory: 'employee_attrition_model.pkl'
2026-03-04 16:58:08,848 | INFO | Predicting employee index 911...
2026-03-04 16:58:08,848 | ERROR | Error processing employee 911: [Errno 2] No such file or directory: 'employee_attrition_model.pkl'
2026-03-04 16:58:08,849 | INFO | Predicting employee index 912...
2026-03-04 16:58:08,849 | ERROR | Error processing employee 912: [Errno 2] No such file or directory: 'employee_attrition_model.pkl'
2026-03-04 16:58:08,849 | INFO | Predicting employee index 913...
2026-03-04 16:58:08,850 | ERROR | Error processing employee 913: [Errno 2] No such file or directory: 'employee_attrition_model.pkl'
2026-03-04 16:58:08,850 | INFO | Predicting employee index 914...
2026-03-04 16:58:08,851 | ERROR | Error processing employee 914: [Errno 2] No such file or directory: 'employee_attrition_model.pkl'
2026-03-04 16:58:08,851 | INFO | Predicting employee index 915...
2026-03-04 16:58:08,851 | ERROR | Error processing employee 915: [Errno 2] No such file or directory: 'employee_attrition_model.pkl'
2026-03-04 16:58:08,852 | INFO | Predicting employee index 916...
2026-03-04 16:58:08,852 | ERROR | Error processing employee 916: [Errno 2] No such file or directory: 'employee_attrition_model.pkl'
2026-03-04 16:58:08,852 | INFO | Predicting employee index 917...
2026-03-04 16:58:08,852 | ERROR | Error processing employee 917: [Errno 2] No such file or directory: 'employee_attrition_model.pkl'
2026-03-04 16:58:08,852 | INFO | Predicting employee index 918...
2026-03-04 16:58:08,852 | ERROR | Error processing employee 918: [Errno 2] No such file or directory: 'employee_attrition_model.pkl'
2026-03-04 16:58:08,859 | INFO | Predicting employee index 919...
2026-03-04 16:58:08,859 | ERROR | Error processing employee 919: [Errno 2] No such file or directory: 'employee_attrition_model.pkl'
2026-03-04 16:58:08,860 | INFO | Predicting employee index 920...
2026-03-04 16:58:08,860 | ERROR | Error processing employee 920: [Errno 2] No such file or directory: 'employee_attrition_model.pkl'
2026-03-04 16:58:08,860 | INFO | Predicting employee index 921...
2026-03-04 16:58:08,860 | ERROR | Error processing employee 921: [Errno 2] No such file or directory: 'employee_attrition_model.pkl'
2026-03-04 16:58:08,860 | INFO | Predicting employee index 922...
2026-03-04 16:58:08,860 | ERROR | Error processing employee 922: [Errno 2] No such file or directory: 'employee_attrition_model.pkl'
2026-03-04 16:58:08,861 | INFO | Predicting employee index 923...
2026-03-04 16:58:08,861 | ERROR | Error processing employee 923: [Errno 2] No such file or directory: 'employee_attrition_model.pkl'
2026-03-04 16:58:08,861 | INFO | Predicting employee index 924...
2026-03-04 16:58:08,861 | ERROR | Error processing employee 924: [Errno 2] No such file or directory: 'employee_attrition_model.pkl'
2026-03-04 16:58:08,861 | INFO | Predicting employee index 925...
2026-03-04 16:58:08,861 | ERROR | Error processing employee 925: [Errno 2] No such file or directory: 'employee_attrition_model.pkl'
2026-03-04 16:58:08,862 | INFO | Predicting employee index 926...
2026-03-04 16:58:08,862 | ERROR | Error processing employee 926: [Errno 2] No such file or directory: 'employee_attrition_model.pkl'
2026-03-04 16:58:08,862 | INFO | Predicting employee index 927...
2026-03-04 16:58:08,862 | ERROR | Error processing employee 927: [Errno 2] No such file or directory: 'employee_attrition_model.pkl'
2026-03-04 16:58:08,862 | INFO | Predicting employee index 928...
2026-03-04 16:58:08,862 | ERROR | Error processing employee 928: [Errno 2] No such file or directory: 'employee_attrition_model.pkl'
2026-03-04 16:58:08,863 | INFO | Predicting employee index 929...
2026-03-04 16:58:08,863 | ERROR | Error processing employee 929: [Errno 2] No such file or directory: 'employee_attrition_model.pkl'
2026-03-04 16:58:08,863 | INFO | Predicting employee index 930...
2026-03-04 16:58:08,863 | ERROR | Error processing employee 930: [Errno 2] No such file or directory: 'employee_attrition_model.pkl'
2026-03-04 16:58:08,863 | INFO | Predicting employee index 931...
2026-03-04 16:58:08,863 | ERROR | Error processing employee 931: [Errno 2] No such file or directory: 'employee_attrition_model.pkl'
2026-03-04 16:58:08,864 | INFO | Predicting employee index 932...
2026-03-04 16:58:08,864 | ERROR | Error processing employee 932: [Errno 2] No such file or directory: 'employee_attrition_model.pkl'
2026-03-04 16:58:08,864 | INFO | Predicting employee index 933...
2026-03-04 16:58:08,864 | ERROR | Error processing employee 933: [Errno 2] No such file or directory: 'employee_attrition_model.pkl'
2026-03-04 16:58:08,864 | INFO | Predicting employee index 934...
2026-03-04 16:58:08,864 | ERROR | Error processing employee 934: [Errno 2] No such file or directory: 'employee_attrition_model.pkl'
2026-03-04 16:58:08,865 | INFO | Predicting employee index 935...
2026-03-04 16:58:08,865 | ERROR | Error processing employee 935: [Errno 2] No such file or directory: 'employee_attrition_model.pkl'
2026-03-04 16:58:08,865 | INFO | Predicting employee index 936...
2026-03-04 16:58:08,865 | ERROR | Error processing employee 936: [Errno 2] No such file or directory: 'employee_attrition_model.pkl'
2026-03-04 16:58:08,866 | INFO | Predicting employee index 937...
2026-03-04 16:58:08,866 | ERROR | Error processing employee 937: [Errno 2] No such file or directory: 'employee_attrition_model.pkl'
2026-03-04 16:58:08,866 | INFO | Predicting employee index 938...
2026-03-04 16:58:08,866 | ERROR | Error processing employee 938: [Errno 2] No such file or directory: 'employee_attrition_model.pkl'
2026-03-04 16:58:08,867 | INFO | Predicting employee index 939...
2026-03-04 16:58:08,867 | ERROR | Error processing employee 939: [Errno 2] No such file or directory: 'employee_attrition_model.pkl'
2026-03-04 16:58:08,874 | INFO | Predicting employee index 940...
2026-03-04 16:58:08,874 | ERROR | Error processing employee 940: [Errno 2] No such file or directory: 'employee_attrition_model.pkl'
2026-03-04 16:58:08,875 | INFO | Predicting employee index 941...
2026-03-04 16:58:08,875 | ERROR | Error processing employee 941: [Errno 2] No such file or directory: 'employee_attrition_model.pkl'
2026-03-04 16:58:08,875 | INFO | Predicting employee index 942...
2026-03-04 16:58:08,875 | ERROR | Error processing employee 942: [Errno 2] No such file or directory: 'employee_attrition_model.pkl'
2026-03-04 16:58:08,875 | INFO | Predicting employee index 943...
2026-03-04 16:58:08,875 | ERROR | Error processing employee 943: [Errno 2] No such file or directory: 'employee_attrition_model.pkl'
2026-03-04 16:58:08,875 | INFO | Predicting employee index 944...
2026-03-04 16:58:08,876 | ERROR | Error processing employee 944: [Errno 2] No such file or directory: 'employee_attrition_model.pkl'
2026-03-04 16:58:08,876 | INFO | Predicting employee index 945...
2026-03-04 16:58:08,876 | ERROR | Error processing employee 945: [Errno 2] No such file or directory: 'employee_attrition_model.pkl'
2026-03-04 16:58:08,876 | INFO | Predicting employee index 946...
2026-03-04 16:58:08,876 | ERROR | Error processing employee 946: [Errno 2] No such file or directory: 'employee_attrition_model.pkl'
2026-03-04 16:58:08,876 | INFO | Predicting employee index 947...
2026-03-04 16:58:08,877 | ERROR | Error processing employee 947: [Errno 2] No such file or directory: 'employee_attrition_model.pkl'
2026-03-04 16:58:08,877 | INFO | Predicting employee index 948...
2026-03-04 16:58:08,877 | ERROR | Error processing employee 948: [Errno 2] No such file or directory: 'employee_attrition_model.pkl'
2026-03-04 16:58:08,877 | INFO | Predicting employee index 949...
2026-03-04 16:58:08,877 | ERROR | Error processing employee 949: [Errno 2] No such file or directory: 'employee_attrition_model.pkl'
2026-03-04 16:58:08,877 | INFO | Predicting employee index 950...
2026-03-04 16:58:08,878 | ERROR | Error processing employee 950: [Errno 2] No such file or directory: 'employee_attrition_model.pkl'
2026-03-04 16:58:08,878 | INFO | Predicting employee index 951...
2026-03-04 16:58:08,878 | ERROR | Error processing employee 951: [Errno 2] No such file or directory: 'employee_attrition_model.pkl'
2026-03-04 16:58:08,878 | INFO | Predicting employee index 952...
2026-03-04 16:58:08,878 | ERROR | Error processing employee 952: [Errno 2] No such file or directory: 'employee_attrition_model.pkl'
2026-03-04 16:58:08,878 | INFO | Predicting employee index 953...
2026-03-04 16:58:08,879 | ERROR | Error processing employee 953: [Errno 2] No such file or directory: 'employee_attrition_model.pkl'
2026-03-04 16:58:08,879 | INFO | Predicting employee index 954...
2026-03-04 16:58:08,879 | ERROR | Error processing employee 954: [Errno 2] No such file or directory: 'employee_attrition_model.pkl'
2026-03-04 16:58:08,879 | INFO | Predicting employee index 955...
2026-03-04 16:58:08,879 | ERROR | Error processing employee 955: [Errno 2] No such file or directory: 'employee_attrition_model.pkl'
2026-03-04 16:58:08,879 | INFO | Predicting employee index 956...
2026-03-04 16:58:08,880 | ERROR | Error processing employee 956: [Errno 2] No such file or directory: 'employee_attrition_model.pkl'
2026-03-04 16:58:08,880 | INFO | Predicting employee index 957...
2026-03-04 16:58:08,880 | ERROR | Error processing employee 957: [Errno 2] No such file or directory: 'employee_attrition_model.pkl'
2026-03-04 16:58:08,880 | INFO | Predicting employee index 958...
2026-03-04 16:58:08,880 | ERROR | Error processing employee 958: [Errno 2] No such file or directory: 'employee_attrition_model.pkl'
2026-03-04 16:58:08,881 | INFO | Predicting employee index 959...
2026-03-04 16:58:08,881 | ERROR | Error processing employee 959: [Errno 2] No such file or directory: 'employee_attrition_model.pkl'
2026-03-04 16:58:08,881 | INFO | Predicting employee index 960...
2026-03-04 16:58:08,882 | ERROR | Error processing employee 960: [Errno 2] No such file or directory: 'employee_attrition_model.pkl'
2026-03-04 16:58:08,890 | INFO | Predicting employee index 961...
2026-03-04 16:58:08,891 | ERROR | Error processing employee 961: [Errno 2] No such file or directory: 'employee_attrition_model.pkl'
2026-03-04 16:58:08,891 | INFO | Predicting employee index 962...
2026-03-04 16:58:08,891 | ERROR | Error processing employee 962: [Errno 2] No such file or directory: 'employee_attrition_model.pkl'
2026-03-04 16:58:08,891 | INFO | Predicting employee index 963...
2026-03-04 16:58:08,891 | ERROR | Error processing employee 963: [Errno 2] No such file or directory: 'employee_attrition_model.pkl'
2026-03-04 16:58:08,891 | INFO | Predicting employee index 964...
2026-03-04 16:58:08,891 | ERROR | Error processing employee 964: [Errno 2] No such file or directory: 'employee_attrition_model.pkl'
2026-03-04 16:58:08,891 | INFO | Predicting employee index 965...
2026-03-04 16:58:08,891 | ERROR | Error processing employee 965: [Errno 2] No such file or directory: 'employee_attrition_model.pkl'
2026-03-04 16:58:08,891 | INFO | Predicting employee index 966...
2026-03-04 16:58:08,892 | ERROR | Error processing employee 966: [Errno 2] No such file or directory: 'employee_attrition_model.pkl'
2026-03-04 16:58:08,892 | INFO | Predicting employee index 967...
2026-03-04 16:58:08,892 | ERROR | Error processing employee 967: [Errno 2] No such file or directory: 'employee_attrition_model.pkl'
2026-03-04 16:58:08,892 | INFO | Predicting employee index 968...
2026-03-04 16:58:08,892 | ERROR | Error processing employee 968: [Errno 2] No such file or directory: 'employee_attrition_model.pkl'
2026-03-04 16:58:08,892 | INFO | Predicting employee index 969...
2026-03-04 16:58:08,892 | ERROR | Error processing employee 969: [Errno 2] No such file or directory: 'employee_attrition_model.pkl'
2026-03-04 16:58:08,892 | INFO | Predicting employee index 970...
2026-03-04 16:58:08,892 | ERROR | Error processing employee 970: [Errno 2] No such file or directory: 'employee_attrition_model.pkl'
2026-03-04 16:58:08,893 | INFO | Predicting employee index 971...
2026-03-04 16:58:08,893 | ERROR | Error processing employee 971: [Errno 2] No such file or directory: 'employee_attrition_model.pkl'
2026-03-04 16:58:08,893 | INFO | Predicting employee index 972...
2026-03-04 16:58:08,893 | ERROR | Error processing employee 972: [Errno 2] No such file or directory: 'employee_attrition_model.pkl'
2026-03-04 16:58:08,893 | INFO | Predicting employee index 973...
2026-03-04 16:58:08,893 | ERROR | Error processing employee 973: [Errno 2] No such file or directory: 'employee_attrition_model.pkl'
2026-03-04 16:58:08,893 | INFO | Predicting employee index 974...
2026-03-04 16:58:08,893 | ERROR | Error processing employee 974: [Errno 2] No such file or directory: 'employee_attrition_model.pkl'
2026-03-04 16:58:08,893 | INFO | Predicting employee index 975...
2026-03-04 16:58:08,894 | ERROR | Error processing employee 975: [Errno 2] No such file or directory: 'employee_attrition_model.pkl'
2026-03-04 16:58:08,894 | INFO | Predicting employee index 976...
2026-03-04 16:58:08,894 | ERROR | Error processing employee 976: [Errno 2] No such file or directory: 'employee_attrition_model.pkl'
2026-03-04 16:58:08,894 | INFO | Predicting employee index 977...
2026-03-04 16:58:08,894 | ERROR | Error processing employee 977: [Errno 2] No such file or directory: 'employee_attrition_model.pkl'
2026-03-04 16:58:08,894 | INFO | Predicting employee index 978...
2026-03-04 16:58:08,894 | ERROR | Error processing employee 978: [Errno 2] No such file or directory: 'employee_attrition_model.pkl'
2026-03-04 16:58:08,894 | INFO | Predicting employee index 979...
2026-03-04 16:58:08,894 | ERROR | Error processing employee 979: [Errno 2] No such file or directory: 'employee_attrition_model.pkl'
2026-03-04 16:58:08,894 | INFO | Predicting employee index 980...
2026-03-04 16:58:08,894 | ERROR | Error processing employee 980: [Errno 2] No such file or directory: 'employee_attrition_model.pkl'
2026-03-04 16:58:08,895 | INFO | Predicting employee index 981...
2026-03-04 16:58:08,895 | ERROR | Error processing employee 981: [Errno 2] No such file or directory: 'employee_attrition_model.pkl'
2026-03-04 16:58:08,907 | INFO | Predicting employee index 982...
2026-03-04 16:58:08,907 | ERROR | Error processing employee 982: [Errno 2] No such file or directory: 'employee_attrition_model.pkl'
2026-03-04 16:58:08,907 | INFO | Predicting employee index 983...
2026-03-04 16:58:08,907 | ERROR | Error processing employee 983: [Errno 2] No such file or directory: 'employee_attrition_model.pkl'
2026-03-04 16:58:08,907 | INFO | Predicting employee index 984...
2026-03-04 16:58:08,907 | ERROR | Error processing employee 984: [Errno 2] No such file or directory: 'employee_attrition_model.pkl'
2026-03-04 16:58:08,908 | INFO | Predicting employee index 985...
2026-03-04 16:58:08,908 | ERROR | Error processing employee 985: [Errno 2] No such file or directory: 'employee_attrition_model.pkl'
2026-03-04 16:58:08,908 | INFO | Predicting employee index 986...
2026-03-04 16:58:08,908 | ERROR | Error processing employee 986: [Errno 2] No such file or directory: 'employee_attrition_model.pkl'
2026-03-04 16:58:08,908 | INFO | Predicting employee index 987...
2026-03-04 16:58:08,908 | ERROR | Error processing employee 987: [Errno 2] No such file or directory: 'employee_attrition_model.pkl'
2026-03-04 16:58:08,909 | INFO | Predicting employee index 988...
2026-03-04 16:58:08,909 | ERROR | Error processing employee 988: [Errno 2] No such file or directory: 'employee_attrition_model.pkl'
2026-03-04 16:58:08,909 | INFO | Predicting employee index 989...
2026-03-04 16:58:08,909 | ERROR | Error processing employee 989: [Errno 2] No such file or directory: 'employee_attrition_model.pkl'
2026-03-04 16:58:08,909 | INFO | Predicting employee index 990...
2026-03-04 16:58:08,910 | ERROR | Error processing employee 990: [Errno 2] No such file or directory: 'employee_attrition_model.pkl'
2026-03-04 16:58:08,910 | INFO | Predicting employee index 991...
2026-03-04 16:58:08,910 | ERROR | Error processing employee 991: [Errno 2] No such file or directory: 'employee_attrition_model.pkl'
2026-03-04 16:58:08,910 | INFO | Predicting employee index 992...
2026-03-04 16:58:08,910 | ERROR | Error processing employee 992: [Errno 2] No such file or directory: 'employee_attrition_model.pkl'
2026-03-04 16:58:08,911 | INFO | Predicting employee index 993...
2026-03-04 16:58:08,911 | ERROR | Error processing employee 993: [Errno 2] No such file or directory: 'employee_attrition_model.pkl'
2026-03-04 16:58:08,911 | INFO | Predicting employee index 994...
2026-03-04 16:58:08,911 | ERROR | Error processing employee 994: [Errno 2] No such file or directory: 'employee_attrition_model.pkl'
2026-03-04 16:58:08,911 | INFO | Predicting employee index 995...
2026-03-04 16:58:08,911 | ERROR | Error processing employee 995: [Errno 2] No such file or directory: 'employee_attrition_model.pkl'
2026-03-04 16:58:08,912 | INFO | Predicting employee index 996...
2026-03-04 16:58:08,912 | ERROR | Error processing employee 996: [Errno 2] No such file or directory: 'employee_attrition_model.pkl'
2026-03-04 16:58:08,912 | INFO | Predicting employee index 997...
2026-03-04 16:58:08,912 | ERROR | Error processing employee 997: [Errno 2] No such file or directory: 'employee_attrition_model.pkl'
2026-03-04 16:58:08,912 | INFO | Predicting employee index 998...
2026-03-04 16:58:08,913 | ERROR | Error processing employee 998: [Errno 2] No such file or directory: 'employee_attrition_model.pkl'
2026-03-04 16:58:08,913 | INFO | Predicting employee index 999...
2026-03-04 16:58:08,913 | ERROR | Error processing employee 999: [Errno 2] No such file or directory: 'employee_attrition_model.pkl'
2026-03-04 16:58:08,913 | INFO | Predicting employee index 1000...
2026-03-04 16:58:08,913 | ERROR | Error processing employee 1000: [Errno 2] No such file or directory: 'employee_attrition_model.pkl'
2026-03-04 16:58:08,913 | INFO | Predicting employee index 1001...
2026-03-04 16:58:08,914 | ERROR | Error processing employee 1001: [Errno 2] No such file or directory: 'employee_attrition_model.pkl'
2026-03-04 16:58:08,914 | INFO | Predicting employee index 1002...
2026-03-04 16:58:08,914 | ERROR | Error processing employee 1002: [Errno 2] No such file or directory: 'employee_attrition_model.pkl'
2026-03-04 16:58:08,923 | INFO | Predicting employee index 1003...
2026-03-04 16:58:08,923 | ERROR | Error processing employee 1003: [Errno 2] No such file or directory: 'employee_attrition_model.pkl'
2026-03-04 16:58:08,923 | INFO | Predicting employee index 1004...
2026-03-04 16:58:08,923 | ERROR | Error processing employee 1004: [Errno 2] No such file or directory: 'employee_attrition_model.pkl'
2026-03-04 16:58:08,923 | INFO | Predicting employee index 1005...
2026-03-04 16:58:08,923 | ERROR | Error processing employee 1005: [Errno 2] No such file or directory: 'employee_attrition_model.pkl'
2026-03-04 16:58:08,923 | INFO | Predicting employee index 1006...
2026-03-04 16:58:08,923 | ERROR | Error processing employee 1006: [Errno 2] No such file or directory: 'employee_attrition_model.pkl'
2026-03-04 16:58:08,924 | INFO | Predicting employee index 1007...
2026-03-04 16:58:08,924 | ERROR | Error processing employee 1007: [Errno 2] No such file or directory: 'employee_attrition_model.pkl'
2026-03-04 16:58:08,924 | INFO | Predicting employee index 1008...
2026-03-04 16:58:08,924 | ERROR | Error processing employee 1008: [Errno 2] No such file or directory: 'employee_attrition_model.pkl'
2026-03-04 16:58:08,924 | INFO | Predicting employee index 1009...
2026-03-04 16:58:08,924 | ERROR | Error processing employee 1009: [Errno 2] No such file or directory: 'employee_attrition_model.pkl'
2026-03-04 16:58:08,925 | INFO | Predicting employee index 1010...
2026-03-04 16:58:08,925 | ERROR | Error processing employee 1010: [Errno 2] No such file or directory: 'employee_attrition_model.pkl'
2026-03-04 16:58:08,925 | INFO | Predicting employee index 1011...
2026-03-04 16:58:08,925 | ERROR | Error processing employee 1011: [Errno 2] No such file or directory: 'employee_attrition_model.pkl'
2026-03-04 16:58:08,925 | INFO | Predicting employee index 1012...
2026-03-04 16:58:08,925 | ERROR | Error processing employee 1012: [Errno 2] No such file or directory: 'employee_attrition_model.pkl'
2026-03-04 16:58:08,926 | INFO | Predicting employee index 1013...
2026-03-04 16:58:08,926 | ERROR | Error processing employee 1013: [Errno 2] No such file or directory: 'employee_attrition_model.pkl'
2026-03-04 16:58:08,926 | INFO | Predicting employee index 1014...
2026-03-04 16:58:08,926 | ERROR | Error processing employee 1014: [Errno 2] No such file or directory: 'employee_attrition_model.pkl'
2026-03-04 16:58:08,926 | INFO | Predicting employee index 1015...
2026-03-04 16:58:08,926 | ERROR | Error processing employee 1015: [Errno 2] No such file or directory: 'employee_attrition_model.pkl'
2026-03-04 16:58:08,927 | INFO | Predicting employee index 1016...
2026-03-04 16:58:08,927 | ERROR | Error processing employee 1016: [Errno 2] No such file or directory: 'employee_attrition_model.pkl'
2026-03-04 16:58:08,927 | INFO | Predicting employee index 1017...
2026-03-04 16:58:08,927 | ERROR | Error processing employee 1017: [Errno 2] No such file or directory: 'employee_attrition_model.pkl'
2026-03-04 16:58:08,927 | INFO | Predicting employee index 1018...
2026-03-04 16:58:08,927 | ERROR | Error processing employee 1018: [Errno 2] No such file or directory: 'employee_attrition_model.pkl'
2026-03-04 16:58:08,928 | INFO | Predicting employee index 1019...
2026-03-04 16:58:08,928 | ERROR | Error processing employee 1019: [Errno 2] No such file or directory: 'employee_attrition_model.pkl'
2026-03-04 16:58:08,928 | INFO | Predicting employee index 1020...
2026-03-04 16:58:08,928 | ERROR | Error processing employee 1020: [Errno 2] No such file or directory: 'employee_attrition_model.pkl'
2026-03-04 16:58:08,928 | INFO | Predicting employee index 1021...
2026-03-04 16:58:08,928 | ERROR | Error processing employee 1021: [Errno 2] No such file or directory: 'employee_attrition_model.pkl'
2026-03-04 16:58:08,928 | INFO | Predicting employee index 1022...
2026-03-04 16:58:08,929 | ERROR | Error processing employee 1022: [Errno 2] No such file or directory: 'employee_attrition_model.pkl'
2026-03-04 16:58:08,929 | INFO | Predicting employee index 1023...
2026-03-04 16:58:08,939 | ERROR | Error processing employee 1023: [Errno 2] No such file or directory: 'employee_attrition_model.pkl'
2026-03-04 16:58:08,939 | INFO | Predicting employee index 1024...
2026-03-04 16:58:08,939 | ERROR | Error processing employee 1024: [Errno 2] No such file or directory: 'employee_attrition_model.pkl'
2026-03-04 16:58:08,939 | INFO | Predicting employee index 1025...
2026-03-04 16:58:08,939 | ERROR | Error processing employee 1025: [Errno 2] No such file or directory: 'employee_attrition_model.pkl'
2026-03-04 16:58:08,939 | INFO | Predicting employee index 1026...
2026-03-04 16:58:08,939 | ERROR | Error processing employee 1026: [Errno 2] No such file or directory: 'employee_attrition_model.pkl'
2026-03-04 16:58:08,939 | INFO | Predicting employee index 1027...
2026-03-04 16:58:08,939 | ERROR | Error processing employee 1027: [Errno 2] No such file or directory: 'employee_attrition_model.pkl'
2026-03-04 16:58:08,940 | INFO | Predicting employee index 1028...
2026-03-04 16:58:08,940 | ERROR | Error processing employee 1028: [Errno 2] No such file or directory: 'employee_attrition_model.pkl'
2026-03-04 16:58:08,940 | INFO | Predicting employee index 1029...
2026-03-04 16:58:08,940 | ERROR | Error processing employee 1029: [Errno 2] No such file or directory: 'employee_attrition_model.pkl'
2026-03-04 16:58:08,940 | INFO | Predicting employee index 1030...
2026-03-04 16:58:08,940 | ERROR | Error processing employee 1030: [Errno 2] No such file or directory: 'employee_attrition_model.pkl'
2026-03-04 16:58:08,941 | INFO | Predicting employee index 1031...
2026-03-04 16:58:08,941 | ERROR | Error processing employee 1031: [Errno 2] No such file or directory: 'employee_attrition_model.pkl'
2026-03-04 16:58:08,941 | INFO | Predicting employee index 1032...
2026-03-04 16:58:08,941 | ERROR | Error processing employee 1032: [Errno 2] No such file or directory: 'employee_attrition_model.pkl'
2026-03-04 16:58:08,941 | INFO | Predicting employee index 1033...
2026-03-04 16:58:08,941 | ERROR | Error processing employee 1033: [Errno 2] No such file or directory: 'employee_attrition_model.pkl'
2026-03-04 16:58:08,942 | INFO | Predicting employee index 1034...
2026-03-04 16:58:08,942 | ERROR | Error processing employee 1034: [Errno 2] No such file or directory: 'employee_attrition_model.pkl'
2026-03-04 16:58:08,942 | INFO | Predicting employee index 1035...
2026-03-04 16:58:08,942 | ERROR | Error processing employee 1035: [Errno 2] No such file or directory: 'employee_attrition_model.pkl'
2026-03-04 16:58:08,942 | INFO | Predicting employee index 1036...
2026-03-04 16:58:08,942 | ERROR | Error processing employee 1036: [Errno 2] No such file or directory: 'employee_attrition_model.pkl'
2026-03-04 16:58:08,943 | INFO | Predicting employee index 1037...
2026-03-04 16:58:08,943 | ERROR | Error processing employee 1037: [Errno 2] No such file or directory: 'employee_attrition_model.pkl'
2026-03-04 16:58:08,943 | INFO | Predicting employee index 1038...
2026-03-04 16:58:08,943 | ERROR | Error processing employee 1038: [Errno 2] No such file or directory: 'employee_attrition_model.pkl'
2026-03-04 16:58:08,943 | INFO | Predicting employee index 1039...
2026-03-04 16:58:08,943 | ERROR | Error processing employee 1039: [Errno 2] No such file or directory: 'employee_attrition_model.pkl'
2026-03-04 16:58:08,944 | INFO | Predicting employee index 1040...
2026-03-04 16:58:08,944 | ERROR | Error processing employee 1040: [Errno 2] No such file or directory: 'employee_attrition_model.pkl'
2026-03-04 16:58:08,944 | INFO | Predicting employee index 1041...
2026-03-04 16:58:08,944 | ERROR | Error processing employee 1041: [Errno 2] No such file or directory: 'employee_attrition_model.pkl'
2026-03-04 16:58:08,944 | INFO | Predicting employee index 1042...
2026-03-04 16:58:08,944 | ERROR | Error processing employee 1042: [Errno 2] No such file or directory: 'employee_attrition_model.pkl'
2026-03-04 16:58:08,944 | INFO | Predicting employee index 1043...
2026-03-04 16:58:08,945 | ERROR | Error processing employee 1043: [Errno 2] No such file or directory: 'employee_attrition_model.pkl'
2026-03-04 16:58:08,945 | INFO | Predicting employee index 1044...
2026-03-04 16:58:08,954 | ERROR | Error processing employee 1044: [Errno 2] No such file or directory: 'employee_attrition_model.pkl'
2026-03-04 16:58:08,955 | INFO | Predicting employee index 1045...
2026-03-04 16:58:08,955 | ERROR | Error processing employee 1045: [Errno 2] No such file or directory: 'employee_attrition_model.pkl'
2026-03-04 16:58:08,955 | INFO | Predicting employee index 1046...
2026-03-04 16:58:08,955 | ERROR | Error processing employee 1046: [Errno 2] No such file or directory: 'employee_attrition_model.pkl'
2026-03-04 16:58:08,955 | INFO | Predicting employee index 1047...
2026-03-04 16:58:08,955 | ERROR | Error processing employee 1047: [Errno 2] No such file or directory: 'employee_attrition_model.pkl'
2026-03-04 16:58:08,956 | INFO | Predicting employee index 1048...
2026-03-04 16:58:08,956 | ERROR | Error processing employee 1048: [Errno 2] No such file or directory: 'employee_attrition_model.pkl'
2026-03-04 16:58:08,956 | INFO | Predicting employee index 1049...
2026-03-04 16:58:08,956 | ERROR | Error processing employee 1049: [Errno 2] No such file or directory: 'employee_attrition_model.pkl'
2026-03-04 16:58:08,956 | INFO | Predicting employee index 1050...
2026-03-04 16:58:08,956 | ERROR | Error processing employee 1050: [Errno 2] No such file or directory: 'employee_attrition_model.pkl'
2026-03-04 16:58:08,957 | INFO | Predicting employee index 1051...
2026-03-04 16:58:08,957 | ERROR | Error processing employee 1051: [Errno 2] No such file or directory: 'employee_attrition_model.pkl'
2026-03-04 16:58:08,957 | INFO | Predicting employee index 1052...
2026-03-04 16:58:08,957 | ERROR | Error processing employee 1052: [Errno 2] No such file or directory: 'employee_attrition_model.pkl'
2026-03-04 16:58:08,957 | INFO | Predicting employee index 1053...
2026-03-04 16:58:08,957 | ERROR | Error processing employee 1053: [Errno 2] No such file or directory: 'employee_attrition_model.pkl'
2026-03-04 16:58:08,958 | INFO | Predicting employee index 1054...
2026-03-04 16:58:08,958 | ERROR | Error processing employee 1054: [Errno 2] No such file or directory: 'employee_attrition_model.pkl'
2026-03-04 16:58:08,958 | INFO | Predicting employee index 1055...
2026-03-04 16:58:08,958 | ERROR | Error processing employee 1055: [Errno 2] No such file or directory: 'employee_attrition_model.pkl'
2026-03-04 16:58:08,958 | INFO | Predicting employee index 1056...
2026-03-04 16:58:08,958 | ERROR | Error processing employee 1056: [Errno 2] No such file or directory: 'employee_attrition_model.pkl'
2026-03-04 16:58:08,958 | INFO | Predicting employee index 1057...
2026-03-04 16:58:08,959 | ERROR | Error processing employee 1057: [Errno 2] No such file or directory: 'employee_attrition_model.pkl'
2026-03-04 16:58:08,959 | INFO | Predicting employee index 1058...
2026-03-04 16:58:08,959 | ERROR | Error processing employee 1058: [Errno 2] No such file or directory: 'employee_attrition_model.pkl'
2026-03-04 16:58:08,959 | INFO | Predicting employee index 1059...
2026-03-04 16:58:08,959 | ERROR | Error processing employee 1059: [Errno 2] No such file or directory: 'employee_attrition_model.pkl'
2026-03-04 16:58:08,959 | INFO | Predicting employee index 1060...
2026-03-04 16:58:08,959 | ERROR | Error processing employee 1060: [Errno 2] No such file or directory: 'employee_attrition_model.pkl'
2026-03-04 16:58:08,961 | INFO | Predicting employee index 1061...
2026-03-04 16:58:08,961 | ERROR | Error processing employee 1061: [Errno 2] No such file or directory: 'employee_attrition_model.pkl'
2026-03-04 16:58:08,961 | INFO | Predicting employee index 1062...
2026-03-04 16:58:08,961 | ERROR | Error processing employee 1062: [Errno 2] No such file or directory: 'employee_attrition_model.pkl'
2026-03-04 16:58:08,961 | INFO | Predicting employee index 1063...
2026-03-04 16:58:08,961 | ERROR | Error processing employee 1063: [Errno 2] No such file or directory: 'employee_attrition_model.pkl'
2026-03-04 16:58:08,961 | INFO | Predicting employee index 1064...
2026-03-04 16:58:08,962 | ERROR | Error processing employee 1064: [Errno 2] No such file or directory: 'employee_attrition_model.pkl'
2026-03-04 16:58:08,970 | INFO | Predicting employee index 1065...
2026-03-04 16:58:08,970 | ERROR | Error processing employee 1065: [Errno 2] No such file or directory: 'employee_attrition_model.pkl'
2026-03-04 16:58:08,971 | INFO | Predicting employee index 1066...
2026-03-04 16:58:08,971 | ERROR | Error processing employee 1066: [Errno 2] No such file or directory: 'employee_attrition_model.pkl'
2026-03-04 16:58:08,971 | INFO | Predicting employee index 1067...
2026-03-04 16:58:08,971 | ERROR | Error processing employee 1067: [Errno 2] No such file or directory: 'employee_attrition_model.pkl'
2026-03-04 16:58:08,971 | INFO | Predicting employee index 1068...
2026-03-04 16:58:08,971 | ERROR | Error processing employee 1068: [Errno 2] No such file or directory: 'employee_attrition_model.pkl'
2026-03-04 16:58:08,972 | INFO | Predicting employee index 1069...
2026-03-04 16:58:08,972 | ERROR | Error processing employee 1069: [Errno 2] No such file or directory: 'employee_attrition_model.pkl'
2026-03-04 16:58:08,972 | INFO | Predicting employee index 1070...
2026-03-04 16:58:08,972 | ERROR | Error processing employee 1070: [Errno 2] No such file or directory: 'employee_attrition_model.pkl'
2026-03-04 16:58:08,972 | INFO | Predicting employee index 1071...
2026-03-04 16:58:08,973 | ERROR | Error processing employee 1071: [Errno 2] No such file or directory: 'employee_attrition_model.pkl'
2026-03-04 16:58:08,973 | INFO | Predicting employee index 1072...
2026-03-04 16:58:08,973 | ERROR | Error processing employee 1072: [Errno 2] No such file or directory: 'employee_attrition_model.pkl'
2026-03-04 16:58:08,973 | INFO | Predicting employee index 1073...
2026-03-04 16:58:08,973 | ERROR | Error processing employee 1073: [Errno 2] No such file or directory: 'employee_attrition_model.pkl'
2026-03-04 16:58:08,973 | INFO | Predicting employee index 1074...
2026-03-04 16:58:08,974 | ERROR | Error processing employee 1074: [Errno 2] No such file or directory: 'employee_attrition_model.pkl'
2026-03-04 16:58:08,974 | INFO | Predicting employee index 1075...
2026-03-04 16:58:08,974 | ERROR | Error processing employee 1075: [Errno 2] No such file or directory: 'employee_attrition_model.pkl'
2026-03-04 16:58:08,974 | INFO | Predicting employee index 1076...
2026-03-04 16:58:08,974 | ERROR | Error processing employee 1076: [Errno 2] No such file or directory: 'employee_attrition_model.pkl'
2026-03-04 16:58:08,974 | INFO | Predicting employee index 1077...
2026-03-04 16:58:08,975 | ERROR | Error processing employee 1077: [Errno 2] No such file or directory: 'employee_attrition_model.pkl'
2026-03-04 16:58:08,975 | INFO | Predicting employee index 1078...
2026-03-04 16:58:08,975 | ERROR | Error processing employee 1078: [Errno 2] No such file or directory: 'employee_attrition_model.pkl'
2026-03-04 16:58:08,975 | INFO | Predicting employee index 1079...
2026-03-04 16:58:08,975 | ERROR | Error processing employee 1079: [Errno 2] No such file or directory: 'employee_attrition_model.pkl'
2026-03-04 16:58:08,975 | INFO | Predicting employee index 1080...
2026-03-04 16:58:08,975 | ERROR | Error processing employee 1080: [Errno 2] No such file or directory: 'employee_attrition_model.pkl'
2026-03-04 16:58:08,976 | INFO | Predicting employee index 1081...
2026-03-04 16:58:08,976 | ERROR | Error processing employee 1081: [Errno 2] No such file or directory: 'employee_attrition_model.pkl'
2026-03-04 16:58:08,976 | INFO | Predicting employee index 1082...
2026-03-04 16:58:08,976 | ERROR | Error processing employee 1082: [Errno 2] No such file or directory: 'employee_attrition_model.pkl'
2026-03-04 16:58:08,976 | INFO | Predicting employee index 1083...
2026-03-04 16:58:08,976 | ERROR | Error processing employee 1083: [Errno 2] No such file or directory: 'employee_attrition_model.pkl'
2026-03-04 16:58:08,977 | INFO | Predicting employee index 1084...
2026-03-04 16:58:08,977 | ERROR | Error processing employee 1084: [Errno 2] No such file or directory: 'employee_attrition_model.pkl'
2026-03-04 16:58:08,977 | INFO | Predicting employee index 1085...
2026-03-04 16:58:08,986 | ERROR | Error processing employee 1085: [Errno 2] No such file or directory: 'employee_attrition_model.pkl'
2026-03-04 16:58:08,986 | INFO | Predicting employee index 1086...
2026-03-04 16:58:08,987 | ERROR | Error processing employee 1086: [Errno 2] No such file or directory: 'employee_attrition_model.pkl'
2026-03-04 16:58:08,987 | INFO | Predicting employee index 1087...
2026-03-04 16:58:08,987 | ERROR | Error processing employee 1087: [Errno 2] No such file or directory: 'employee_attrition_model.pkl'
2026-03-04 16:58:08,987 | INFO | Predicting employee index 1088...
2026-03-04 16:58:08,987 | ERROR | Error processing employee 1088: [Errno 2] No such file or directory: 'employee_attrition_model.pkl'
2026-03-04 16:58:08,987 | INFO | Predicting employee index 1089...
2026-03-04 16:58:08,987 | ERROR | Error processing employee 1089: [Errno 2] No such file or directory: 'employee_attrition_model.pkl'
2026-03-04 16:58:08,988 | INFO | Predicting employee index 1090...
2026-03-04 16:58:08,988 | ERROR | Error processing employee 1090: [Errno 2] No such file or directory: 'employee_attrition_model.pkl'
2026-03-04 16:58:08,988 | INFO | Predicting employee index 1091...
2026-03-04 16:58:08,988 | ERROR | Error processing employee 1091: [Errno 2] No such file or directory: 'employee_attrition_model.pkl'
2026-03-04 16:58:08,988 | INFO | Predicting employee index 1092...
2026-03-04 16:58:08,988 | ERROR | Error processing employee 1092: [Errno 2] No such file or directory: 'employee_attrition_model.pkl'
2026-03-04 16:58:08,989 | INFO | Predicting employee index 1093...
2026-03-04 16:58:08,989 | ERROR | Error processing employee 1093: [Errno 2] No such file or directory: 'employee_attrition_model.pkl'
2026-03-04 16:58:08,989 | INFO | Predicting employee index 1094...
2026-03-04 16:58:08,989 | ERROR | Error processing employee 1094: [Errno 2] No such file or directory: 'employee_attrition_model.pkl'
2026-03-04 16:58:08,989 | INFO | Predicting employee index 1095...
2026-03-04 16:58:08,989 | ERROR | Error processing employee 1095: [Errno 2] No such file or directory: 'employee_attrition_model.pkl'
2026-03-04 16:58:08,990 | INFO | Predicting employee index 1096...
2026-03-04 16:58:08,990 | ERROR | Error processing employee 1096: [Errno 2] No such file or directory: 'employee_attrition_model.pkl'
2026-03-04 16:58:08,990 | INFO | Predicting employee index 1097...
2026-03-04 16:58:08,990 | ERROR | Error processing employee 1097: [Errno 2] No such file or directory: 'employee_attrition_model.pkl'
2026-03-04 16:58:08,990 | INFO | Predicting employee index 1098...
2026-03-04 16:58:08,990 | ERROR | Error processing employee 1098: [Errno 2] No such file or directory: 'employee_attrition_model.pkl'
2026-03-04 16:58:08,990 | INFO | Predicting employee index 1099...
2026-03-04 16:58:08,991 | ERROR | Error processing employee 1099: [Errno 2] No such file or directory: 'employee_attrition_model.pkl'
2026-03-04 16:58:08,991 | INFO | Predicting employee index 1100...
2026-03-04 16:58:08,991 | ERROR | Error processing employee 1100: [Errno 2] No such file or directory: 'employee_attrition_model.pkl'
2026-03-04 16:58:08,991 | INFO | Predicting employee index 1101...
2026-03-04 16:58:08,991 | ERROR | Error processing employee 1101: [Errno 2] No such file or directory: 'employee_attrition_model.pkl'
2026-03-04 16:58:08,991 | INFO | Predicting employee index 1102...
2026-03-04 16:58:08,991 | ERROR | Error processing employee 1102: [Errno 2] No such file or directory: 'employee_attrition_model.pkl'
2026-03-04 16:58:08,992 | INFO | Predicting employee index 1103...
2026-03-04 16:58:08,992 | ERROR | Error processing employee 1103: [Errno 2] No such file or directory: 'employee_attrition_model.pkl'
2026-03-04 16:58:08,992 | INFO | Predicting employee index 1104...
2026-03-04 16:58:08,992 | ERROR | Error processing employee 1104: [Errno 2] No such file or directory: 'employee_attrition_model.pkl'
2026-03-04 16:58:08,992 | INFO | Predicting employee index 1105...
2026-03-04 16:58:08,992 | ERROR | Error processing employee 1105: [Errno 2] No such file or directory: 'employee_attrition_model.pkl'
2026-03-04 16:58:09,001 | INFO | Predicting employee index 1106...
2026-03-04 16:58:09,002 | ERROR | Error processing employee 1106: [Errno 2] No such file or directory: 'employee_attrition_model.pkl'
2026-03-04 16:58:09,002 | INFO | Predicting employee index 1107...
2026-03-04 16:58:09,002 | ERROR | Error processing employee 1107: [Errno 2] No such file or directory: 'employee_attrition_model.pkl'
2026-03-04 16:58:09,002 | INFO | Predicting employee index 1108...
2026-03-04 16:58:09,002 | ERROR | Error processing employee 1108: [Errno 2] No such file or directory: 'employee_attrition_model.pkl'
2026-03-04 16:58:09,002 | INFO | Predicting employee index 1109...
2026-03-04 16:58:09,002 | ERROR | Error processing employee 1109: [Errno 2] No such file or directory: 'employee_attrition_model.pkl'
2026-03-04 16:58:09,003 | INFO | Predicting employee index 1110...
2026-03-04 16:58:09,003 | ERROR | Error processing employee 1110: [Errno 2] No such file or directory: 'employee_attrition_model.pkl'
2026-03-04 16:58:09,003 | INFO | Predicting employee index 1111...
2026-03-04 16:58:09,003 | ERROR | Error processing employee 1111: [Errno 2] No such file or directory: 'employee_attrition_model.pkl'
2026-03-04 16:58:09,003 | INFO | Predicting employee index 1112...
2026-03-04 16:58:09,003 | ERROR | Error processing employee 1112: [Errno 2] No such file or directory: 'employee_attrition_model.pkl'
2026-03-04 16:58:09,003 | INFO | Predicting employee index 1113...
2026-03-04 16:58:09,004 | ERROR | Error processing employee 1113: [Errno 2] No such file or directory: 'employee_attrition_model.pkl'
2026-03-04 16:58:09,004 | INFO | Predicting employee index 1114...
2026-03-04 16:58:09,004 | ERROR | Error processing employee 1114: [Errno 2] No such file or directory: 'employee_attrition_model.pkl'
2026-03-04 16:58:09,004 | INFO | Predicting employee index 1115...
2026-03-04 16:58:09,004 | ERROR | Error processing employee 1115: [Errno 2] No such file or directory: 'employee_attrition_model.pkl'
2026-03-04 16:58:09,004 | INFO | Predicting employee index 1116...
2026-03-04 16:58:09,004 | ERROR | Error processing employee 1116: [Errno 2] No such file or directory: 'employee_attrition_model.pkl'
2026-03-04 16:58:09,005 | INFO | Predicting employee index 1117...
2026-03-04 16:58:09,005 | ERROR | Error processing employee 1117: [Errno 2] No such file or directory: 'employee_attrition_model.pkl'
2026-03-04 16:58:09,005 | INFO | Predicting employee index 1118...
2026-03-04 16:58:09,005 | ERROR | Error processing employee 1118: [Errno 2] No such file or directory: 'employee_attrition_model.pkl'
2026-03-04 16:58:09,005 | INFO | Predicting employee index 1119...
2026-03-04 16:58:09,005 | ERROR | Error processing employee 1119: [Errno 2] No such file or directory: 'employee_attrition_model.pkl'
2026-03-04 16:58:09,006 | INFO | Predicting employee index 1120...
2026-03-04 16:58:09,006 | ERROR | Error processing employee 1120: [Errno 2] No such file or directory: 'employee_attrition_model.pkl'
2026-03-04 16:58:09,006 | INFO | Predicting employee index 1121...
2026-03-04 16:58:09,006 | ERROR | Error processing employee 1121: [Errno 2] No such file or directory: 'employee_attrition_model.pkl'
2026-03-04 16:58:09,006 | INFO | Predicting employee index 1122...
2026-03-04 16:58:09,006 | ERROR | Error processing employee 1122: [Errno 2] No such file or directory: 'employee_attrition_model.pkl'
2026-03-04 16:58:09,007 | INFO | Predicting employee index 1123...
2026-03-04 16:58:09,007 | ERROR | Error processing employee 1123: [Errno 2] No such file or directory: 'employee_attrition_model.pkl'
2026-03-04 16:58:09,007 | INFO | Predicting employee index 1124...
2026-03-04 16:58:09,007 | ERROR | Error processing employee 1124: [Errno 2] No such file or directory: 'employee_attrition_model.pkl'
2026-03-04 16:58:09,007 | INFO | Predicting employee index 1125...
2026-03-04 16:58:09,007 | ERROR | Error processing employee 1125: [Errno 2] No such file or directory: 'employee_attrition_model.pkl'
2026-03-04 16:58:09,008 | INFO | Predicting employee index 1126...
2026-03-04 16:58:09,016 | ERROR | Error processing employee 1126: [Errno 2] No such file or directory: 'employee_attrition_model.pkl'
2026-03-04 16:58:09,017 | INFO | Predicting employee index 1127...
2026-03-04 16:58:09,017 | ERROR | Error processing employee 1127: [Errno 2] No such file or directory: 'employee_attrition_model.pkl'
2026-03-04 16:58:09,018 | INFO | Predicting employee index 1128...
2026-03-04 16:58:09,018 | ERROR | Error processing employee 1128: [Errno 2] No such file or directory: 'employee_attrition_model.pkl'
2026-03-04 16:58:09,018 | INFO | Predicting employee index 1129...
2026-03-04 16:58:09,018 | ERROR | Error processing employee 1129: [Errno 2] No such file or directory: 'employee_attrition_model.pkl'
2026-03-04 16:58:09,019 | INFO | Predicting employee index 1130...
2026-03-04 16:58:09,019 | ERROR | Error processing employee 1130: [Errno 2] No such file or directory: 'employee_attrition_model.pkl'
2026-03-04 16:58:09,019 | INFO | Predicting employee index 1131...
2026-03-04 16:58:09,019 | ERROR | Error processing employee 1131: [Errno 2] No such file or directory: 'employee_attrition_model.pkl'
2026-03-04 16:58:09,019 | INFO | Predicting employee index 1132...
2026-03-04 16:58:09,019 | ERROR | Error processing employee 1132: [Errno 2] No such file or directory: 'employee_attrition_model.pkl'
2026-03-04 16:58:09,019 | INFO | Predicting employee index 1133...
2026-03-04 16:58:09,019 | ERROR | Error processing employee 1133: [Errno 2] No such file or directory: 'employee_attrition_model.pkl'
2026-03-04 16:58:09,020 | INFO | Predicting employee index 1134...
2026-03-04 16:58:09,020 | ERROR | Error processing employee 1134: [Errno 2] No such file or directory: 'employee_attrition_model.pkl'
2026-03-04 16:58:09,020 | INFO | Predicting employee index 1135...
2026-03-04 16:58:09,020 | ERROR | Error processing employee 1135: [Errno 2] No such file or directory: 'employee_attrition_model.pkl'
2026-03-04 16:58:09,020 | INFO | Predicting employee index 1136...
2026-03-04 16:58:09,020 | ERROR | Error processing employee 1136: [Errno 2] No such file or directory: 'employee_attrition_model.pkl'
2026-03-04 16:58:09,020 | INFO | Predicting employee index 1137...
2026-03-04 16:58:09,021 | ERROR | Error processing employee 1137: [Errno 2] No such file or directory: 'employee_attrition_model.pkl'
2026-03-04 16:58:09,021 | INFO | Predicting employee index 1138...
2026-03-04 16:58:09,021 | ERROR | Error processing employee 1138: [Errno 2] No such file or directory: 'employee_attrition_model.pkl'
2026-03-04 16:58:09,021 | INFO | Predicting employee index 1139...
2026-03-04 16:58:09,021 | ERROR | Error processing employee 1139: [Errno 2] No such file or directory: 'employee_attrition_model.pkl'
2026-03-04 16:58:09,021 | INFO | Predicting employee index 1140...
2026-03-04 16:58:09,021 | ERROR | Error processing employee 1140: [Errno 2] No such file or directory: 'employee_attrition_model.pkl'
2026-03-04 16:58:09,022 | INFO | Predicting employee index 1141...
2026-03-04 16:58:09,022 | ERROR | Error processing employee 1141: [Errno 2] No such file or directory: 'employee_attrition_model.pkl'
2026-03-04 16:58:09,022 | INFO | Predicting employee index 1142...
2026-03-04 16:58:09,022 | ERROR | Error processing employee 1142: [Errno 2] No such file or directory: 'employee_attrition_model.pkl'
2026-03-04 16:58:09,022 | INFO | Predicting employee index 1143...
2026-03-04 16:58:09,022 | ERROR | Error processing employee 1143: [Errno 2] No such file or directory: 'employee_attrition_model.pkl'
2026-03-04 16:58:09,022 | INFO | Predicting employee index 1144...
2026-03-04 16:58:09,022 | ERROR | Error processing employee 1144: [Errno 2] No such file or directory: 'employee_attrition_model.pkl'
2026-03-04 16:58:09,023 | INFO | Predicting employee index 1145...
2026-03-04 16:58:09,023 | ERROR | Error processing employee 1145: [Errno 2] No such file or directory: 'employee_attrition_model.pkl'
2026-03-04 16:58:09,023 | INFO | Predicting employee index 1146...
2026-03-04 16:58:09,023 | ERROR | Error processing employee 1146: [Errno 2] No such file or directory: 'employee_attrition_model.pkl'
2026-03-04 16:58:09,033 | INFO | Predicting employee index 1147...
2026-03-04 16:58:09,033 | ERROR | Error processing employee 1147: [Errno 2] No such file or directory: 'employee_attrition_model.pkl'
2026-03-04 16:58:09,033 | INFO | Predicting employee index 1148...
2026-03-04 16:58:09,034 | ERROR | Error processing employee 1148: [Errno 2] No such file or directory: 'employee_attrition_model.pkl'
2026-03-04 16:58:09,034 | INFO | Predicting employee index 1149...
2026-03-04 16:58:09,034 | ERROR | Error processing employee 1149: [Errno 2] No such file or directory: 'employee_attrition_model.pkl'
2026-03-04 16:58:09,034 | INFO | Predicting employee index 1150...
2026-03-04 16:58:09,034 | ERROR | Error processing employee 1150: [Errno 2] No such file or directory: 'employee_attrition_model.pkl'
2026-03-04 16:58:09,035 | INFO | Predicting employee index 1151...
2026-03-04 16:58:09,035 | ERROR | Error processing employee 1151: [Errno 2] No such file or directory: 'employee_attrition_model.pkl'
2026-03-04 16:58:09,035 | INFO | Predicting employee index 1152...
2026-03-04 16:58:09,035 | ERROR | Error processing employee 1152: [Errno 2] No such file or directory: 'employee_attrition_model.pkl'
2026-03-04 16:58:09,035 | INFO | Predicting employee index 1153...
2026-03-04 16:58:09,035 | ERROR | Error processing employee 1153: [Errno 2] No such file or directory: 'employee_attrition_model.pkl'
2026-03-04 16:58:09,035 | INFO | Predicting employee index 1154...
2026-03-04 16:58:09,035 | ERROR | Error processing employee 1154: [Errno 2] No such file or directory: 'employee_attrition_model.pkl'
2026-03-04 16:58:09,036 | INFO | Predicting employee index 1155...
2026-03-04 16:58:09,036 | ERROR | Error processing employee 1155: [Errno 2] No such file or directory: 'employee_attrition_model.pkl'
2026-03-04 16:58:09,036 | INFO | Predicting employee index 1156...
2026-03-04 16:58:09,036 | ERROR | Error processing employee 1156: [Errno 2] No such file or directory: 'employee_attrition_model.pkl'
2026-03-04 16:58:09,036 | INFO | Predicting employee index 1157...
2026-03-04 16:58:09,036 | ERROR | Error processing employee 1157: [Errno 2] No such file or directory: 'employee_attrition_model.pkl'
2026-03-04 16:58:09,037 | INFO | Predicting employee index 1158...
2026-03-04 16:58:09,037 | ERROR | Error processing employee 1158: [Errno 2] No such file or directory: 'employee_attrition_model.pkl'
2026-03-04 16:58:09,037 | INFO | Predicting employee index 1159...
2026-03-04 16:58:09,037 | ERROR | Error processing employee 1159: [Errno 2] No such file or directory: 'employee_attrition_model.pkl'
2026-03-04 16:58:09,037 | INFO | Predicting employee index 1160...
2026-03-04 16:58:09,037 | ERROR | Error processing employee 1160: [Errno 2] No such file or directory: 'employee_attrition_model.pkl'
2026-03-04 16:58:09,038 | INFO | Predicting employee index 1161...
2026-03-04 16:58:09,038 | ERROR | Error processing employee 1161: [Errno 2] No such file or directory: 'employee_attrition_model.pkl'
2026-03-04 16:58:09,038 | INFO | Predicting employee index 1162...
2026-03-04 16:58:09,038 | ERROR | Error processing employee 1162: [Errno 2] No such file or directory: 'employee_attrition_model.pkl'
2026-03-04 16:58:09,038 | INFO | Predicting employee index 1163...
2026-03-04 16:58:09,038 | ERROR | Error processing employee 1163: [Errno 2] No such file or directory: 'employee_attrition_model.pkl'
2026-03-04 16:58:09,038 | INFO | Predicting employee index 1164...
2026-03-04 16:58:09,039 | ERROR | Error processing employee 1164: [Errno 2] No such file or directory: 'employee_attrition_model.pkl'
2026-03-04 16:58:09,039 | INFO | Predicting employee index 1165...
2026-03-04 16:58:09,039 | ERROR | Error processing employee 1165: [Errno 2] No such file or directory: 'employee_attrition_model.pkl'
2026-03-04 16:58:09,039 | INFO | Predicting employee index 1166...
2026-03-04 16:58:09,039 | ERROR | Error processing employee 1166: [Errno 2] No such file or directory: 'employee_attrition_model.pkl'
2026-03-04 16:58:09,039 | INFO | Predicting employee index 1167...
2026-03-04 16:58:09,048 | ERROR | Error processing employee 1167: [Errno 2] No such file or directory: 'employee_attrition_model.pkl'
2026-03-04 16:58:09,050 | INFO | Predicting employee index 1168...
2026-03-04 16:58:09,050 | ERROR | Error processing employee 1168: [Errno 2] No such file or directory: 'employee_attrition_model.pkl'
2026-03-04 16:58:09,050 | INFO | Predicting employee index 1169...
2026-03-04 16:58:09,050 | ERROR | Error processing employee 1169: [Errno 2] No such file or directory: 'employee_attrition_model.pkl'
2026-03-04 16:58:09,051 | INFO | Predicting employee index 1170...
2026-03-04 16:58:09,051 | ERROR | Error processing employee 1170: [Errno 2] No such file or directory: 'employee_attrition_model.pkl'
2026-03-04 16:58:09,051 | INFO | Predicting employee index 1171...
2026-03-04 16:58:09,051 | ERROR | Error processing employee 1171: [Errno 2] No such file or directory: 'employee_attrition_model.pkl'
2026-03-04 16:58:09,051 | INFO | Predicting employee index 1172...
2026-03-04 16:58:09,051 | ERROR | Error processing employee 1172: [Errno 2] No such file or directory: 'employee_attrition_model.pkl'
2026-03-04 16:58:09,051 | INFO | Predicting employee index 1173...
2026-03-04 16:58:09,051 | ERROR | Error processing employee 1173: [Errno 2] No such file or directory: 'employee_attrition_model.pkl'
2026-03-04 16:58:09,051 | INFO | Predicting employee index 1174...
2026-03-04 16:58:09,051 | ERROR | Error processing employee 1174: [Errno 2] No such file or directory: 'employee_attrition_model.pkl'
2026-03-04 16:58:09,051 | INFO | Predicting employee index 1175...
2026-03-04 16:58:09,052 | ERROR | Error processing employee 1175: [Errno 2] No such file or directory: 'employee_attrition_model.pkl'
2026-03-04 16:58:09,052 | INFO | Predicting employee index 1176...
2026-03-04 16:58:09,053 | ERROR | Error processing employee 1176: [Errno 2] No such file or directory: 'employee_attrition_model.pkl'
2026-03-04 16:58:09,054 | INFO | Predicting employee index 1177...
2026-03-04 16:58:09,054 | ERROR | Error processing employee 1177: [Errno 2] No such file or directory: 'employee_attrition_model.pkl'
2026-03-04 16:58:09,054 | INFO | Predicting employee index 1178...
2026-03-04 16:58:09,055 | ERROR | Error processing employee 1178: [Errno 2] No such file or directory: 'employee_attrition_model.pkl'
2026-03-04 16:58:09,055 | INFO | Predicting employee index 1179...
2026-03-04 16:58:09,055 | ERROR | Error processing employee 1179: [Errno 2] No such file or directory: 'employee_attrition_model.pkl'
2026-03-04 16:58:09,056 | INFO | Predicting employee index 1180...
2026-03-04 16:58:09,056 | ERROR | Error processing employee 1180: [Errno 2] No such file or directory: 'employee_attrition_model.pkl'
2026-03-04 16:58:09,056 | INFO | Predicting employee index 1181...
2026-03-04 16:58:09,056 | ERROR | Error processing employee 1181: [Errno 2] No such file or directory: 'employee_attrition_model.pkl'
2026-03-04 16:58:09,056 | INFO | Predicting employee index 1182...
2026-03-04 16:58:09,056 | ERROR | Error processing employee 1182: [Errno 2] No such file or directory: 'employee_attrition_model.pkl'
2026-03-04 16:58:09,057 | INFO | Predicting employee index 1183...
2026-03-04 16:58:09,057 | ERROR | Error processing employee 1183: [Errno 2] No such file or directory: 'employee_attrition_model.pkl'
2026-03-04 16:58:09,057 | INFO | Predicting employee index 1184...
2026-03-04 16:58:09,057 | ERROR | Error processing employee 1184: [Errno 2] No such file or directory: 'employee_attrition_model.pkl'
2026-03-04 16:58:09,057 | INFO | Predicting employee index 1185...
2026-03-04 16:58:09,057 | ERROR | Error processing employee 1185: [Errno 2] No such file or directory: 'employee_attrition_model.pkl'
2026-03-04 16:58:09,058 | INFO | Predicting employee index 1186...
2026-03-04 16:58:09,058 | ERROR | Error processing employee 1186: [Errno 2] No such file or directory: 'employee_attrition_model.pkl'
2026-03-04 16:58:09,058 | INFO | Predicting employee index 1187...
2026-03-04 16:58:09,058 | ERROR | Error processing employee 1187: [Errno 2] No such file or directory: 'employee_attrition_model.pkl'
2026-03-04 16:58:09,058 | INFO | Predicting employee index 1188...
2026-03-04 16:58:09,063 | ERROR | Error processing employee 1188: [Errno 2] No such file or directory: 'employee_attrition_model.pkl'
2026-03-04 16:58:09,063 | INFO | Predicting employee index 1189...
2026-03-04 16:58:09,064 | ERROR | Error processing employee 1189: [Errno 2] No such file or directory: 'employee_attrition_model.pkl'
2026-03-04 16:58:09,064 | INFO | Predicting employee index 1190...
2026-03-04 16:58:09,064 | ERROR | Error processing employee 1190: [Errno 2] No such file or directory: 'employee_attrition_model.pkl'
2026-03-04 16:58:09,064 | INFO | Predicting employee index 1191...
2026-03-04 16:58:09,064 | ERROR | Error processing employee 1191: [Errno 2] No such file or directory: 'employee_attrition_model.pkl'
2026-03-04 16:58:09,064 | INFO | Predicting employee index 1192...
2026-03-04 16:58:09,064 | ERROR | Error processing employee 1192: [Errno 2] No such file or directory: 'employee_attrition_model.pkl'
2026-03-04 16:58:09,065 | INFO | Predicting employee index 1193...
2026-03-04 16:58:09,065 | ERROR | Error processing employee 1193: [Errno 2] No such file or directory: 'employee_attrition_model.pkl'
2026-03-04 16:58:09,066 | INFO | Predicting employee index 1194...
2026-03-04 16:58:09,066 | ERROR | Error processing employee 1194: [Errno 2] No such file or directory: 'employee_attrition_model.pkl'
2026-03-04 16:58:09,066 | INFO | Predicting employee index 1195...
2026-03-04 16:58:09,067 | ERROR | Error processing employee 1195: [Errno 2] No such file or directory: 'employee_attrition_model.pkl'
2026-03-04 16:58:09,067 | INFO | Predicting employee index 1196...
2026-03-04 16:58:09,067 | ERROR | Error processing employee 1196: [Errno 2] No such file or directory: 'employee_attrition_model.pkl'
2026-03-04 16:58:09,067 | INFO | Predicting employee index 1197...
2026-03-04 16:58:09,067 | ERROR | Error processing employee 1197: [Errno 2] No such file or directory: 'employee_attrition_model.pkl'
2026-03-04 16:58:09,068 | INFO | Predicting employee index 1198...
2026-03-04 16:58:09,068 | ERROR | Error processing employee 1198: [Errno 2] No such file or directory: 'employee_attrition_model.pkl'
2026-03-04 16:58:09,068 | INFO | Predicting employee index 1199...
2026-03-04 16:58:09,068 | ERROR | Error processing employee 1199: [Errno 2] No such file or directory: 'employee_attrition_model.pkl'
2026-03-04 16:58:09,068 | INFO | Predicting employee index 1200...
2026-03-04 16:58:09,069 | ERROR | Error processing employee 1200: [Errno 2] No such file or directory: 'employee_attrition_model.pkl'
2026-03-04 16:58:09,069 | INFO | Predicting employee index 1201...
2026-03-04 16:58:09,069 | ERROR | Error processing employee 1201: [Errno 2] No such file or directory: 'employee_attrition_model.pkl'
2026-03-04 16:58:09,069 | INFO | Predicting employee index 1202...
2026-03-04 16:58:09,069 | ERROR | Error processing employee 1202: [Errno 2] No such file or directory: 'employee_attrition_model.pkl'
2026-03-04 16:58:09,070 | INFO | Predicting employee index 1203...
2026-03-04 16:58:09,070 | ERROR | Error processing employee 1203: [Errno 2] No such file or directory: 'employee_attrition_model.pkl'
2026-03-04 16:58:09,070 | INFO | Predicting employee index 1204...
2026-03-04 16:58:09,070 | ERROR | Error processing employee 1204: [Errno 2] No such file or directory: 'employee_attrition_model.pkl'
2026-03-04 16:58:09,070 | INFO | Predicting employee index 1205...
2026-03-04 16:58:09,071 | ERROR | Error processing employee 1205: [Errno 2] No such file or directory: 'employee_attrition_model.pkl'
2026-03-04 16:58:09,071 | INFO | Predicting employee index 1206...
2026-03-04 16:58:09,071 | ERROR | Error processing employee 1206: [Errno 2] No such file or directory: 'employee_attrition_model.pkl'
2026-03-04 16:58:09,071 | INFO | Predicting employee index 1207...
2026-03-04 16:58:09,071 | ERROR | Error processing employee 1207: [Errno 2] No such file or directory: 'employee_attrition_model.pkl'
2026-03-04 16:58:09,071 | INFO | Predicting employee index 1208...
2026-03-04 16:58:09,072 | ERROR | Error processing employee 1208: [Errno 2] No such file or directory: 'employee_attrition_model.pkl'
2026-03-04 16:58:09,078 | INFO | Predicting employee index 1209...
2026-03-04 16:58:09,079 | ERROR | Error processing employee 1209: [Errno 2] No such file or directory: 'employee_attrition_model.pkl'
2026-03-04 16:58:09,079 | INFO | Predicting employee index 1210...
2026-03-04 16:58:09,079 | ERROR | Error processing employee 1210: [Errno 2] No such file or directory: 'employee_attrition_model.pkl'
2026-03-04 16:58:09,079 | INFO | Predicting employee index 1211...
2026-03-04 16:58:09,079 | ERROR | Error processing employee 1211: [Errno 2] No such file or directory: 'employee_attrition_model.pkl'
2026-03-04 16:58:09,080 | INFO | Predicting employee index 1212...
2026-03-04 16:58:09,080 | ERROR | Error processing employee 1212: [Errno 2] No such file or directory: 'employee_attrition_model.pkl'
2026-03-04 16:58:09,080 | INFO | Predicting employee index 1213...
2026-03-04 16:58:09,080 | ERROR | Error processing employee 1213: [Errno 2] No such file or directory: 'employee_attrition_model.pkl'
2026-03-04 16:58:09,080 | INFO | Predicting employee index 1214...
2026-03-04 16:58:09,080 | ERROR | Error processing employee 1214: [Errno 2] No such file or directory: 'employee_attrition_model.pkl'
2026-03-04 16:58:09,081 | INFO | Predicting employee index 1215...
2026-03-04 16:58:09,081 | ERROR | Error processing employee 1215: [Errno 2] No such file or directory: 'employee_attrition_model.pkl'
2026-03-04 16:58:09,081 | INFO | Predicting employee index 1216...
2026-03-04 16:58:09,081 | ERROR | Error processing employee 1216: [Errno 2] No such file or directory: 'employee_attrition_model.pkl'
2026-03-04 16:58:09,082 | INFO | Predicting employee index 1217...
2026-03-04 16:58:09,082 | ERROR | Error processing employee 1217: [Errno 2] No such file or directory: 'employee_attrition_model.pkl'
2026-03-04 16:58:09,083 | INFO | Predicting employee index 1218...
2026-03-04 16:58:09,083 | ERROR | Error processing employee 1218: [Errno 2] No such file or directory: 'employee_attrition_model.pkl'
2026-03-04 16:58:09,084 | INFO | Predicting employee index 1219...
2026-03-04 16:58:09,084 | ERROR | Error processing employee 1219: [Errno 2] No such file or directory: 'employee_attrition_model.pkl'
2026-03-04 16:58:09,084 | INFO | Predicting employee index 1220...
2026-03-04 16:58:09,084 | ERROR | Error processing employee 1220: [Errno 2] No such file or directory: 'employee_attrition_model.pkl'
2026-03-04 16:58:09,084 | INFO | Predicting employee index 1221...
2026-03-04 16:58:09,084 | ERROR | Error processing employee 1221: [Errno 2] No such file or directory: 'employee_attrition_model.pkl'
2026-03-04 16:58:09,085 | INFO | Predicting employee index 1222...
2026-03-04 16:58:09,085 | ERROR | Error processing employee 1222: [Errno 2] No such file or directory: 'employee_attrition_model.pkl'
2026-03-04 16:58:09,085 | INFO | Predicting employee index 1223...
2026-03-04 16:58:09,085 | ERROR | Error processing employee 1223: [Errno 2] No such file or directory: 'employee_attrition_model.pkl'
2026-03-04 16:58:09,085 | INFO | Predicting employee index 1224...
2026-03-04 16:58:09,086 | ERROR | Error processing employee 1224: [Errno 2] No such file or directory: 'employee_attrition_model.pkl'
2026-03-04 16:58:09,086 | INFO | Predicting employee index 1225...
2026-03-04 16:58:09,086 | ERROR | Error processing employee 1225: [Errno 2] No such file or directory: 'employee_attrition_model.pkl'
2026-03-04 16:58:09,086 | INFO | Predicting employee index 1226...
2026-03-04 16:58:09,086 | ERROR | Error processing employee 1226: [Errno 2] No such file or directory: 'employee_attrition_model.pkl'
2026-03-04 16:58:09,086 | INFO | Predicting employee index 1227...
2026-03-04 16:58:09,087 | ERROR | Error processing employee 1227: [Errno 2] No such file or directory: 'employee_attrition_model.pkl'
2026-03-04 16:58:09,087 | INFO | Predicting employee index 1228...
2026-03-04 16:58:09,087 | ERROR | Error processing employee 1228: [Errno 2] No such file or directory: 'employee_attrition_model.pkl'
2026-03-04 16:58:09,087 | INFO | Predicting employee index 1229...
2026-03-04 16:58:09,094 | ERROR | Error processing employee 1229: [Errno 2] No such file or directory: 'employee_attrition_model.pkl'
2026-03-04 16:58:09,094 | INFO | Predicting employee index 1230...
2026-03-04 16:58:09,095 | ERROR | Error processing employee 1230: [Errno 2] No such file or directory: 'employee_attrition_model.pkl'
2026-03-04 16:58:09,095 | INFO | Predicting employee index 1231...
2026-03-04 16:58:09,095 | ERROR | Error processing employee 1231: [Errno 2] No such file or directory: 'employee_attrition_model.pkl'
2026-03-04 16:58:09,095 | INFO | Predicting employee index 1232...
2026-03-04 16:58:09,095 | ERROR | Error processing employee 1232: [Errno 2] No such file or directory: 'employee_attrition_model.pkl'
2026-03-04 16:58:09,096 | INFO | Predicting employee index 1233...
2026-03-04 16:58:09,096 | ERROR | Error processing employee 1233: [Errno 2] No such file or directory: 'employee_attrition_model.pkl'
2026-03-04 16:58:09,096 | INFO | Predicting employee index 1234...
2026-03-04 16:58:09,096 | ERROR | Error processing employee 1234: [Errno 2] No such file or directory: 'employee_attrition_model.pkl'
2026-03-04 16:58:09,097 | INFO | Predicting employee index 1235...
2026-03-04 16:58:09,097 | ERROR | Error processing employee 1235: [Errno 2] No such file or directory: 'employee_attrition_model.pkl'
2026-03-04 16:58:09,097 | INFO | Predicting employee index 1236...
2026-03-04 16:58:09,097 | ERROR | Error processing employee 1236: [Errno 2] No such file or directory: 'employee_attrition_model.pkl'
2026-03-04 16:58:09,097 | INFO | Predicting employee index 1237...
2026-03-04 16:58:09,098 | ERROR | Error processing employee 1237: [Errno 2] No such file or directory: 'employee_attrition_model.pkl'
2026-03-04 16:58:09,098 | INFO | Predicting employee index 1238...
2026-03-04 16:58:09,098 | ERROR | Error processing employee 1238: [Errno 2] No such file or directory: 'employee_attrition_model.pkl'
2026-03-04 16:58:09,098 | INFO | Predicting employee index 1239...
2026-03-04 16:58:09,098 | ERROR | Error processing employee 1239: [Errno 2] No such file or directory: 'employee_attrition_model.pkl'
2026-03-04 16:58:09,099 | INFO | Predicting employee index 1240...
2026-03-04 16:58:09,099 | ERROR | Error processing employee 1240: [Errno 2] No such file or directory: 'employee_attrition_model.pkl'
2026-03-04 16:58:09,100 | INFO | Predicting employee index 1241...
2026-03-04 16:58:09,100 | ERROR | Error processing employee 1241: [Errno 2] No such file or directory: 'employee_attrition_model.pkl'
2026-03-04 16:58:09,100 | INFO | Predicting employee index 1242...
2026-03-04 16:58:09,100 | ERROR | Error processing employee 1242: [Errno 2] No such file or directory: 'employee_attrition_model.pkl'
2026-03-04 16:58:09,101 | INFO | Predicting employee index 1243...
2026-03-04 16:58:09,101 | ERROR | Error processing employee 1243: [Errno 2] No such file or directory: 'employee_attrition_model.pkl'
2026-03-04 16:58:09,101 | INFO | Predicting employee index 1244...
2026-03-04 16:58:09,101 | ERROR | Error processing employee 1244: [Errno 2] No such file or directory: 'employee_attrition_model.pkl'
2026-03-04 16:58:09,101 | INFO | Predicting employee index 1245...
2026-03-04 16:58:09,101 | ERROR | Error processing employee 1245: [Errno 2] No such file or directory: 'employee_attrition_model.pkl'
2026-03-04 16:58:09,102 | INFO | Predicting employee index 1246...
2026-03-04 16:58:09,102 | ERROR | Error processing employee 1246: [Errno 2] No such file or directory: 'employee_attrition_model.pkl'
2026-03-04 16:58:09,102 | INFO | Predicting employee index 1247...
2026-03-04 16:58:09,102 | ERROR | Error processing employee 1247: [Errno 2] No such file or directory: 'employee_attrition_model.pkl'
2026-03-04 16:58:09,102 | INFO | Predicting employee index 1248...
2026-03-04 16:58:09,102 | ERROR | Error processing employee 1248: [Errno 2] No such file or directory: 'employee_attrition_model.pkl'
2026-03-04 16:58:09,102 | INFO | Predicting employee index 1249...
2026-03-04 16:58:09,103 | ERROR | Error processing employee 1249: [Errno 2] No such file or directory: 'employee_attrition_model.pkl'
2026-03-04 16:58:09,110 | INFO | Predicting employee index 1250...
2026-03-04 16:58:09,110 | ERROR | Error processing employee 1250: [Errno 2] No such file or directory: 'employee_attrition_model.pkl'
2026-03-04 16:58:09,111 | INFO | Predicting employee index 1251...
2026-03-04 16:58:09,111 | ERROR | Error processing employee 1251: [Errno 2] No such file or directory: 'employee_attrition_model.pkl'
2026-03-04 16:58:09,111 | INFO | Predicting employee index 1252...
2026-03-04 16:58:09,111 | ERROR | Error processing employee 1252: [Errno 2] No such file or directory: 'employee_attrition_model.pkl'
2026-03-04 16:58:09,111 | INFO | Predicting employee index 1253...
2026-03-04 16:58:09,112 | ERROR | Error processing employee 1253: [Errno 2] No such file or directory: 'employee_attrition_model.pkl'
2026-03-04 16:58:09,112 | INFO | Predicting employee index 1254...
2026-03-04 16:58:09,112 | ERROR | Error processing employee 1254: [Errno 2] No such file or directory: 'employee_attrition_model.pkl'
2026-03-04 16:58:09,112 | INFO | Predicting employee index 1255...
2026-03-04 16:58:09,112 | ERROR | Error processing employee 1255: [Errno 2] No such file or directory: 'employee_attrition_model.pkl'
2026-03-04 16:58:09,112 | INFO | Predicting employee index 1256...
2026-03-04 16:58:09,113 | ERROR | Error processing employee 1256: [Errno 2] No such file or directory: 'employee_attrition_model.pkl'
2026-03-04 16:58:09,113 | INFO | Predicting employee index 1257...
2026-03-04 16:58:09,113 | ERROR | Error processing employee 1257: [Errno 2] No such file or directory: 'employee_attrition_model.pkl'
2026-03-04 16:58:09,113 | INFO | Predicting employee index 1258...
2026-03-04 16:58:09,113 | ERROR | Error processing employee 1258: [Errno 2] No such file or directory: 'employee_attrition_model.pkl'
2026-03-04 16:58:09,114 | INFO | Predicting employee index 1259...
2026-03-04 16:58:09,114 | ERROR | Error processing employee 1259: [Errno 2] No such file or directory: 'employee_attrition_model.pkl'
2026-03-04 16:58:09,114 | INFO | Predicting employee index 1260...
2026-03-04 16:58:09,114 | ERROR | Error processing employee 1260: [Errno 2] No such file or directory: 'employee_attrition_model.pkl'
2026-03-04 16:58:09,115 | INFO | Predicting employee index 1261...
2026-03-04 16:58:09,115 | ERROR | Error processing employee 1261: [Errno 2] No such file or directory: 'employee_attrition_model.pkl'
2026-03-04 16:58:09,115 | INFO | Predicting employee index 1262...
2026-03-04 16:58:09,115 | ERROR | Error processing employee 1262: [Errno 2] No such file or directory: 'employee_attrition_model.pkl'
2026-03-04 16:58:09,116 | INFO | Predicting employee index 1263...
2026-03-04 16:58:09,116 | ERROR | Error processing employee 1263: [Errno 2] No such file or directory: 'employee_attrition_model.pkl'
2026-03-04 16:58:09,117 | INFO | Predicting employee index 1264...
2026-03-04 16:58:09,117 | ERROR | Error processing employee 1264: [Errno 2] No such file or directory: 'employee_attrition_model.pkl'
2026-03-04 16:58:09,117 | INFO | Predicting employee index 1265...
2026-03-04 16:58:09,118 | ERROR | Error processing employee 1265: [Errno 2] No such file or directory: 'employee_attrition_model.pkl'
2026-03-04 16:58:09,118 | INFO | Predicting employee index 1266...
2026-03-04 16:58:09,118 | ERROR | Error processing employee 1266: [Errno 2] No such file or directory: 'employee_attrition_model.pkl'
2026-03-04 16:58:09,118 | INFO | Predicting employee index 1267...
2026-03-04 16:58:09,118 | ERROR | Error processing employee 1267: [Errno 2] No such file or directory: 'employee_attrition_model.pkl'
2026-03-04 16:58:09,119 | INFO | Predicting employee index 1268...
2026-03-04 16:58:09,119 | ERROR | Error processing employee 1268: [Errno 2] No such file or directory: 'employee_attrition_model.pkl'
2026-03-04 16:58:09,119 | INFO | Predicting employee index 1269...
2026-03-04 16:58:09,119 | ERROR | Error processing employee 1269: [Errno 2] No such file or directory: 'employee_attrition_model.pkl'
2026-03-04 16:58:09,119 | INFO | Predicting employee index 1270...
2026-03-04 16:58:09,126 | ERROR | Error processing employee 1270: [Errno 2] No such file or directory: 'employee_attrition_model.pkl'
2026-03-04 16:58:09,126 | INFO | Predicting employee index 1271...
2026-03-04 16:58:09,127 | ERROR | Error processing employee 1271: [Errno 2] No such file or directory: 'employee_attrition_model.pkl'
2026-03-04 16:58:09,127 | INFO | Predicting employee index 1272...
2026-03-04 16:58:09,127 | ERROR | Error processing employee 1272: [Errno 2] No such file or directory: 'employee_attrition_model.pkl'
2026-03-04 16:58:09,127 | INFO | Predicting employee index 1273...
2026-03-04 16:58:09,127 | ERROR | Error processing employee 1273: [Errno 2] No such file or directory: 'employee_attrition_model.pkl'
2026-03-04 16:58:09,128 | INFO | Predicting employee index 1274...
2026-03-04 16:58:09,128 | ERROR | Error processing employee 1274: [Errno 2] No such file or directory: 'employee_attrition_model.pkl'
2026-03-04 16:58:09,128 | INFO | Predicting employee index 1275...
2026-03-04 16:58:09,128 | ERROR | Error processing employee 1275: [Errno 2] No such file or directory: 'employee_attrition_model.pkl'
2026-03-04 16:58:09,128 | INFO | Predicting employee index 1276...
2026-03-04 16:58:09,129 | ERROR | Error processing employee 1276: [Errno 2] No such file or directory: 'employee_attrition_model.pkl'
2026-03-04 16:58:09,129 | INFO | Predicting employee index 1277...
2026-03-04 16:58:09,129 | ERROR | Error processing employee 1277: [Errno 2] No such file or directory: 'employee_attrition_model.pkl'
2026-03-04 16:58:09,129 | INFO | Predicting employee index 1278...
2026-03-04 16:58:09,129 | ERROR | Error processing employee 1278: [Errno 2] No such file or directory: 'employee_attrition_model.pkl'
2026-03-04 16:58:09,129 | INFO | Predicting employee index 1279...
2026-03-04 16:58:09,129 | ERROR | Error processing employee 1279: [Errno 2] No such file or directory: 'employee_attrition_model.pkl'
2026-03-04 16:58:09,130 | INFO | Predicting employee index 1280...
2026-03-04 16:58:09,130 | ERROR | Error processing employee 1280: [Errno 2] No such file or directory: 'employee_attrition_model.pkl'
2026-03-04 16:58:09,130 | INFO | Predicting employee index 1281...
2026-03-04 16:58:09,130 | ERROR | Error processing employee 1281: [Errno 2] No such file or directory: 'employee_attrition_model.pkl'
2026-03-04 16:58:09,130 | INFO | Predicting employee index 1282...
2026-03-04 16:58:09,130 | ERROR | Error processing employee 1282: [Errno 2] No such file or directory: 'employee_attrition_model.pkl'
2026-03-04 16:58:09,131 | INFO | Predicting employee index 1283...
2026-03-04 16:58:09,131 | ERROR | Error processing employee 1283: [Errno 2] No such file or directory: 'employee_attrition_model.pkl'
2026-03-04 16:58:09,131 | INFO | Predicting employee index 1284...
2026-03-04 16:58:09,131 | ERROR | Error processing employee 1284: [Errno 2] No such file or directory: 'employee_attrition_model.pkl'
2026-03-04 16:58:09,132 | INFO | Predicting employee index 1285...
2026-03-04 16:58:09,132 | ERROR | Error processing employee 1285: [Errno 2] No such file or directory: 'employee_attrition_model.pkl'
2026-03-04 16:58:09,132 | INFO | Predicting employee index 1286...
2026-03-04 16:58:09,132 | ERROR | Error processing employee 1286: [Errno 2] No such file or directory: 'employee_attrition_model.pkl'
2026-03-04 16:58:09,132 | INFO | Predicting employee index 1287...
2026-03-04 16:58:09,132 | ERROR | Error processing employee 1287: [Errno 2] No such file or directory: 'employee_attrition_model.pkl'
2026-03-04 16:58:09,133 | INFO | Predicting employee index 1288...
2026-03-04 16:58:09,133 | ERROR | Error processing employee 1288: [Errno 2] No such file or directory: 'employee_attrition_model.pkl'
2026-03-04 16:58:09,133 | INFO | Predicting employee index 1289...
2026-03-04 16:58:09,133 | ERROR | Error processing employee 1289: [Errno 2] No such file or directory: 'employee_attrition_model.pkl'
2026-03-04 16:58:09,133 | INFO | Predicting employee index 1290...
2026-03-04 16:58:09,134 | ERROR | Error processing employee 1290: [Errno 2] No such file or directory: 'employee_attrition_model.pkl'
2026-03-04 16:58:09,142 | INFO | Predicting employee index 1291...
2026-03-04 16:58:09,142 | ERROR | Error processing employee 1291: [Errno 2] No such file or directory: 'employee_attrition_model.pkl'
2026-03-04 16:58:09,143 | INFO | Predicting employee index 1292...
2026-03-04 16:58:09,143 | ERROR | Error processing employee 1292: [Errno 2] No such file or directory: 'employee_attrition_model.pkl'
2026-03-04 16:58:09,143 | INFO | Predicting employee index 1293...
2026-03-04 16:58:09,143 | ERROR | Error processing employee 1293: [Errno 2] No such file or directory: 'employee_attrition_model.pkl'
2026-03-04 16:58:09,144 | INFO | Predicting employee index 1294...
2026-03-04 16:58:09,144 | ERROR | Error processing employee 1294: [Errno 2] No such file or directory: 'employee_attrition_model.pkl'
2026-03-04 16:58:09,144 | INFO | Predicting employee index 1295...
2026-03-04 16:58:09,144 | ERROR | Error processing employee 1295: [Errno 2] No such file or directory: 'employee_attrition_model.pkl'
2026-03-04 16:58:09,145 | INFO | Predicting employee index 1296...
2026-03-04 16:58:09,145 | ERROR | Error processing employee 1296: [Errno 2] No such file or directory: 'employee_attrition_model.pkl'
2026-03-04 16:58:09,145 | INFO | Predicting employee index 1297...
2026-03-04 16:58:09,145 | ERROR | Error processing employee 1297: [Errno 2] No such file or directory: 'employee_attrition_model.pkl'
2026-03-04 16:58:09,145 | INFO | Predicting employee index 1298...
2026-03-04 16:58:09,145 | ERROR | Error processing employee 1298: [Errno 2] No such file or directory: 'employee_attrition_model.pkl'
2026-03-04 16:58:09,145 | INFO | Predicting employee index 1299...
2026-03-04 16:58:09,145 | ERROR | Error processing employee 1299: [Errno 2] No such file or directory: 'employee_attrition_model.pkl'
2026-03-04 16:58:09,146 | INFO | Predicting employee index 1300...
2026-03-04 16:58:09,146 | ERROR | Error processing employee 1300: [Errno 2] No such file or directory: 'employee_attrition_model.pkl'
2026-03-04 16:58:09,146 | INFO | Predicting employee index 1301...
2026-03-04 16:58:09,146 | ERROR | Error processing employee 1301: [Errno 2] No such file or directory: 'employee_attrition_model.pkl'
2026-03-04 16:58:09,147 | INFO | Predicting employee index 1302...
2026-03-04 16:58:09,147 | ERROR | Error processing employee 1302: [Errno 2] No such file or directory: 'employee_attrition_model.pkl'
2026-03-04 16:58:09,147 | INFO | Predicting employee index 1303...
2026-03-04 16:58:09,147 | ERROR | Error processing employee 1303: [Errno 2] No such file or directory: 'employee_attrition_model.pkl'
2026-03-04 16:58:09,147 | INFO | Predicting employee index 1304...
2026-03-04 16:58:09,147 | ERROR | Error processing employee 1304: [Errno 2] No such file or directory: 'employee_attrition_model.pkl'
2026-03-04 16:58:09,148 | INFO | Predicting employee index 1305...
2026-03-04 16:58:09,148 | ERROR | Error processing employee 1305: [Errno 2] No such file or directory: 'employee_attrition_model.pkl'
2026-03-04 16:58:09,149 | INFO | Predicting employee index 1306...
2026-03-04 16:58:09,149 | ERROR | Error processing employee 1306: [Errno 2] No such file or directory: 'employee_attrition_model.pkl'
2026-03-04 16:58:09,149 | INFO | Predicting employee index 1307...
2026-03-04 16:58:09,149 | ERROR | Error processing employee 1307: [Errno 2] No such file or directory: 'employee_attrition_model.pkl'
2026-03-04 16:58:09,150 | INFO | Predicting employee index 1308...
2026-03-04 16:58:09,150 | ERROR | Error processing employee 1308: [Errno 2] No such file or directory: 'employee_attrition_model.pkl'
2026-03-04 16:58:09,150 | INFO | Predicting employee index 1309...
2026-03-04 16:58:09,150 | ERROR | Error processing employee 1309: [Errno 2] No such file or directory: 'employee_attrition_model.pkl'
2026-03-04 16:58:09,150 | INFO | Predicting employee index 1310...
2026-03-04 16:58:09,150 | ERROR | Error processing employee 1310: [Errno 2] No such file or directory: 'employee_attrition_model.pkl'
2026-03-04 16:58:09,151 | INFO | Predicting employee index 1311...
2026-03-04 16:58:09,158 | ERROR | Error processing employee 1311: [Errno 2] No such file or directory: 'employee_attrition_model.pkl'
2026-03-04 16:58:09,159 | INFO | Predicting employee index 1312...
2026-03-04 16:58:09,159 | ERROR | Error processing employee 1312: [Errno 2] No such file or directory: 'employee_attrition_model.pkl'
2026-03-04 16:58:09,159 | INFO | Predicting employee index 1313...
2026-03-04 16:58:09,159 | ERROR | Error processing employee 1313: [Errno 2] No such file or directory: 'employee_attrition_model.pkl'
2026-03-04 16:58:09,160 | INFO | Predicting employee index 1314...
2026-03-04 16:58:09,160 | ERROR | Error processing employee 1314: [Errno 2] No such file or directory: 'employee_attrition_model.pkl'
2026-03-04 16:58:09,160 | INFO | Predicting employee index 1315...
2026-03-04 16:58:09,160 | ERROR | Error processing employee 1315: [Errno 2] No such file or directory: 'employee_attrition_model.pkl'
2026-03-04 16:58:09,160 | INFO | Predicting employee index 1316...
2026-03-04 16:58:09,161 | ERROR | Error processing employee 1316: [Errno 2] No such file or directory: 'employee_attrition_model.pkl'
2026-03-04 16:58:09,161 | INFO | Predicting employee index 1317...
2026-03-04 16:58:09,161 | ERROR | Error processing employee 1317: [Errno 2] No such file or directory: 'employee_attrition_model.pkl'
2026-03-04 16:58:09,161 | INFO | Predicting employee index 1318...
2026-03-04 16:58:09,161 | ERROR | Error processing employee 1318: [Errno 2] No such file or directory: 'employee_attrition_model.pkl'
2026-03-04 16:58:09,162 | INFO | Predicting employee index 1319...
2026-03-04 16:58:09,162 | ERROR | Error processing employee 1319: [Errno 2] No such file or directory: 'employee_attrition_model.pkl'
2026-03-04 16:58:09,162 | INFO | Predicting employee index 1320...
2026-03-04 16:58:09,162 | ERROR | Error processing employee 1320: [Errno 2] No such file or directory: 'employee_attrition_model.pkl'
2026-03-04 16:58:09,162 | INFO | Predicting employee index 1321...
2026-03-04 16:58:09,162 | ERROR | Error processing employee 1321: [Errno 2] No such file or directory: 'employee_attrition_model.pkl'
2026-03-04 16:58:09,163 | INFO | Predicting employee index 1322...
2026-03-04 16:58:09,163 | ERROR | Error processing employee 1322: [Errno 2] No such file or directory: 'employee_attrition_model.pkl'
2026-03-04 16:58:09,163 | INFO | Predicting employee index 1323...
2026-03-04 16:58:09,163 | ERROR | Error processing employee 1323: [Errno 2] No such file or directory: 'employee_attrition_model.pkl'
2026-03-04 16:58:09,163 | INFO | Predicting employee index 1324...
2026-03-04 16:58:09,163 | ERROR | Error processing employee 1324: [Errno 2] No such file or directory: 'employee_attrition_model.pkl'
2026-03-04 16:58:09,163 | INFO | Predicting employee index 1325...
2026-03-04 16:58:09,164 | ERROR | Error processing employee 1325: [Errno 2] No such file or directory: 'employee_attrition_model.pkl'
2026-03-04 16:58:09,164 | INFO | Predicting employee index 1326...
2026-03-04 16:58:09,164 | ERROR | Error processing employee 1326: [Errno 2] No such file or directory: 'employee_attrition_model.pkl'
2026-03-04 16:58:09,164 | INFO | Predicting employee index 1327...
2026-03-04 16:58:09,164 | ERROR | Error processing employee 1327: [Errno 2] No such file or directory: 'employee_attrition_model.pkl'
2026-03-04 16:58:09,164 | INFO | Predicting employee index 1328...
2026-03-04 16:58:09,164 | ERROR | Error processing employee 1328: [Errno 2] No such file or directory: 'employee_attrition_model.pkl'
2026-03-04 16:58:09,164 | INFO | Predicting employee index 1329...
2026-03-04 16:58:09,164 | ERROR | Error processing employee 1329: [Errno 2] No such file or directory: 'employee_attrition_model.pkl'
2026-03-04 16:58:09,165 | INFO | Predicting employee index 1330...
2026-03-04 16:58:09,165 | ERROR | Error processing employee 1330: [Errno 2] No such file or directory: 'employee_attrition_model.pkl'
2026-03-04 16:58:09,165 | INFO | Predicting employee index 1331...
2026-03-04 16:58:09,165 | ERROR | Error processing employee 1331: [Errno 2] No such file or directory: 'employee_attrition_model.pkl'
2026-03-04 16:58:09,173 | INFO | Predicting employee index 1332...
2026-03-04 16:58:09,174 | ERROR | Error processing employee 1332: [Errno 2] No such file or directory: 'employee_attrition_model.pkl'
2026-03-04 16:58:09,174 | INFO | Predicting employee index 1333...
2026-03-04 16:58:09,174 | ERROR | Error processing employee 1333: [Errno 2] No such file or directory: 'employee_attrition_model.pkl'
2026-03-04 16:58:09,174 | INFO | Predicting employee index 1334...
2026-03-04 16:58:09,174 | ERROR | Error processing employee 1334: [Errno 2] No such file or directory: 'employee_attrition_model.pkl'
2026-03-04 16:58:09,175 | INFO | Predicting employee index 1335...
2026-03-04 16:58:09,175 | ERROR | Error processing employee 1335: [Errno 2] No such file or directory: 'employee_attrition_model.pkl'
2026-03-04 16:58:09,175 | INFO | Predicting employee index 1336...
2026-03-04 16:58:09,175 | ERROR | Error processing employee 1336: [Errno 2] No such file or directory: 'employee_attrition_model.pkl'
2026-03-04 16:58:09,175 | INFO | Predicting employee index 1337...
2026-03-04 16:58:09,175 | ERROR | Error processing employee 1337: [Errno 2] No such file or directory: 'employee_attrition_model.pkl'
2026-03-04 16:58:09,176 | INFO | Predicting employee index 1338...
2026-03-04 16:58:09,176 | ERROR | Error processing employee 1338: [Errno 2] No such file or directory: 'employee_attrition_model.pkl'
2026-03-04 16:58:09,176 | INFO | Predicting employee index 1339...
2026-03-04 16:58:09,176 | ERROR | Error processing employee 1339: [Errno 2] No such file or directory: 'employee_attrition_model.pkl'
2026-03-04 16:58:09,176 | INFO | Predicting employee index 1340...
2026-03-04 16:58:09,176 | ERROR | Error processing employee 1340: [Errno 2] No such file or directory: 'employee_attrition_model.pkl'
2026-03-04 16:58:09,177 | INFO | Predicting employee index 1341...
2026-03-04 16:58:09,177 | ERROR | Error processing employee 1341: [Errno 2] No such file or directory: 'employee_attrition_model.pkl'
2026-03-04 16:58:09,177 | INFO | Predicting employee index 1342...
2026-03-04 16:58:09,177 | ERROR | Error processing employee 1342: [Errno 2] No such file or directory: 'employee_attrition_model.pkl'
2026-03-04 16:58:09,177 | INFO | Predicting employee index 1343...
2026-03-04 16:58:09,177 | ERROR | Error processing employee 1343: [Errno 2] No such file or directory: 'employee_attrition_model.pkl'
2026-03-04 16:58:09,177 | INFO | Predicting employee index 1344...
2026-03-04 16:58:09,178 | ERROR | Error processing employee 1344: [Errno 2] No such file or directory: 'employee_attrition_model.pkl'
2026-03-04 16:58:09,178 | INFO | Predicting employee index 1345...
2026-03-04 16:58:09,178 | ERROR | Error processing employee 1345: [Errno 2] No such file or directory: 'employee_attrition_model.pkl'
2026-03-04 16:58:09,178 | INFO | Predicting employee index 1346...
2026-03-04 16:58:09,178 | ERROR | Error processing employee 1346: [Errno 2] No such file or directory: 'employee_attrition_model.pkl'
2026-03-04 16:58:09,179 | INFO | Predicting employee index 1347...
2026-03-04 16:58:09,179 | ERROR | Error processing employee 1347: [Errno 2] No such file or directory: 'employee_attrition_model.pkl'
2026-03-04 16:58:09,179 | INFO | Predicting employee index 1348...
2026-03-04 16:58:09,179 | ERROR | Error processing employee 1348: [Errno 2] No such file or directory: 'employee_attrition_model.pkl'
2026-03-04 16:58:09,179 | INFO | Predicting employee index 1349...
2026-03-04 16:58:09,179 | ERROR | Error processing employee 1349: [Errno 2] No such file or directory: 'employee_attrition_model.pkl'
2026-03-04 16:58:09,179 | INFO | Predicting employee index 1350...
2026-03-04 16:58:09,179 | ERROR | Error processing employee 1350: [Errno 2] No such file or directory: 'employee_attrition_model.pkl'
2026-03-04 16:58:09,180 | INFO | Predicting employee index 1351...
2026-03-04 16:58:09,180 | ERROR | Error processing employee 1351: [Errno 2] No such file or directory: 'employee_attrition_model.pkl'
2026-03-04 16:58:09,180 | INFO | Predicting employee index 1352...
2026-03-04 16:58:09,189 | ERROR | Error processing employee 1352: [Errno 2] No such file or directory: 'employee_attrition_model.pkl'
2026-03-04 16:58:09,189 | INFO | Predicting employee index 1353...
2026-03-04 16:58:09,189 | ERROR | Error processing employee 1353: [Errno 2] No such file or directory: 'employee_attrition_model.pkl'
2026-03-04 16:58:09,189 | INFO | Predicting employee index 1354...
2026-03-04 16:58:09,191 | ERROR | Error processing employee 1354: [Errno 2] No such file or directory: 'employee_attrition_model.pkl'
2026-03-04 16:58:09,191 | INFO | Predicting employee index 1355...
2026-03-04 16:58:09,191 | ERROR | Error processing employee 1355: [Errno 2] No such file or directory: 'employee_attrition_model.pkl'
2026-03-04 16:58:09,191 | INFO | Predicting employee index 1356...
2026-03-04 16:58:09,191 | ERROR | Error processing employee 1356: [Errno 2] No such file or directory: 'employee_attrition_model.pkl'
2026-03-04 16:58:09,191 | INFO | Predicting employee index 1357...
2026-03-04 16:58:09,191 | ERROR | Error processing employee 1357: [Errno 2] No such file or directory: 'employee_attrition_model.pkl'
2026-03-04 16:58:09,191 | INFO | Predicting employee index 1358...
2026-03-04 16:58:09,191 | ERROR | Error processing employee 1358: [Errno 2] No such file or directory: 'employee_attrition_model.pkl'
2026-03-04 16:58:09,192 | INFO | Predicting employee index 1359...
2026-03-04 16:58:09,192 | ERROR | Error processing employee 1359: [Errno 2] No such file or directory: 'employee_attrition_model.pkl'
2026-03-04 16:58:09,192 | INFO | Predicting employee index 1360...
2026-03-04 16:58:09,192 | ERROR | Error processing employee 1360: [Errno 2] No such file or directory: 'employee_attrition_model.pkl'
2026-03-04 16:58:09,192 | INFO | Predicting employee index 1361...
2026-03-04 16:58:09,192 | ERROR | Error processing employee 1361: [Errno 2] No such file or directory: 'employee_attrition_model.pkl'
2026-03-04 16:58:09,193 | INFO | Predicting employee index 1362...
2026-03-04 16:58:09,193 | ERROR | Error processing employee 1362: [Errno 2] No such file or directory: 'employee_attrition_model.pkl'
2026-03-04 16:58:09,193 | INFO | Predicting employee index 1363...
2026-03-04 16:58:09,193 | ERROR | Error processing employee 1363: [Errno 2] No such file or directory: 'employee_attrition_model.pkl'
2026-03-04 16:58:09,193 | INFO | Predicting employee index 1364...
2026-03-04 16:58:09,193 | ERROR | Error processing employee 1364: [Errno 2] No such file or directory: 'employee_attrition_model.pkl'
2026-03-04 16:58:09,194 | INFO | Predicting employee index 1365...
2026-03-04 16:58:09,194 | ERROR | Error processing employee 1365: [Errno 2] No such file or directory: 'employee_attrition_model.pkl'
2026-03-04 16:58:09,194 | INFO | Predicting employee index 1366...
2026-03-04 16:58:09,194 | ERROR | Error processing employee 1366: [Errno 2] No such file or directory: 'employee_attrition_model.pkl'
2026-03-04 16:58:09,194 | INFO | Predicting employee index 1367...
2026-03-04 16:58:09,194 | ERROR | Error processing employee 1367: [Errno 2] No such file or directory: 'employee_attrition_model.pkl'
2026-03-04 16:58:09,195 | INFO | Predicting employee index 1368...
2026-03-04 16:58:09,195 | ERROR | Error processing employee 1368: [Errno 2] No such file or directory: 'employee_attrition_model.pkl'
2026-03-04 16:58:09,195 | INFO | Predicting employee index 1369...
2026-03-04 16:58:09,195 | ERROR | Error processing employee 1369: [Errno 2] No such file or directory: 'employee_attrition_model.pkl'
2026-03-04 16:58:09,195 | INFO | Predicting employee index 1370...
2026-03-04 16:58:09,195 | ERROR | Error processing employee 1370: [Errno 2] No such file or directory: 'employee_attrition_model.pkl'
2026-03-04 16:58:09,196 | INFO | Predicting employee index 1371...
2026-03-04 16:58:09,196 | ERROR | Error processing employee 1371: [Errno 2] No such file or directory: 'employee_attrition_model.pkl'
2026-03-04 16:58:09,196 | INFO | Predicting employee index 1372...
2026-03-04 16:58:09,196 | ERROR | Error processing employee 1372: [Errno 2] No such file or directory: 'employee_attrition_model.pkl'
2026-03-04 16:58:09,205 | INFO | Predicting employee index 1373...
2026-03-04 16:58:09,205 | ERROR | Error processing employee 1373: [Errno 2] No such file or directory: 'employee_attrition_model.pkl'
2026-03-04 16:58:09,206 | INFO | Predicting employee index 1374...
2026-03-04 16:58:09,206 | ERROR | Error processing employee 1374: [Errno 2] No such file or directory: 'employee_attrition_model.pkl'
2026-03-04 16:58:09,206 | INFO | Predicting employee index 1375...
2026-03-04 16:58:09,206 | ERROR | Error processing employee 1375: [Errno 2] No such file or directory: 'employee_attrition_model.pkl'
2026-03-04 16:58:09,206 | INFO | Predicting employee index 1376...
2026-03-04 16:58:09,206 | ERROR | Error processing employee 1376: [Errno 2] No such file or directory: 'employee_attrition_model.pkl'
2026-03-04 16:58:09,207 | INFO | Predicting employee index 1377...
2026-03-04 16:58:09,207 | ERROR | Error processing employee 1377: [Errno 2] No such file or directory: 'employee_attrition_model.pkl'
2026-03-04 16:58:09,207 | INFO | Predicting employee index 1378...
2026-03-04 16:58:09,207 | ERROR | Error processing employee 1378: [Errno 2] No such file or directory: 'employee_attrition_model.pkl'
2026-03-04 16:58:09,207 | INFO | Predicting employee index 1379...
2026-03-04 16:58:09,207 | ERROR | Error processing employee 1379: [Errno 2] No such file or directory: 'employee_attrition_model.pkl'
2026-03-04 16:58:09,208 | INFO | Predicting employee index 1380...
2026-03-04 16:58:09,208 | ERROR | Error processing employee 1380: [Errno 2] No such file or directory: 'employee_attrition_model.pkl'
2026-03-04 16:58:09,208 | INFO | Predicting employee index 1381...
2026-03-04 16:58:09,208 | ERROR | Error processing employee 1381: [Errno 2] No such file or directory: 'employee_attrition_model.pkl'
2026-03-04 16:58:09,208 | INFO | Predicting employee index 1382...
2026-03-04 16:58:09,208 | ERROR | Error processing employee 1382: [Errno 2] No such file or directory: 'employee_attrition_model.pkl'
2026-03-04 16:58:09,209 | INFO | Predicting employee index 1383...
2026-03-04 16:58:09,209 | ERROR | Error processing employee 1383: [Errno 2] No such file or directory: 'employee_attrition_model.pkl'
2026-03-04 16:58:09,209 | INFO | Predicting employee index 1384...
2026-03-04 16:58:09,209 | ERROR | Error processing employee 1384: [Errno 2] No such file or directory: 'employee_attrition_model.pkl'
2026-03-04 16:58:09,209 | INFO | Predicting employee index 1385...
2026-03-04 16:58:09,209 | ERROR | Error processing employee 1385: [Errno 2] No such file or directory: 'employee_attrition_model.pkl'
2026-03-04 16:58:09,210 | INFO | Predicting employee index 1386...
2026-03-04 16:58:09,210 | ERROR | Error processing employee 1386: [Errno 2] No such file or directory: 'employee_attrition_model.pkl'
2026-03-04 16:58:09,210 | INFO | Predicting employee index 1387...
2026-03-04 16:58:09,210 | ERROR | Error processing employee 1387: [Errno 2] No such file or directory: 'employee_attrition_model.pkl'
2026-03-04 16:58:09,210 | INFO | Predicting employee index 1388...
2026-03-04 16:58:09,210 | ERROR | Error processing employee 1388: [Errno 2] No such file or directory: 'employee_attrition_model.pkl'
2026-03-04 16:58:09,210 | INFO | Predicting employee index 1389...
2026-03-04 16:58:09,211 | ERROR | Error processing employee 1389: [Errno 2] No such file or directory: 'employee_attrition_model.pkl'
2026-03-04 16:58:09,211 | INFO | Predicting employee index 1390...
2026-03-04 16:58:09,211 | ERROR | Error processing employee 1390: [Errno 2] No such file or directory: 'employee_attrition_model.pkl'
2026-03-04 16:58:09,211 | INFO | Predicting employee index 1391...
2026-03-04 16:58:09,212 | ERROR | Error processing employee 1391: [Errno 2] No such file or directory: 'employee_attrition_model.pkl'
2026-03-04 16:58:09,212 | INFO | Predicting employee index 1392...
2026-03-04 16:58:09,212 | ERROR | Error processing employee 1392: [Errno 2] No such file or directory: 'employee_attrition_model.pkl'
2026-03-04 16:58:09,212 | INFO | Predicting employee index 1393...
2026-03-04 16:58:09,221 | ERROR | Error processing employee 1393: [Errno 2] No such file or directory: 'employee_attrition_model.pkl'
2026-03-04 16:58:09,222 | INFO | Predicting employee index 1394...
2026-03-04 16:58:09,222 | ERROR | Error processing employee 1394: [Errno 2] No such file or directory: 'employee_attrition_model.pkl'
2026-03-04 16:58:09,222 | INFO | Predicting employee index 1395...
2026-03-04 16:58:09,222 | ERROR | Error processing employee 1395: [Errno 2] No such file or directory: 'employee_attrition_model.pkl'
2026-03-04 16:58:09,222 | INFO | Predicting employee index 1396...
2026-03-04 16:58:09,222 | ERROR | Error processing employee 1396: [Errno 2] No such file or directory: 'employee_attrition_model.pkl'
2026-03-04 16:58:09,223 | INFO | Predicting employee index 1397...
2026-03-04 16:58:09,223 | ERROR | Error processing employee 1397: [Errno 2] No such file or directory: 'employee_attrition_model.pkl'
2026-03-04 16:58:09,223 | INFO | Predicting employee index 1398...
2026-03-04 16:58:09,223 | ERROR | Error processing employee 1398: [Errno 2] No such file or directory: 'employee_attrition_model.pkl'
2026-03-04 16:58:09,223 | INFO | Predicting employee index 1399...
2026-03-04 16:58:09,223 | ERROR | Error processing employee 1399: [Errno 2] No such file or directory: 'employee_attrition_model.pkl'
2026-03-04 16:58:09,224 | INFO | Predicting employee index 1400...
2026-03-04 16:58:09,224 | ERROR | Error processing employee 1400: [Errno 2] No such file or directory: 'employee_attrition_model.pkl'
2026-03-04 16:58:09,224 | INFO | Predicting employee index 1401...
2026-03-04 16:58:09,224 | ERROR | Error processing employee 1401: [Errno 2] No such file or directory: 'employee_attrition_model.pkl'
2026-03-04 16:58:09,224 | INFO | Predicting employee index 1402...
2026-03-04 16:58:09,224 | ERROR | Error processing employee 1402: [Errno 2] No such file or directory: 'employee_attrition_model.pkl'
2026-03-04 16:58:09,225 | INFO | Predicting employee index 1403...
2026-03-04 16:58:09,225 | ERROR | Error processing employee 1403: [Errno 2] No such file or directory: 'employee_attrition_model.pkl'
2026-03-04 16:58:09,225 | INFO | Predicting employee index 1404...
2026-03-04 16:58:09,225 | ERROR | Error processing employee 1404: [Errno 2] No such file or directory: 'employee_attrition_model.pkl'
2026-03-04 16:58:09,225 | INFO | Predicting employee index 1405...
2026-03-04 16:58:09,225 | ERROR | Error processing employee 1405: [Errno 2] No such file or directory: 'employee_attrition_model.pkl'
2026-03-04 16:58:09,226 | INFO | Predicting employee index 1406...
2026-03-04 16:58:09,226 | ERROR | Error processing employee 1406: [Errno 2] No such file or directory: 'employee_attrition_model.pkl'
2026-03-04 16:58:09,226 | INFO | Predicting employee index 1407...
2026-03-04 16:58:09,226 | ERROR | Error processing employee 1407: [Errno 2] No such file or directory: 'employee_attrition_model.pkl'
2026-03-04 16:58:09,226 | INFO | Predicting employee index 1408...
2026-03-04 16:58:09,226 | ERROR | Error processing employee 1408: [Errno 2] No such file or directory: 'employee_attrition_model.pkl'
2026-03-04 16:58:09,227 | INFO | Predicting employee index 1409...
2026-03-04 16:58:09,227 | ERROR | Error processing employee 1409: [Errno 2] No such file or directory: 'employee_attrition_model.pkl'
2026-03-04 16:58:09,227 | INFO | Predicting employee index 1410...
2026-03-04 16:58:09,227 | ERROR | Error processing employee 1410: [Errno 2] No such file or directory: 'employee_attrition_model.pkl'
2026-03-04 16:58:09,227 | INFO | Predicting employee index 1411...
2026-03-04 16:58:09,227 | ERROR | Error processing employee 1411: [Errno 2] No such file or directory: 'employee_attrition_model.pkl'
2026-03-04 16:58:09,228 | INFO | Predicting employee index 1412...
2026-03-04 16:58:09,228 | ERROR | Error processing employee 1412: [Errno 2] No such file or directory: 'employee_attrition_model.pkl'
2026-03-04 16:58:09,228 | INFO | Predicting employee index 1413...
2026-03-04 16:58:09,228 | ERROR | Error processing employee 1413: [Errno 2] No such file or directory: 'employee_attrition_model.pkl'
2026-03-04 16:58:09,237 | INFO | Predicting employee index 1414...
2026-03-04 16:58:09,237 | ERROR | Error processing employee 1414: [Errno 2] No such file or directory: 'employee_attrition_model.pkl'
2026-03-04 16:58:09,238 | INFO | Predicting employee index 1415...
2026-03-04 16:58:09,238 | ERROR | Error processing employee 1415: [Errno 2] No such file or directory: 'employee_attrition_model.pkl'
2026-03-04 16:58:09,238 | INFO | Predicting employee index 1416...
2026-03-04 16:58:09,238 | ERROR | Error processing employee 1416: [Errno 2] No such file or directory: 'employee_attrition_model.pkl'
2026-03-04 16:58:09,238 | INFO | Predicting employee index 1417...
2026-03-04 16:58:09,238 | ERROR | Error processing employee 1417: [Errno 2] No such file or directory: 'employee_attrition_model.pkl'
2026-03-04 16:58:09,239 | INFO | Predicting employee index 1418...
2026-03-04 16:58:09,239 | ERROR | Error processing employee 1418: [Errno 2] No such file or directory: 'employee_attrition_model.pkl'
2026-03-04 16:58:09,239 | INFO | Predicting employee index 1419...
2026-03-04 16:58:09,239 | ERROR | Error processing employee 1419: [Errno 2] No such file or directory: 'employee_attrition_model.pkl'
2026-03-04 16:58:09,239 | INFO | Predicting employee index 1420...
2026-03-04 16:58:09,239 | ERROR | Error processing employee 1420: [Errno 2] No such file or directory: 'employee_attrition_model.pkl'
2026-03-04 16:58:09,240 | INFO | Predicting employee index 1421...
2026-03-04 16:58:09,240 | ERROR | Error processing employee 1421: [Errno 2] No such file or directory: 'employee_attrition_model.pkl'
2026-03-04 16:58:09,240 | INFO | Predicting employee index 1422...
2026-03-04 16:58:09,240 | ERROR | Error processing employee 1422: [Errno 2] No such file or directory: 'employee_attrition_model.pkl'
2026-03-04 16:58:09,240 | INFO | Predicting employee index 1423...
2026-03-04 16:58:09,241 | ERROR | Error processing employee 1423: [Errno 2] No such file or directory: 'employee_attrition_model.pkl'
2026-03-04 16:58:09,241 | INFO | Predicting employee index 1424...
2026-03-04 16:58:09,241 | ERROR | Error processing employee 1424: [Errno 2] No such file or directory: 'employee_attrition_model.pkl'
2026-03-04 16:58:09,241 | INFO | Predicting employee index 1425...
2026-03-04 16:58:09,241 | ERROR | Error processing employee 1425: [Errno 2] No such file or directory: 'employee_attrition_model.pkl'
2026-03-04 16:58:09,241 | INFO | Predicting employee index 1426...
2026-03-04 16:58:09,242 | ERROR | Error processing employee 1426: [Errno 2] No such file or directory: 'employee_attrition_model.pkl'
2026-03-04 16:58:09,242 | INFO | Predicting employee index 1427...
2026-03-04 16:58:09,242 | ERROR | Error processing employee 1427: [Errno 2] No such file or directory: 'employee_attrition_model.pkl'
2026-03-04 16:58:09,242 | INFO | Predicting employee index 1428...
2026-03-04 16:58:09,242 | ERROR | Error processing employee 1428: [Errno 2] No such file or directory: 'employee_attrition_model.pkl'
2026-03-04 16:58:09,242 | INFO | Predicting employee index 1429...
2026-03-04 16:58:09,243 | ERROR | Error processing employee 1429: [Errno 2] No such file or directory: 'employee_attrition_model.pkl'
2026-03-04 16:58:09,243 | INFO | Predicting employee index 1430...
2026-03-04 16:58:09,243 | ERROR | Error processing employee 1430: [Errno 2] No such file or directory: 'employee_attrition_model.pkl'
2026-03-04 16:58:09,243 | INFO | Predicting employee index 1431...
2026-03-04 16:58:09,243 | ERROR | Error processing employee 1431: [Errno 2] No such file or directory: 'employee_attrition_model.pkl'
2026-03-04 16:58:09,243 | INFO | Predicting employee index 1432...
2026-03-04 16:58:09,243 | ERROR | Error processing employee 1432: [Errno 2] No such file or directory: 'employee_attrition_model.pkl'
2026-03-04 16:58:09,244 | INFO | Predicting employee index 1433...
2026-03-04 16:58:09,244 | ERROR | Error processing employee 1433: [Errno 2] No such file or directory: 'employee_attrition_model.pkl'
2026-03-04 16:58:09,244 | INFO | Predicting employee index 1434...
2026-03-04 16:58:09,252 | ERROR | Error processing employee 1434: [Errno 2] No such file or directory: 'employee_attrition_model.pkl'
2026-03-04 16:58:09,252 | INFO | Predicting employee index 1435...
2026-03-04 16:58:09,253 | ERROR | Error processing employee 1435: [Errno 2] No such file or directory: 'employee_attrition_model.pkl'
2026-03-04 16:58:09,253 | INFO | Predicting employee index 1436...
2026-03-04 16:58:09,253 | ERROR | Error processing employee 1436: [Errno 2] No such file or directory: 'employee_attrition_model.pkl'
2026-03-04 16:58:09,253 | INFO | Predicting employee index 1437...
2026-03-04 16:58:09,253 | ERROR | Error processing employee 1437: [Errno 2] No such file or directory: 'employee_attrition_model.pkl'
2026-03-04 16:58:09,254 | INFO | Predicting employee index 1438...
2026-03-04 16:58:09,254 | ERROR | Error processing employee 1438: [Errno 2] No such file or directory: 'employee_attrition_model.pkl'
2026-03-04 16:58:09,254 | INFO | Predicting employee index 1439...
2026-03-04 16:58:09,254 | ERROR | Error processing employee 1439: [Errno 2] No such file or directory: 'employee_attrition_model.pkl'
2026-03-04 16:58:09,254 | INFO | Predicting employee index 1440...
2026-03-04 16:58:09,254 | ERROR | Error processing employee 1440: [Errno 2] No such file or directory: 'employee_attrition_model.pkl'
2026-03-04 16:58:09,255 | INFO | Predicting employee index 1441...
2026-03-04 16:58:09,255 | ERROR | Error processing employee 1441: [Errno 2] No such file or directory: 'employee_attrition_model.pkl'
2026-03-04 16:58:09,255 | INFO | Predicting employee index 1442...
2026-03-04 16:58:09,256 | ERROR | Error processing employee 1442: [Errno 2] No such file or directory: 'employee_attrition_model.pkl'
2026-03-04 16:58:09,256 | INFO | Predicting employee index 1443...
2026-03-04 16:58:09,256 | ERROR | Error processing employee 1443: [Errno 2] No such file or directory: 'employee_attrition_model.pkl'
2026-03-04 16:58:09,256 | INFO | Predicting employee index 1444...
2026-03-04 16:58:09,256 | ERROR | Error processing employee 1444: [Errno 2] No such file or directory: 'employee_attrition_model.pkl'
2026-03-04 16:58:09,257 | INFO | Predicting employee index 1445...
2026-03-04 16:58:09,257 | ERROR | Error processing employee 1445: [Errno 2] No such file or directory: 'employee_attrition_model.pkl'
2026-03-04 16:58:09,257 | INFO | Predicting employee index 1446...
2026-03-04 16:58:09,257 | ERROR | Error processing employee 1446: [Errno 2] No such file or directory: 'employee_attrition_model.pkl'
2026-03-04 16:58:09,257 | INFO | Predicting employee index 1447...
2026-03-04 16:58:09,257 | ERROR | Error processing employee 1447: [Errno 2] No such file or directory: 'employee_attrition_model.pkl'
2026-03-04 16:58:09,258 | INFO | Predicting employee index 1448...
2026-03-04 16:58:09,258 | ERROR | Error processing employee 1448: [Errno 2] No such file or directory: 'employee_attrition_model.pkl'
2026-03-04 16:58:09,258 | INFO | Predicting employee index 1449...
2026-03-04 16:58:09,258 | ERROR | Error processing employee 1449: [Errno 2] No such file or directory: 'employee_attrition_model.pkl'
2026-03-04 16:58:09,258 | INFO | Predicting employee index 1450...
2026-03-04 16:58:09,258 | ERROR | Error processing employee 1450: [Errno 2] No such file or directory: 'employee_attrition_model.pkl'
2026-03-04 16:58:09,258 | INFO | Predicting employee index 1451...
2026-03-04 16:58:09,258 | ERROR | Error processing employee 1451: [Errno 2] No such file or directory: 'employee_attrition_model.pkl'
2026-03-04 16:58:09,259 | INFO | Predicting employee index 1452...
2026-03-04 16:58:09,259 | ERROR | Error processing employee 1452: [Errno 2] No such file or directory: 'employee_attrition_model.pkl'
2026-03-04 16:58:09,259 | INFO | Predicting employee index 1453...
2026-03-04 16:58:09,259 | ERROR | Error processing employee 1453: [Errno 2] No such file or directory: 'employee_attrition_model.pkl'
2026-03-04 16:58:09,259 | INFO | Predicting employee index 1454...
2026-03-04 16:58:09,259 | ERROR | Error processing employee 1454: [Errno 2] No such file or directory: 'employee_attrition_model.pkl'
2026-03-04 16:58:09,267 | INFO | Predicting employee index 1455...
2026-03-04 16:58:09,268 | ERROR | Error processing employee 1455: [Errno 2] No such file or directory: 'employee_attrition_model.pkl'
2026-03-04 16:58:09,268 | INFO | Predicting employee index 1456...
2026-03-04 16:58:09,268 | ERROR | Error processing employee 1456: [Errno 2] No such file or directory: 'employee_attrition_model.pkl'
2026-03-04 16:58:09,268 | INFO | Predicting employee index 1457...
2026-03-04 16:58:09,269 | ERROR | Error processing employee 1457: [Errno 2] No such file or directory: 'employee_attrition_model.pkl'
2026-03-04 16:58:09,269 | INFO | Predicting employee index 1458...
2026-03-04 16:58:09,269 | ERROR | Error processing employee 1458: [Errno 2] No such file or directory: 'employee_attrition_model.pkl'
2026-03-04 16:58:09,269 | INFO | Predicting employee index 1459...
2026-03-04 16:58:09,269 | ERROR | Error processing employee 1459: [Errno 2] No such file or directory: 'employee_attrition_model.pkl'
2026-03-04 16:58:09,269 | INFO | Predicting employee index 1460...
2026-03-04 16:58:09,269 | ERROR | Error processing employee 1460: [Errno 2] No such file or directory: 'employee_attrition_model.pkl'
2026-03-04 16:58:09,270 | INFO | Predicting employee index 1461...
2026-03-04 16:58:09,270 | ERROR | Error processing employee 1461: [Errno 2] No such file or directory: 'employee_attrition_model.pkl'
2026-03-04 16:58:09,271 | INFO | Predicting employee index 1462...
2026-03-04 16:58:09,271 | ERROR | Error processing employee 1462: [Errno 2] No such file or directory: 'employee_attrition_model.pkl'
2026-03-04 16:58:09,271 | INFO | Predicting employee index 1463...
2026-03-04 16:58:09,271 | ERROR | Error processing employee 1463: [Errno 2] No such file or directory: 'employee_attrition_model.pkl'
2026-03-04 16:58:09,271 | INFO | Predicting employee index 1464...
2026-03-04 16:58:09,272 | ERROR | Error processing employee 1464: [Errno 2] No such file or directory: 'employee_attrition_model.pkl'
2026-03-04 16:58:09,272 | INFO | Predicting employee index 1465...
2026-03-04 16:58:09,272 | ERROR | Error processing employee 1465: [Errno 2] No such file or directory: 'employee_attrition_model.pkl'
2026-03-04 16:58:09,272 | INFO | Predicting employee index 1466...
2026-03-04 16:58:09,272 | ERROR | Error processing employee 1466: [Errno 2] No such file or directory: 'employee_attrition_model.pkl'
2026-03-04 16:58:09,273 | INFO | Predicting employee index 1467...
2026-03-04 16:58:09,273 | ERROR | Error processing employee 1467: [Errno 2] No such file or directory: 'employee_attrition_model.pkl'
2026-03-04 16:58:09,273 | INFO | Predicting employee index 1468...
2026-03-04 16:58:09,273 | ERROR | Error processing employee 1468: [Errno 2] No such file or directory: 'employee_attrition_model.pkl'
2026-03-04 16:58:09,273 | INFO | Predicting employee index 1469...
2026-03-04 16:58:09,273 | ERROR | Error processing employee 1469: [Errno 2] No such file or directory: 'employee_attrition_model.pkl'
2026-03-04 16:58:09,273 | INFO | Predicting employee index 1470...
2026-03-04 16:58:09,274 | ERROR | Error processing employee 1470: [Errno 2] No such file or directory: 'employee_attrition_model.pkl'
2026-03-04 16:58:09,274 | INFO | Predicting employee index 1471...
2026-03-04 16:58:09,274 | ERROR | Error processing employee 1471: [Errno 2] No such file or directory: 'employee_attrition_model.pkl'
2026-03-04 16:58:09,274 | INFO | Predicting employee index 1472...
2026-03-04 16:58:09,274 | ERROR | Error processing employee 1472: [Errno 2] No such file or directory: 'employee_attrition_model.pkl'
2026-03-04 16:58:09,274 | INFO | Predicting employee index 1473...
2026-03-04 16:58:09,275 | ERROR | Error processing employee 1473: [Errno 2] No such file or directory: 'employee_attrition_model.pkl'
2026-03-04 16:58:09,275 | INFO | Predicting employee index 1474...
2026-03-04 16:58:09,275 | ERROR | Error processing employee 1474: [Errno 2] No such file or directory: 'employee_attrition_model.pkl'
2026-03-04 16:58:09,275 | INFO | Predicting employee index 1475...
2026-03-04 16:58:09,284 | ERROR | Error processing employee 1475: [Errno 2] No such file or directory: 'employee_attrition_model.pkl'
2026-03-04 16:58:09,284 | INFO | Predicting employee index 1476...
2026-03-04 16:58:09,284 | ERROR | Error processing employee 1476: [Errno 2] No such file or directory: 'employee_attrition_model.pkl'
2026-03-04 16:58:09,284 | INFO | Predicting employee index 1477...
2026-03-04 16:58:09,285 | ERROR | Error processing employee 1477: [Errno 2] No such file or directory: 'employee_attrition_model.pkl'
2026-03-04 16:58:09,285 | INFO | Predicting employee index 1478...
2026-03-04 16:58:09,285 | ERROR | Error processing employee 1478: [Errno 2] No such file or directory: 'employee_attrition_model.pkl'
2026-03-04 16:58:09,285 | INFO | Predicting employee index 1479...
2026-03-04 16:58:09,285 | ERROR | Error processing employee 1479: [Errno 2] No such file or directory: 'employee_attrition_model.pkl'
2026-03-04 16:58:09,285 | INFO | Predicting employee index 1480...
2026-03-04 16:58:09,285 | ERROR | Error processing employee 1480: [Errno 2] No such file or directory: 'employee_attrition_model.pkl'
2026-03-04 16:58:09,286 | INFO | Predicting employee index 1481...
2026-03-04 16:58:09,286 | ERROR | Error processing employee 1481: [Errno 2] No such file or directory: 'employee_attrition_model.pkl'
2026-03-04 16:58:09,286 | INFO | Predicting employee index 1482...
2026-03-04 16:58:09,286 | ERROR | Error processing employee 1482: [Errno 2] No such file or directory: 'employee_attrition_model.pkl'
2026-03-04 16:58:09,286 | INFO | Predicting employee index 1483...
2026-03-04 16:58:09,286 | ERROR | Error processing employee 1483: [Errno 2] No such file or directory: 'employee_attrition_model.pkl'
2026-03-04 16:58:09,287 | INFO | Predicting employee index 1484...
2026-03-04 16:58:09,287 | ERROR | Error processing employee 1484: [Errno 2] No such file or directory: 'employee_attrition_model.pkl'
2026-03-04 16:58:09,287 | INFO | Predicting employee index 1485...
2026-03-04 16:58:09,287 | ERROR | Error processing employee 1485: [Errno 2] No such file or directory: 'employee_attrition_model.pkl'
2026-03-04 16:58:09,287 | INFO | Predicting employee index 1486...
2026-03-04 16:58:09,288 | ERROR | Error processing employee 1486: [Errno 2] No such file or directory: 'employee_attrition_model.pkl'
2026-03-04 16:58:09,288 | INFO | Predicting employee index 1487...
2026-03-04 16:58:09,288 | ERROR | Error processing employee 1487: [Errno 2] No such file or directory: 'employee_attrition_model.pkl'
2026-03-04 16:58:09,288 | INFO | Predicting employee index 1488...
2026-03-04 16:58:09,289 | ERROR | Error processing employee 1488: [Errno 2] No such file or directory: 'employee_attrition_model.pkl'
2026-03-04 16:58:09,289 | INFO | Predicting employee index 1489...
2026-03-04 16:58:09,289 | ERROR | Error processing employee 1489: [Errno 2] No such file or directory: 'employee_attrition_model.pkl'
2026-03-04 16:58:09,326 | ERROR | Batch prediction error: Column 'Risk_Score' has dtype object, cannot use method 'nlargest' with this dtype
2026-03-04 16:58:09,331 | ERROR | Traceback (most recent call last):
  File "C:\Users\pavat\Desktop\HRReactWeb_AppV26\HRReactWeb_AppV26\Employee_Retention\API.py", line 162, in predict_batch
    high_risk_df = df[df['Risk_Label'] == 'High Risk'].nlargest(5, 'Risk_Score') if 'Risk_Label' in df.columns else pd.DataFrame()
  File "C:\Users\pavat\Desktop\MyFinal\Lib\Python38\lib\site-packages\pandas\core\frame.py", line 7327, in nlargest
    return algorithms.SelectNFrame(self, n=n, keep=keep, columns=columns).nlargest()
  File "C:\Users\pavat\Desktop\MyFinal\Lib\Python38\lib\site-packages\pandas\core\algorithms.py", line 1273, in nlargest
    return self.compute("nlargest")
  File "C:\Users\pavat\Desktop\MyFinal\Lib\Python38\lib\site-packages\pandas\core\algorithms.py", line 1404, in compute
    raise TypeError(
TypeError: Column 'Risk_Score' has dtype object, cannot use method 'nlargest' with this dtype

2026-03-04 16:58:09,333 | INFO | 127.0.0.1 - - [04/Mar/2026 16:58:09] "[35m[1mPOST /api/predict/batch HTTP/1.1[0m" 500 -
2026-03-04 17:55:24,475 | INFO |  * Detected change in 'C:\\Users\\pavat\\Desktop\\HRReactWeb_AppV26\\HRReactWeb_AppV26\\Performance_Productivity\\model_utils.py', reloading
2026-03-04 17:55:24,476 | INFO |  * Detected change in 'C:\\Users\\pavat\\Desktop\\HRReactWeb_AppV26\\HRReactWeb_AppV26\\Performance_Productivity\\model_utils.py', reloading
2026-03-04 17:55:24,477 | INFO |  * Detected change in 'C:\\Users\\pavat\\Desktop\\HRReactWeb_AppV26\\HRReactWeb_AppV26\\Performance_Productivity\\model_utils.py', reloading
2026-03-04 17:55:24,478 | INFO |  * Detected change in 'C:\\Users\\pavat\\Desktop\\HRReactWeb_AppV26\\HRReactWeb_AppV26\\Performance_Productivity\\model_utils.py', reloading
2026-03-04 17:55:25,595 | INFO |  * Restarting with watchdog (windowsapi)
2026-03-04 17:55:27,877 | INFO | Starting Employee Attrition Prediction API...
2026-03-04 17:55:27,877 | INFO | Model path: employee_attrition_model.pkl
2026-03-04 17:55:27,892 | WARNING |  * Debugger is active!
2026-03-04 17:55:27,897 | INFO |  * Debugger PIN: 796-502-977
2026-03-04 17:56:55,930 | INFO |  * Detected change in 'C:\\Users\\pavat\\Desktop\\HRReactWeb_AppV26\\HRReactWeb_AppV26\\Performance_Productivity\\Api.py', reloading
2026-03-04 17:56:55,931 | INFO |  * Detected change in 'C:\\Users\\pavat\\Desktop\\HRReactWeb_AppV26\\HRReactWeb_AppV26\\Performance_Productivity\\Api.py', reloading
2026-03-04 17:56:55,931 | INFO |  * Detected change in 'C:\\Users\\pavat\\Desktop\\HRReactWeb_AppV26\\HRReactWeb_AppV26\\Performance_Productivity\\Api.py', reloading
2026-03-04 17:56:56,056 | INFO |  * Restarting with watchdog (windowsapi)
2026-03-04 17:56:58,405 | INFO | Starting Employee Attrition Prediction API...
2026-03-04 17:56:58,405 | INFO | Model path: employee_attrition_model.pkl
2026-03-04 17:56:58,421 | WARNING |  * Debugger is active!
2026-03-04 17:56:58,428 | INFO |  * Debugger PIN: 796-502-977
2026-03-04 17:56:58,775 | INFO |  * Detected change in 'C:\\Users\\pavat\\Desktop\\MyFinal\\Lib\\Python38\\Lib\\site-packages\\torch\\cuda\\__init__.py', reloading
2026-03-04 17:56:58,776 | INFO |  * Detected change in 'C:\\Users\\pavat\\Desktop\\MyFinal\\Lib\\Python38\\Lib\\site-packages\\torch\\__init__.py', reloading
2026-03-04 17:56:58,776 | INFO |  * Detected change in 'C:\\Users\\pavat\\Desktop\\HRReactWeb_AppV26\\HRReactWeb_AppV26\\Dynamic_Interview\\InterviewDataProcessor.py', reloading
2026-03-04 17:56:58,777 | INFO |  * Detected change in 'C:\\Users\\pavat\\Desktop\\MyFinal\\Lib\\Python38\\Lib\\site-packages\\sentence_transformers\\datasets\\DenoisingAutoEncoderDataset.py', reloading
2026-03-04 17:56:58,777 | INFO |  * Detected change in 'C:\\Users\\pavat\\Desktop\\MyFinal\\Lib\\Python38\\Lib\\site-packages\\sentence_transformers\\datasets\\__init__.py', reloading
2026-03-04 17:56:58,778 | INFO |  * Detected change in 'C:\\Users\\pavat\\Desktop\\MyFinal\\Lib\\Python38\\Lib\\site-packages\\sentence_transformers\\__init__.py', reloading
2026-03-04 17:56:58,866 | INFO |  * Detected change in 'C:\\Users\\pavat\\Desktop\\MyFinal\\Lib\\Python38\\Lib\\site-packages\\torch\\nn\\functional.py', reloading
2026-03-04 17:56:58,896 | INFO |  * Detected change in 'C:\\Users\\pavat\\Desktop\\MyFinal\\Lib\\Python38\\Lib\\site-packages\\torch\\nn\\modules\\rnn.py', reloading
2026-03-04 17:56:58,938 | INFO |  * Detected change in 'C:\\Users\\pavat\\Desktop\\MyFinal\\Lib\\Python38\\Lib\\site-packages\\torch\\functional.py', reloading
2026-03-04 17:56:59,273 | INFO |  * Detected change in 'C:\\Users\\pavat\\Desktop\\MyFinal\\Lib\\Python38\\Lib\\site-packages\\torch\\library.py', reloading
2026-03-04 17:56:59,273 | INFO |  * Detected change in 'C:\\Users\\pavat\\Desktop\\MyFinal\\Lib\\Python38\\Lib\\site-packages\\torch\\_prims\\nvfuser_prims.py', reloading
2026-03-04 17:56:59,594 | INFO |  * Restarting with watchdog (windowsapi)
2026-03-04 17:57:01,133 | INFO | Starting Employee Attrition Prediction API...
2026-03-04 17:57:01,134 | INFO | Model path: employee_attrition_model.pkl
2026-03-04 17:57:01,139 | WARNING |  * Debugger is active!
2026-03-04 17:57:01,141 | INFO |  * Debugger PIN: 796-502-977
2026-03-04 17:58:17,560 | INFO | Starting Employee Attrition Prediction API...
2026-03-04 17:58:17,560 | INFO | Model path: employee_attrition_model.pkl
2026-03-04 17:58:17,593 | INFO | [31m[1mWARNING: This is a development server. Do not use it in a production deployment. Use a production WSGI server instead.[0m
 * Running on all addresses (0.0.0.0)
 * Running on http://127.0.0.1:5003
 * Running on http://192.168.1.12:5003
2026-03-04 17:58:17,593 | INFO | [33mPress CTRL+C to quit[0m
2026-03-04 17:58:17,602 | INFO |  * Restarting with watchdog (windowsapi)
2026-03-04 17:58:19,759 | INFO | Starting Employee Attrition Prediction API...
2026-03-04 17:58:19,760 | INFO | Model path: employee_attrition_model.pkl
2026-03-04 17:58:19,768 | WARNING |  * Debugger is active!
2026-03-04 17:58:19,772 | INFO |  * Debugger PIN: 796-502-977
2026-03-04 17:58:20,383 | INFO |  * Detected change in 'C:\\Users\\pavat\\Desktop\\MyFinal\\Lib\\Python38\\Lib\\site-packages\\tensorflow\\python\\ops\\cudnn_rnn_grad.py', reloading
2026-03-04 17:58:20,390 | INFO |  * Detected change in 'C:\\Users\\pavat\\Desktop\\MyFinal\\Lib\\Python38\\Lib\\site-packages\\tensorflow\\python\\ops\\rnn_grad.py', reloading
2026-03-04 17:58:20,396 | INFO |  * Detected change in 'C:\\Users\\pavat\\Desktop\\MyFinal\\Lib\\Python38\\Lib\\site-packages\\tensorflow\\python\\ops\\sparse_grad.py', reloading
2026-03-04 17:58:20,402 | INFO |  * Detected change in 'C:\\Users\\pavat\\Desktop\\MyFinal\\Lib\\Python38\\Lib\\site-packages\\tensorflow\\python\\ops\\state_grad.py', reloading
2026-03-04 17:58:20,421 | INFO |  * Detected change in 'C:\\Users\\pavat\\Desktop\\MyFinal\\Lib\\Python38\\Lib\\site-packages\\tensorflow\\python\\ops\\proto_ops.py', reloading
2026-03-04 17:58:20,661 | INFO |  * Detected change in 'C:\\Users\\pavat\\Desktop\\MyFinal\\Lib\\Python38\\Lib\\site-packages\\tensorflow\\python\\ops\\cond_v2.py', reloading
2026-03-04 17:58:20,672 | INFO |  * Detected change in 'C:\\Users\\pavat\\Desktop\\MyFinal\\Lib\\Python38\\Lib\\site-packages\\tensorflow\\python\\ops\\while_v2.py', reloading
2026-03-04 17:58:20,728 | INFO |  * Detected change in 'C:\\Users\\pavat\\Desktop\\MyFinal\\Lib\\Python38\\Lib\\site-packages\\tensorflow\\python\\ops\\signal\\fft_ops.py', reloading
2026-03-04 17:58:20,773 | INFO |  * Detected change in 'C:\\Users\\pavat\\Desktop\\MyFinal\\Lib\\Python38\\Lib\\site-packages\\tensorflow\\python\\ops\\linalg\\sparse\\sparse_csr_matrix_grad.py', reloading
2026-03-04 17:58:20,787 | INFO |  * Detected change in 'C:\\Users\\pavat\\Desktop\\MyFinal\\Lib\\Python38\\Lib\\site-packages\\tensorflow\\python\\ops\\ragged\\ragged_conversion_ops.py', reloading
2026-03-04 17:58:20,923 | INFO |  * Restarting with watchdog (windowsapi)
2026-03-04 17:58:22,763 | INFO | Starting Employee Attrition Prediction API...
2026-03-04 17:58:22,764 | INFO | Model path: employee_attrition_model.pkl
2026-03-04 17:58:22,776 | WARNING |  * Debugger is active!
2026-03-04 17:58:22,782 | INFO |  * Debugger PIN: 796-502-977
2026-03-04 17:58:49,124 | INFO |  * Detected change in 'C:\\Users\\pavat\\Desktop\\MyFinal\\Lib\\Python38\\Lib\\site-packages\\keras\\engine\\training.py', reloading
2026-03-04 17:58:49,441 | INFO |  * Restarting with watchdog (windowsapi)
2026-03-04 17:58:51,474 | INFO | Starting Employee Attrition Prediction API...
2026-03-04 17:58:51,475 | INFO | Model path: employee_attrition_model.pkl
2026-03-04 17:58:51,484 | WARNING |  * Debugger is active!
2026-03-04 17:58:51,487 | INFO |  * Debugger PIN: 796-502-977
2026-03-04 17:58:56,381 | INFO |  * Detected change in 'C:\\Users\\pavat\\Desktop\\MyFinal\\Lib\\Python38\\Lib\\site-packages\\sklearn\\preprocessing\\_encoders.py', reloading
2026-03-04 17:58:56,653 | INFO |  * Restarting with watchdog (windowsapi)
2026-03-04 17:58:58,387 | INFO | Starting Employee Attrition Prediction API...
2026-03-04 17:58:58,387 | INFO | Model path: employee_attrition_model.pkl
2026-03-04 17:58:58,396 | WARNING |  * Debugger is active!
2026-03-04 17:58:58,401 | INFO |  * Debugger PIN: 796-502-977
2026-03-04 18:01:20,993 | INFO | 127.0.0.1 - - [04/Mar/2026 18:01:20] "GET /api/test HTTP/1.1" 200 -
2026-03-04 18:02:01,909 | INFO |  * Detected change in 'C:\\Users\\pavat\\Desktop\\HRReactWeb_AppV26\\HRReactWeb_AppV26\\Employee_Retention\\base_config.py', reloading
2026-03-04 18:02:02,316 | INFO |  * Detected change in 'C:\\Users\\pavat\\Desktop\\HRReactWeb_AppV26\\HRReactWeb_AppV26\\Employee_Retention\\predictionV2.py', reloading
2026-03-04 18:02:02,394 | INFO |  * Detected change in 'C:\\Users\\pavat\\Desktop\\MyFinal\\Lib\\Python38\\Lib\\site-packages\\django\\__init__.py', reloading
2026-03-04 18:02:02,435 | INFO |  * Detected change in 'C:\\Users\\pavat\\Desktop\\MyFinal\\Lib\\Python38\\Lib\\site-packages\\django\\apps\\__init__.py', reloading
2026-03-04 18:02:02,948 | INFO |  * Restarting with watchdog (windowsapi)
2026-03-04 18:02:04,964 | INFO | Starting Employee Attrition Prediction API...
2026-03-04 18:02:04,964 | INFO | Model path: employee_attrition_model.pkl
2026-03-04 18:02:04,970 | WARNING |  * Debugger is active!
2026-03-04 18:02:04,973 | INFO |  * Debugger PIN: 796-502-977
2026-03-04 18:02:14,949 | INFO |  * Detected change in 'C:\\Users\\pavat\\Desktop\\HRReactWeb_AppV26\\HRReactWeb_AppV26\\Employee_Retention\\base_config.py', reloading
2026-03-04 18:02:14,950 | INFO |  * Detected change in 'C:\\Users\\pavat\\Desktop\\HRReactWeb_AppV26\\HRReactWeb_AppV26\\Employee_Retention\\base_config.py', reloading
2026-03-04 18:02:14,950 | INFO |  * Detected change in 'C:\\Users\\pavat\\Desktop\\HRReactWeb_AppV26\\HRReactWeb_AppV26\\Employee_Retention\\base_config.py', reloading
2026-03-04 18:02:14,951 | INFO |  * Detected change in 'C:\\Users\\pavat\\Desktop\\HRReactWeb_AppV26\\HRReactWeb_AppV26\\Employee_Retention\\base_config.py', reloading
2026-03-04 18:02:15,232 | INFO |  * Restarting with watchdog (windowsapi)
2026-03-04 18:02:17,701 | INFO | Starting Employee Attrition Prediction API...
2026-03-04 18:02:17,701 | INFO | Model path: Employee_Retention/employee_attrition_model.pkl
2026-03-04 18:02:17,714 | WARNING |  * Debugger is active!
2026-03-04 18:02:17,718 | INFO |  * Debugger PIN: 796-502-977
2026-03-04 18:02:17,956 | INFO | 127.0.0.1 - - [04/Mar/2026 18:02:17] "GET /api/test HTTP/1.1" 200 -
2026-03-04 18:02:42,654 | INFO |  * Detected change in 'C:\\Users\\pavat\\Desktop\\MyFinal\\Lib\\Python38\\Lib\\site-packages\\sklearn\\base.py', reloading
2026-03-04 18:02:43,205 | INFO |  * Restarting with watchdog (windowsapi)
2026-03-04 18:02:45,533 | INFO | Starting Employee Attrition Prediction API...
2026-03-04 18:02:45,533 | INFO | Model path: Employee_Retention/employee_attrition_model.pkl
2026-03-04 18:02:45,543 | WARNING |  * Debugger is active!
2026-03-04 18:02:45,548 | INFO |  * Debugger PIN: 796-502-977
2026-03-04 18:02:46,472 | ERROR | Preview error for row 0: 'OneHotEncoder' object has no attribute '_drop_idx_after_grouping'
2026-03-04 18:02:46,579 | ERROR | Preview error for row 1: 'OneHotEncoder' object has no attribute '_drop_idx_after_grouping'
2026-03-04 18:02:46,613 | ERROR | Preview error for row 2: 'OneHotEncoder' object has no attribute '_drop_idx_after_grouping'
2026-03-04 18:02:46,650 | ERROR | Preview error for row 3: 'OneHotEncoder' object has no attribute '_drop_idx_after_grouping'
2026-03-04 18:02:46,652 | INFO | 127.0.0.1 - - [04/Mar/2026 18:02:46] "POST /api/predict/preview HTTP/1.1" 200 -
2026-03-04 18:02:50,308 | INFO | CSV loaded with 4 rows and columns: ['Age', 'BusinessTravel', 'JobRole', 'JobLevel', 'MonthlyIncome', 'OverTime']
2026-03-04 18:02:50,308 | INFO | Processing 4 employees for attrition prediction...
2026-03-04 18:02:50,309 | INFO | Predicting employee index 0...
2026-03-04 18:02:50,333 | ERROR | Error processing employee 0: 'OneHotEncoder' object has no attribute '_drop_idx_after_grouping'
2026-03-04 18:02:50,334 | INFO | Predicting employee index 1...
2026-03-04 18:02:50,358 | ERROR | Error processing employee 1: 'OneHotEncoder' object has no attribute '_drop_idx_after_grouping'
2026-03-04 18:02:50,359 | INFO | Predicting employee index 2...
2026-03-04 18:02:50,384 | ERROR | Error processing employee 2: 'OneHotEncoder' object has no attribute '_drop_idx_after_grouping'
2026-03-04 18:02:50,385 | INFO | Predicting employee index 3...
2026-03-04 18:02:50,414 | ERROR | Error processing employee 3: 'OneHotEncoder' object has no attribute '_drop_idx_after_grouping'
2026-03-04 18:02:50,420 | ERROR | Batch prediction error: Column 'Risk_Score' has dtype object, cannot use method 'nlargest' with this dtype
2026-03-04 18:02:50,440 | INFO |  * Detected change in 'C:\\Users\\pavat\\Desktop\\MyFinal\\Lib\\Python38\\Lib\\site-packages\\pandas\\core\\frame.py', reloading
2026-03-04 18:02:50,442 | ERROR | Traceback (most recent call last):
  File "C:\Users\pavat\Desktop\HRReactWeb_AppV26\HRReactWeb_AppV26\Employee_Retention\API.py", line 162, in predict_batch
    high_risk_df = df[df['Risk_Label'] == 'High Risk'].nlargest(5, 'Risk_Score') if 'Risk_Label' in df.columns else pd.DataFrame()
  File "C:\Users\pavat\Desktop\MyFinal\Lib\Python38\lib\site-packages\pandas\core\frame.py", line 7327, in nlargest
    return algorithms.SelectNFrame(self, n=n, keep=keep, columns=columns).nlargest()
  File "C:\Users\pavat\Desktop\MyFinal\Lib\Python38\lib\site-packages\pandas\core\algorithms.py", line 1273, in nlargest
    return self.compute("nlargest")
  File "C:\Users\pavat\Desktop\MyFinal\Lib\Python38\lib\site-packages\pandas\core\algorithms.py", line 1404, in compute
    raise TypeError(
TypeError: Column 'Risk_Score' has dtype object, cannot use method 'nlargest' with this dtype

2026-03-04 18:02:50,443 | INFO |  * Detected change in 'C:\\Users\\pavat\\Desktop\\MyFinal\\Lib\\Python38\\Lib\\site-packages\\pandas\\core\\algorithms.py', reloading
2026-03-04 18:02:50,444 | INFO | 127.0.0.1 - - [04/Mar/2026 18:02:50] "[35m[1mPOST /api/predict/batch HTTP/1.1[0m" 500 -
2026-03-04 18:02:50,833 | INFO |  * Restarting with watchdog (windowsapi)
2026-03-04 18:02:52,409 | INFO | Starting Employee Attrition Prediction API...
2026-03-04 18:02:52,410 | INFO | Model path: Employee_Retention/employee_attrition_model.pkl
2026-03-04 18:02:52,415 | WARNING |  * Debugger is active!
2026-03-04 18:02:52,418 | INFO |  * Debugger PIN: 796-502-977
2026-03-04 18:04:47,111 | INFO |  * Detected change in 'C:\\Users\\pavat\\Desktop\\MyFinal\\Lib\\Python38\\Lib\\site-packages\\official\\modeling\\hyperparams\\__init__.py', reloading
2026-03-04 18:04:47,127 | INFO |  * Detected change in 'C:\\Users\\pavat\\Desktop\\MyFinal\\Lib\\Python38\\Lib\\site-packages\\generic_utils\\__init__.py', reloading
2026-03-04 18:04:47,897 | INFO |  * Restarting with watchdog (windowsapi)
2026-03-04 18:04:49,779 | INFO | Starting Employee Attrition Prediction API...
2026-03-04 18:04:49,779 | INFO | Model path: Employee_Retention/employee_attrition_model.pkl
2026-03-04 18:04:49,786 | WARNING |  * Debugger is active!
2026-03-04 18:04:49,789 | INFO |  * Debugger PIN: 796-502-977
2026-03-04 18:05:12,427 | INFO |  * Detected change in 'C:\\Users\\pavat\\Desktop\\HRReactWeb_AppV26\\HRReactWeb_AppV26\\Cv_Screen\\config.py', reloading
2026-03-04 18:05:12,428 | INFO |  * Detected change in 'C:\\Users\\pavat\\Desktop\\HRReactWeb_AppV26\\HRReactWeb_AppV26\\Cv_Screen\\config.py', reloading
2026-03-04 18:05:12,428 | INFO |  * Detected change in 'C:\\Users\\pavat\\Desktop\\HRReactWeb_AppV26\\HRReactWeb_AppV26\\Cv_Screen\\config.py', reloading
2026-03-04 18:05:13,188 | INFO |  * Restarting with watchdog (windowsapi)
2026-03-04 18:05:15,343 | INFO | Starting Employee Attrition Prediction API...
2026-03-04 18:05:15,343 | INFO | Model path: Employee_Retention/employee_attrition_model.pkl
2026-03-04 18:05:15,356 | WARNING |  * Debugger is active!
2026-03-04 18:05:15,361 | INFO |  * Debugger PIN: 796-502-977
2026-03-04 18:05:29,222 | INFO | 127.0.0.1 - - [04/Mar/2026 18:05:29] "GET /api/test HTTP/1.1" 200 -
2026-03-04 18:05:53,335 | INFO |  * Detected change in 'C:\\Users\\pavat\\Desktop\\HRReactWeb_AppV26\\HRReactWeb_AppV26\\Employee_Retention\\API.py', reloading
2026-03-04 18:05:53,335 | INFO |  * Detected change in 'C:\\Users\\pavat\\Desktop\\HRReactWeb_AppV26\\HRReactWeb_AppV26\\Employee_Retention\\API.py', reloading
2026-03-04 18:05:53,335 | INFO |  * Detected change in 'C:\\Users\\pavat\\Desktop\\HRReactWeb_AppV26\\HRReactWeb_AppV26\\Employee_Retention\\API.py', reloading
2026-03-04 18:05:53,336 | INFO |  * Detected change in 'C:\\Users\\pavat\\Desktop\\HRReactWeb_AppV26\\HRReactWeb_AppV26\\Employee_Retention\\API.py', reloading
2026-03-04 18:05:53,982 | INFO |  * Restarting with watchdog (windowsapi)
2026-03-04 18:05:56,449 | INFO | Starting Employee Attrition Prediction API...
2026-03-04 18:05:56,449 | INFO | Model path: Employee_Retention/employee_attrition_model.pkl
2026-03-04 18:05:56,461 | WARNING |  * Debugger is active!
2026-03-04 18:05:56,468 | INFO |  * Debugger PIN: 796-502-977
2026-03-04 18:06:00,199 | INFO | 127.0.0.1 - - [04/Mar/2026 18:06:00] "GET /api/test HTTP/1.1" 200 -
2026-03-04 18:06:07,805 | ERROR | Preview error for row 0: 'OneHotEncoder' object has no attribute '_drop_idx_after_grouping'
2026-03-04 18:06:07,825 | ERROR | Preview error for row 1: 'OneHotEncoder' object has no attribute '_drop_idx_after_grouping'
2026-03-04 18:06:07,844 | ERROR | Preview error for row 2: 'OneHotEncoder' object has no attribute '_drop_idx_after_grouping'
2026-03-04 18:06:07,867 | ERROR | Preview error for row 3: 'OneHotEncoder' object has no attribute '_drop_idx_after_grouping'
2026-03-04 18:06:07,869 | INFO | 127.0.0.1 - - [04/Mar/2026 18:06:07] "POST /api/predict/preview HTTP/1.1" 200 -
2026-03-04 18:06:11,245 | INFO | CSV loaded with 4 rows and columns: ['Age', 'BusinessTravel', 'JobRole', 'JobLevel', 'MonthlyIncome', 'OverTime']
2026-03-04 18:06:11,246 | INFO | Processing 4 employees for attrition prediction...
2026-03-04 18:06:11,246 | INFO | Predicting employee index 0...
2026-03-04 18:06:11,271 | ERROR | Error processing employee 0: 'OneHotEncoder' object has no attribute '_drop_idx_after_grouping'
2026-03-04 18:06:11,272 | INFO | Predicting employee index 1...
2026-03-04 18:06:11,295 | ERROR | Error processing employee 1: 'OneHotEncoder' object has no attribute '_drop_idx_after_grouping'
2026-03-04 18:06:11,296 | INFO | Predicting employee index 2...
2026-03-04 18:06:11,317 | ERROR | Error processing employee 2: 'OneHotEncoder' object has no attribute '_drop_idx_after_grouping'
2026-03-04 18:06:11,318 | INFO | Predicting employee index 3...
2026-03-04 18:06:11,337 | ERROR | Error processing employee 3: 'OneHotEncoder' object has no attribute '_drop_idx_after_grouping'
2026-03-04 18:06:11,344 | INFO | 127.0.0.1 - - [04/Mar/2026 18:06:11] "POST /api/predict/batch HTTP/1.1" 200 -
2026-03-04 18:06:30,144 | ERROR | Download error: [WinError 2] The system cannot find the file specified: 'C:\\Users\\pavat\\Desktop\\HRReactWeb_AppV26\\HRReactWeb_AppV26\\Employee_Retention\\results\\attrition_results_20260304_180611.csv'
2026-03-04 18:06:30,144 | INFO | 127.0.0.1 - - [04/Mar/2026 18:06:30] "[35m[1mGET /api/download/attrition_results_20260304_180611.csv HTTP/1.1[0m" 500 -
2026-03-04 18:06:30,170 | INFO | 127.0.0.1 - - [04/Mar/2026 18:06:30] "[33mGET /favicon.ico HTTP/1.1[0m" 404 -
2026-03-04 18:09:26,341 | INFO |  * Detected change in 'C:\\Users\\pavat\\Desktop\\MyFinal\\Lib\\Python38\\Lib\\site-packages\\plotly\\__init__.py', reloading
2026-03-04 18:09:26,365 | INFO |  * Detected change in 'C:\\Users\\pavat\\Desktop\\HRReactWeb_AppV26\\HRReactWeb_AppV26\\Cv_Screen\\Data_Validators.py', reloading
2026-03-04 18:09:26,366 | INFO |  * Detected change in 'C:\\Users\\pavat\\Desktop\\HRReactWeb_AppV26\\HRReactWeb_AppV26\\Cv_Screen\\Train.py', reloading
2026-03-04 18:09:27,349 | INFO |  * Restarting with watchdog (windowsapi)
2026-03-04 18:09:29,351 | INFO | Starting Employee Attrition Prediction API...
2026-03-04 18:09:29,352 | INFO | Model path: Employee_Retention/employee_attrition_model.pkl
2026-03-04 18:09:29,359 | WARNING |  * Debugger is active!
2026-03-04 18:09:29,362 | INFO |  * Debugger PIN: 796-502-977
2026-03-04 18:09:30,007 | INFO |  * Detected change in 'C:\\Users\\pavat\\Desktop\\HRReactWeb_AppV26\\HRReactWeb_AppV26\\Dynamic_Interview\\Config.py', reloading
2026-03-04 18:09:30,552 | INFO |  * Restarting with watchdog (windowsapi)
2026-03-04 18:09:32,497 | INFO | Starting Employee Attrition Prediction API...
2026-03-04 18:09:32,497 | INFO | Model path: Employee_Retention/employee_attrition_model.pkl
2026-03-04 18:09:32,503 | WARNING |  * Debugger is active!
2026-03-04 18:09:32,506 | INFO |  * Debugger PIN: 796-502-977
2026-03-04 18:09:46,341 | INFO |  * Detected change in 'C:\\Users\\pavat\\Desktop\\HRReactWeb_AppV26\\HRReactWeb_AppV26\\Dynamic_Interview\\Config.py', reloading
2026-03-04 18:09:46,342 | INFO |  * Detected change in 'C:\\Users\\pavat\\Desktop\\HRReactWeb_AppV26\\HRReactWeb_AppV26\\Dynamic_Interview\\Config.py', reloading
2026-03-04 18:09:46,342 | INFO |  * Detected change in 'C:\\Users\\pavat\\Desktop\\HRReactWeb_AppV26\\HRReactWeb_AppV26\\Dynamic_Interview\\Config.py', reloading
2026-03-04 18:09:46,343 | INFO |  * Detected change in 'C:\\Users\\pavat\\Desktop\\HRReactWeb_AppV26\\HRReactWeb_AppV26\\Dynamic_Interview\\Config.py', reloading
2026-03-04 18:09:46,876 | INFO |  * Restarting with watchdog (windowsapi)
2026-03-04 18:09:49,276 | INFO | Starting Employee Attrition Prediction API...
2026-03-04 18:09:49,276 | INFO | Model path: Employee_Retention/employee_attrition_model.pkl
2026-03-04 18:09:49,288 | WARNING |  * Debugger is active!
2026-03-04 18:09:49,296 | INFO |  * Debugger PIN: 796-502-977
2026-03-04 18:10:22,239 | INFO |  * Detected change in 'C:\\Users\\pavat\\Desktop\\MyFinal\\Lib\\Python38\\Lib\\site-packages\\openai\\api_resources\\chat_completion.py', reloading
2026-03-04 18:10:22,255 | INFO |  * Detected change in 'C:\\Users\\pavat\\Desktop\\MyFinal\\Lib\\Python38\\Lib\\site-packages\\openai\\api_resources\\abstract\\engine_api_resource.py', reloading
2026-03-04 18:10:22,274 | INFO |  * Detected change in 'C:\\Users\\pavat\\Desktop\\MyFinal\\Lib\\Python38\\Lib\\site-packages\\openai\\api_resources\\abstract\\api_resource.py', reloading
2026-03-04 18:10:22,286 | INFO |  * Detected change in 'C:\\Users\\pavat\\Desktop\\MyFinal\\Lib\\Python38\\Lib\\site-packages\\openai\\openai_object.py', reloading
2026-03-04 18:10:22,362 | INFO |  * Detected change in 'C:\\Users\\pavat\\Desktop\\MyFinal\\Lib\\Python38\\Lib\\site-packages\\openai\\util.py', reloading
2026-03-04 18:10:22,673 | INFO |  * Detected change in 'C:\\Users\\pavat\\Desktop\\MyFinal\\Lib\\Python38\\Lib\\site-packages\\openai\\api_requestor.py', reloading
2026-03-04 18:10:22,829 | INFO |  * Restarting with watchdog (windowsapi)
2026-03-04 18:10:25,299 | INFO | Starting Employee Attrition Prediction API...
2026-03-04 18:10:25,299 | INFO | Model path: Employee_Retention/employee_attrition_model.pkl
2026-03-04 18:10:25,307 | WARNING |  * Debugger is active!
2026-03-04 18:10:25,310 | INFO |  * Debugger PIN: 796-502-977
2026-03-04 18:10:33,254 | INFO |  * Detected change in 'C:\\Users\\pavat\\Desktop\\MyFinal\\Lib\\Python38\\Lib\\site-packages\\torch\\nn\\__init__.py', reloading
2026-03-04 18:10:33,261 | INFO |  * Detected change in 'C:\\Users\\pavat\\Desktop\\HRReactWeb_AppV26\\HRReactWeb_AppV26\\Dynamic_Interview\\TrainModel.py', reloading
2026-03-04 18:10:33,547 | INFO |  * Restarting with watchdog (windowsapi)
2026-03-04 18:10:35,587 | INFO | Starting Employee Attrition Prediction API...
2026-03-04 18:10:35,587 | INFO | Model path: Employee_Retention/employee_attrition_model.pkl
2026-03-04 18:10:35,594 | WARNING |  * Debugger is active!
2026-03-04 18:10:35,598 | INFO |  * Debugger PIN: 796-502-977
2026-03-04 18:11:03,499 | INFO |  * Detected change in 'C:\\Users\\pavat\\Desktop\\HRReactWeb_AppV26\\HRReactWeb_AppV26\\Dynamic_Interview\\InterviewDataProcessor.py', reloading
2026-03-04 18:11:03,499 | INFO |  * Detected change in 'C:\\Users\\pavat\\Desktop\\HRReactWeb_AppV26\\HRReactWeb_AppV26\\Dynamic_Interview\\InterviewDataProcessor.py', reloading
2026-03-04 18:11:03,500 | INFO |  * Detected change in 'C:\\Users\\pavat\\Desktop\\HRReactWeb_AppV26\\HRReactWeb_AppV26\\Dynamic_Interview\\InterviewDataProcessor.py', reloading
2026-03-04 18:11:04,041 | INFO |  * Restarting with watchdog (windowsapi)
2026-03-04 18:11:06,446 | INFO | Starting Employee Attrition Prediction API...
2026-03-04 18:11:06,446 | INFO | Model path: Employee_Retention/employee_attrition_model.pkl
2026-03-04 18:11:06,453 | WARNING |  * Debugger is active!
2026-03-04 18:11:06,457 | INFO |  * Debugger PIN: 796-502-977
2026-03-04 18:11:17,103 | INFO |  * Detected change in 'C:\\Users\\pavat\\Desktop\\HRReactWeb_AppV26\\HRReactWeb_AppV26\\Dynamic_Interview\\InterviewDataProcessor.py', reloading
2026-03-04 18:11:17,104 | INFO |  * Detected change in 'C:\\Users\\pavat\\Desktop\\HRReactWeb_AppV26\\HRReactWeb_AppV26\\Dynamic_Interview\\InterviewDataProcessor.py', reloading
2026-03-04 18:11:17,104 | INFO |  * Detected change in 'C:\\Users\\pavat\\Desktop\\HRReactWeb_AppV26\\HRReactWeb_AppV26\\Dynamic_Interview\\InterviewDataProcessor.py', reloading
2026-03-04 18:11:17,105 | INFO |  * Detected change in 'C:\\Users\\pavat\\Desktop\\HRReactWeb_AppV26\\HRReactWeb_AppV26\\Dynamic_Interview\\InterviewDataProcessor.py', reloading
2026-03-04 18:11:17,707 | INFO |  * Restarting with watchdog (windowsapi)
2026-03-04 18:11:19,971 | INFO | Starting Employee Attrition Prediction API...
2026-03-04 18:11:19,971 | INFO | Model path: Employee_Retention/employee_attrition_model.pkl
2026-03-04 18:11:19,979 | WARNING |  * Debugger is active!
2026-03-04 18:11:19,982 | INFO |  * Debugger PIN: 796-502-977
2026-03-04 18:12:50,045 | INFO |  * Detected change in 'C:\\Users\\pavat\\Desktop\\HRReactWeb_AppV26\\HRReactWeb_AppV26\\Dynamic_Interview\\Config.py', reloading
2026-03-04 18:12:50,046 | INFO |  * Detected change in 'C:\\Users\\pavat\\Desktop\\HRReactWeb_AppV26\\HRReactWeb_AppV26\\Dynamic_Interview\\Config.py', reloading
2026-03-04 18:12:50,046 | INFO |  * Detected change in 'C:\\Users\\pavat\\Desktop\\HRReactWeb_AppV26\\HRReactWeb_AppV26\\Dynamic_Interview\\Config.py', reloading
2026-03-04 18:12:50,047 | INFO |  * Detected change in 'C:\\Users\\pavat\\Desktop\\HRReactWeb_AppV26\\HRReactWeb_AppV26\\Dynamic_Interview\\Config.py', reloading
2026-03-04 18:12:51,119 | INFO |  * Restarting with watchdog (windowsapi)
2026-03-04 18:12:53,289 | INFO | Starting Employee Attrition Prediction API...
2026-03-04 18:12:53,290 | INFO | Model path: Employee_Retention/employee_attrition_model.pkl
2026-03-04 18:12:53,300 | WARNING |  * Debugger is active!
2026-03-04 18:12:53,303 | INFO |  * Debugger PIN: 796-502-977
2026-03-04 18:13:21,049 | INFO |  * Detected change in 'C:\\Users\\pavat\\Desktop\\HRReactWeb_AppV26\\HRReactWeb_AppV26\\Dynamic_Interview\\Config.py', reloading
2026-03-04 18:13:21,049 | INFO |  * Detected change in 'C:\\Users\\pavat\\Desktop\\HRReactWeb_AppV26\\HRReactWeb_AppV26\\Dynamic_Interview\\Config.py', reloading
2026-03-04 18:13:21,050 | INFO |  * Detected change in 'C:\\Users\\pavat\\Desktop\\HRReactWeb_AppV26\\HRReactWeb_AppV26\\Dynamic_Interview\\Config.py', reloading
2026-03-04 18:13:21,050 | INFO |  * Detected change in 'C:\\Users\\pavat\\Desktop\\HRReactWeb_AppV26\\HRReactWeb_AppV26\\Dynamic_Interview\\Config.py', reloading
2026-03-04 18:13:21,701 | INFO |  * Restarting with watchdog (windowsapi)
2026-03-04 18:13:24,168 | INFO | Starting Employee Attrition Prediction API...
2026-03-04 18:13:24,168 | INFO | Model path: Employee_Retention/employee_attrition_model.pkl
2026-03-04 18:13:24,179 | WARNING |  * Debugger is active!
2026-03-04 18:13:24,183 | INFO |  * Debugger PIN: 796-502-977
2026-03-04 18:13:42,058 | INFO |  * Detected change in 'C:\\Users\\pavat\\Desktop\\HRReactWeb_AppV26\\HRReactWeb_AppV26\\Dynamic_Interview\\Config.py', reloading
2026-03-04 18:13:42,059 | INFO |  * Detected change in 'C:\\Users\\pavat\\Desktop\\HRReactWeb_AppV26\\HRReactWeb_AppV26\\Dynamic_Interview\\Config.py', reloading
2026-03-04 18:13:42,059 | INFO |  * Detected change in 'C:\\Users\\pavat\\Desktop\\HRReactWeb_AppV26\\HRReactWeb_AppV26\\Dynamic_Interview\\Config.py', reloading
2026-03-04 18:13:42,060 | INFO |  * Detected change in 'C:\\Users\\pavat\\Desktop\\HRReactWeb_AppV26\\HRReactWeb_AppV26\\Dynamic_Interview\\Config.py', reloading
2026-03-04 18:13:42,482 | INFO |  * Restarting with watchdog (windowsapi)
2026-03-04 18:13:44,871 | INFO | Starting Employee Attrition Prediction API...
2026-03-04 18:13:44,871 | INFO | Model path: Employee_Retention/employee_attrition_model.pkl
2026-03-04 18:13:44,879 | WARNING |  * Debugger is active!
2026-03-04 18:13:44,883 | INFO |  * Debugger PIN: 796-502-977
2026-03-04 18:13:46,316 | INFO |  * Detected change in 'C:\\Users\\pavat\\Desktop\\HRReactWeb_AppV26\\HRReactWeb_AppV26\\Dynamic_Interview\\QuestionGenerator.py', reloading
2026-03-04 18:13:47,093 | INFO |  * Restarting with watchdog (windowsapi)
2026-03-04 18:13:49,326 | INFO | Starting Employee Attrition Prediction API...
2026-03-04 18:13:49,326 | INFO | Model path: Employee_Retention/employee_attrition_model.pkl
2026-03-04 18:13:49,337 | WARNING |  * Debugger is active!
2026-03-04 18:13:49,341 | INFO |  * Debugger PIN: 796-502-977
2026-03-04 18:14:51,384 | INFO |  * Detected change in 'C:\\Users\\pavat\\Desktop\\MyFinal\\Lib\\Python38\\Lib\\site-packages\\sklearn\\__init__.py', reloading
2026-03-04 18:14:51,401 | INFO |  * Detected change in 'C:\\Users\\pavat\\Desktop\\MyFinal\\Lib\\Python38\\Lib\\site-packages\\sklearn\\preprocessing\\__init__.py', reloading
2026-03-04 18:14:51,403 | INFO |  * Detected change in 'C:\\Users\\pavat\\Desktop\\MyFinal\\Lib\\Python38\\Lib\\site-packages\\sklearn\\metrics\\__init__.py', reloading
2026-03-04 18:14:51,403 | INFO |  * Detected change in 'C:\\Users\\pavat\\Desktop\\MyFinal\\Lib\\Python38\\Lib\\site-packages\\sklearn\\impute\\__init__.py', reloading
2026-03-04 18:14:51,404 | INFO |  * Detected change in 'C:\\Users\\pavat\\Desktop\\MyFinal\\Lib\\Python38\\Lib\\site-packages\\sklearn\\compose\\__init__.py', reloading
2026-03-04 18:14:51,440 | INFO |  * Detected change in 'C:\\Users\\pavat\\Desktop\\MyFinal\\Lib\\Python38\\Lib\\site-packages\\sklearn\\ensemble\\__init__.py', reloading
2026-03-04 18:14:51,464 | INFO |  * Detected change in 'C:\\Users\\pavat\\Desktop\\MyFinal\\Lib\\Python38\\Lib\\site-packages\\sklearn\\model_selection\\__init__.py', reloading
2026-03-04 18:14:52,190 | INFO |  * Restarting with watchdog (windowsapi)
2026-03-04 18:14:54,287 | INFO | Starting Employee Attrition Prediction API...
2026-03-04 18:14:54,288 | INFO | Model path: Employee_Retention/employee_attrition_model.pkl
2026-03-04 18:14:54,296 | WARNING |  * Debugger is active!
2026-03-04 18:14:54,301 | INFO |  * Debugger PIN: 796-502-977
2026-03-04 18:21:59,021 | INFO |  * Detected change in 'C:\\Users\\pavat\\Desktop\\HRReactWeb_AppV26\\HRReactWeb_AppV26\\Dynamic_Interview\\Config.py', reloading
2026-03-04 18:21:59,022 | INFO |  * Detected change in 'C:\\Users\\pavat\\Desktop\\HRReactWeb_AppV26\\HRReactWeb_AppV26\\Dynamic_Interview\\Config.py', reloading
2026-03-04 18:21:59,022 | INFO |  * Detected change in 'C:\\Users\\pavat\\Desktop\\HRReactWeb_AppV26\\HRReactWeb_AppV26\\Dynamic_Interview\\Config.py', reloading
2026-03-04 18:21:59,411 | INFO |  * Restarting with watchdog (windowsapi)
2026-03-04 18:22:01,899 | INFO | Starting Employee Attrition Prediction API...
2026-03-04 18:22:01,899 | INFO | Model path: Employee_Retention/employee_attrition_model.pkl
2026-03-04 18:22:01,908 | WARNING |  * Debugger is active!
2026-03-04 18:22:01,912 | INFO |  * Debugger PIN: 796-502-977
2026-03-04 18:24:04,928 | INFO |  * Detected change in 'C:\\Users\\pavat\\Desktop\\HRReactWeb_AppV26\\HRReactWeb_AppV26\\Employee_Retention\\API.py', reloading
2026-03-04 18:24:04,929 | INFO |  * Detected change in 'C:\\Users\\pavat\\Desktop\\HRReactWeb_AppV26\\HRReactWeb_AppV26\\Employee_Retention\\API.py', reloading
2026-03-04 18:24:05,292 | INFO |  * Restarting with watchdog (windowsapi)
2026-03-04 18:24:07,190 | INFO | Starting Employee Attrition Prediction API...
2026-03-04 18:24:07,190 | INFO | Model path: Employee_Retention/employee_attrition_model.pkl
2026-03-04 18:24:07,205 | WARNING |  * Debugger is active!
2026-03-04 18:24:07,211 | INFO |  * Debugger PIN: 796-502-977
2026-03-04 18:24:19,990 | INFO | 127.0.0.1 - - [04/Mar/2026 18:24:19] "GET /api/test HTTP/1.1" 200 -
2026-03-04 18:24:31,170 | ERROR | Preview error for row 0: 'OneHotEncoder' object has no attribute '_drop_idx_after_grouping'
2026-03-04 18:24:31,193 | ERROR | Preview error for row 1: 'OneHotEncoder' object has no attribute '_drop_idx_after_grouping'
2026-03-04 18:24:31,216 | ERROR | Preview error for row 2: 'OneHotEncoder' object has no attribute '_drop_idx_after_grouping'
2026-03-04 18:24:31,241 | ERROR | Preview error for row 3: 'OneHotEncoder' object has no attribute '_drop_idx_after_grouping'
2026-03-04 18:24:31,243 | INFO | 127.0.0.1 - - [04/Mar/2026 18:24:31] "POST /api/predict/preview HTTP/1.1" 200 -
2026-03-04 18:24:33,682 | INFO | CSV loaded with 4 rows and columns: ['Age', 'BusinessTravel', 'JobRole', 'JobLevel', 'MonthlyIncome', 'OverTime']
2026-03-04 18:24:33,682 | INFO | Processing 4 employees for attrition prediction...
2026-03-04 18:24:33,683 | INFO | Predicting employee index 0...
2026-03-04 18:24:33,700 | ERROR | Error processing employee 0: 'OneHotEncoder' object has no attribute '_drop_idx_after_grouping'
2026-03-04 18:24:33,701 | INFO | Predicting employee index 1...
2026-03-04 18:24:33,721 | ERROR | Error processing employee 1: 'OneHotEncoder' object has no attribute '_drop_idx_after_grouping'
2026-03-04 18:24:33,721 | INFO | Predicting employee index 2...
2026-03-04 18:24:33,740 | ERROR | Error processing employee 2: 'OneHotEncoder' object has no attribute '_drop_idx_after_grouping'
2026-03-04 18:24:33,740 | INFO | Predicting employee index 3...
2026-03-04 18:24:33,760 | ERROR | Error processing employee 3: 'OneHotEncoder' object has no attribute '_drop_idx_after_grouping'
2026-03-04 18:24:33,766 | ERROR | Batch prediction error: Column 'Risk_Score' has dtype object, cannot use method 'nlargest' with this dtype
2026-03-04 18:24:33,770 | ERROR | Traceback (most recent call last):
  File "C:\Users\pavat\Desktop\HRReactWeb_AppV26\HRReactWeb_AppV26\Employee_Retention\API.py", line 155, in predict_batch
    high_risk_df = df[df['Risk_Label'] == 'High Risk'].nlargest(5,
  File "C:\Users\pavat\Desktop\MyFinal\Lib\Python38\lib\site-packages\pandas\core\frame.py", line 7327, in nlargest
    return algorithms.SelectNFrame(self, n=n, keep=keep, columns=columns).nlargest()
  File "C:\Users\pavat\Desktop\MyFinal\Lib\Python38\lib\site-packages\pandas\core\algorithms.py", line 1273, in nlargest
    return self.compute("nlargest")
  File "C:\Users\pavat\Desktop\MyFinal\Lib\Python38\lib\site-packages\pandas\core\algorithms.py", line 1404, in compute
    raise TypeError(
TypeError: Column 'Risk_Score' has dtype object, cannot use method 'nlargest' with this dtype

2026-03-04 18:24:33,772 | INFO | 127.0.0.1 - - [04/Mar/2026 18:24:33] "[35m[1mPOST /api/predict/batch HTTP/1.1[0m" 500 -
2026-03-04 18:43:06,666 | INFO | 127.0.0.1 - - [04/Mar/2026 18:43:06] "GET /api/test HTTP/1.1" 200 -
2026-03-04 18:49:48,237 | INFO |  * Detected change in 'C:\\Users\\pavat\\Desktop\\HRReactWeb_AppV26\\HRReactWeb_AppV26\\Employee_Retention\\API.py', reloading
2026-03-04 18:49:48,238 | INFO |  * Detected change in 'C:\\Users\\pavat\\Desktop\\HRReactWeb_AppV26\\HRReactWeb_AppV26\\Employee_Retention\\API.py', reloading
2026-03-04 18:49:48,238 | INFO |  * Detected change in 'C:\\Users\\pavat\\Desktop\\HRReactWeb_AppV26\\HRReactWeb_AppV26\\Employee_Retention\\API.py', reloading
2026-03-04 18:49:48,239 | INFO |  * Detected change in 'C:\\Users\\pavat\\Desktop\\HRReactWeb_AppV26\\HRReactWeb_AppV26\\Employee_Retention\\API.py', reloading
2026-03-04 18:49:49,350 | INFO |  * Restarting with watchdog (windowsapi)
2026-03-04 18:49:51,391 | INFO | Starting Employee Attrition Prediction API...
2026-03-04 18:49:51,391 | INFO | Model path: Employee_Retention/employee_attrition_model.pkl
2026-03-04 18:49:51,399 | WARNING |  * Debugger is active!
2026-03-04 18:49:51,403 | INFO |  * Debugger PIN: 796-502-977
2026-03-04 18:50:32,178 | INFO | 127.0.0.1 - - [04/Mar/2026 18:50:32] "GET /api/test HTTP/1.1" 200 -
2026-03-04 18:50:58,610 | ERROR | Preview error for row 0: 'OneHotEncoder' object has no attribute '_drop_idx_after_grouping'
2026-03-04 18:50:58,632 | ERROR | Preview error for row 1: 'OneHotEncoder' object has no attribute '_drop_idx_after_grouping'
2026-03-04 18:50:58,653 | ERROR | Preview error for row 2: 'OneHotEncoder' object has no attribute '_drop_idx_after_grouping'
2026-03-04 18:50:58,675 | ERROR | Preview error for row 3: 'OneHotEncoder' object has no attribute '_drop_idx_after_grouping'
2026-03-04 18:50:58,678 | INFO | 127.0.0.1 - - [04/Mar/2026 18:50:58] "POST /api/predict/preview HTTP/1.1" 200 -
2026-03-04 18:51:00,960 | INFO | CSV loaded with 4 rows and columns: ['Age', 'BusinessTravel', 'JobRole', 'JobLevel', 'MonthlyIncome', 'OverTime']
2026-03-04 18:51:00,960 | INFO | Processing 4 employees for attrition prediction...
2026-03-04 18:51:00,961 | INFO | Predicting employee index 0...
2026-03-04 18:51:00,984 | ERROR | Error processing employee 0: 'OneHotEncoder' object has no attribute '_drop_idx_after_grouping'
2026-03-04 18:51:00,984 | INFO | Predicting employee index 1...
2026-03-04 18:51:01,006 | ERROR | Error processing employee 1: 'OneHotEncoder' object has no attribute '_drop_idx_after_grouping'
2026-03-04 18:51:01,006 | INFO | Predicting employee index 2...
2026-03-04 18:51:01,026 | ERROR | Error processing employee 2: 'OneHotEncoder' object has no attribute '_drop_idx_after_grouping'
2026-03-04 18:51:01,027 | INFO | Predicting employee index 3...
2026-03-04 18:51:01,047 | ERROR | Error processing employee 3: 'OneHotEncoder' object has no attribute '_drop_idx_after_grouping'
2026-03-04 18:51:01,068 | ERROR | Batch prediction error: Column 'Risk_Score' has dtype object, cannot use method 'nlargest' with this dtype
2026-03-04 18:51:01,072 | ERROR | Traceback (most recent call last):
  File "C:\Users\pavat\Desktop\HRReactWeb_AppV26\HRReactWeb_AppV26\Employee_Retention\API.py", line 155, in predict_batch
    high_risk_df = df[df['Risk_Label'] == 'High Risk'].nlargest(5,
  File "C:\Users\pavat\Desktop\MyFinal\Lib\Python38\lib\site-packages\pandas\core\frame.py", line 7327, in nlargest
    return algorithms.SelectNFrame(self, n=n, keep=keep, columns=columns).nlargest()
  File "C:\Users\pavat\Desktop\MyFinal\Lib\Python38\lib\site-packages\pandas\core\algorithms.py", line 1273, in nlargest
    return self.compute("nlargest")
  File "C:\Users\pavat\Desktop\MyFinal\Lib\Python38\lib\site-packages\pandas\core\algorithms.py", line 1404, in compute
    raise TypeError(
TypeError: Column 'Risk_Score' has dtype object, cannot use method 'nlargest' with this dtype

2026-03-04 18:51:01,074 | INFO | 127.0.0.1 - - [04/Mar/2026 18:51:01] "[35m[1mPOST /api/predict/batch HTTP/1.1[0m" 500 -
2026-03-04 18:51:57,340 | INFO | CSV loaded with 4 rows and columns: ['Age', 'BusinessTravel', 'JobRole', 'JobLevel', 'MonthlyIncome', 'OverTime']
2026-03-04 18:51:57,340 | INFO | Processing 4 employees for attrition prediction...
2026-03-04 18:51:57,341 | INFO | Predicting employee index 0...
2026-03-04 18:51:57,375 | ERROR | Error processing employee 0: 'OneHotEncoder' object has no attribute '_drop_idx_after_grouping'
2026-03-04 18:51:57,375 | INFO | Predicting employee index 1...
2026-03-04 18:51:57,402 | ERROR | Error processing employee 1: 'OneHotEncoder' object has no attribute '_drop_idx_after_grouping'
2026-03-04 18:51:57,403 | INFO | Predicting employee index 2...
2026-03-04 18:51:57,431 | ERROR | Error processing employee 2: 'OneHotEncoder' object has no attribute '_drop_idx_after_grouping'
2026-03-04 18:51:57,432 | INFO | Predicting employee index 3...
2026-03-04 18:51:57,456 | ERROR | Error processing employee 3: 'OneHotEncoder' object has no attribute '_drop_idx_after_grouping'
2026-03-04 18:51:57,464 | ERROR | Batch prediction error: Column 'Risk_Score' has dtype object, cannot use method 'nlargest' with this dtype
2026-03-04 18:51:57,465 | ERROR | Traceback (most recent call last):
  File "C:\Users\pavat\Desktop\HRReactWeb_AppV26\HRReactWeb_AppV26\Employee_Retention\API.py", line 155, in predict_batch
    high_risk_df = df[df['Risk_Label'] == 'High Risk'].nlargest(5,
  File "C:\Users\pavat\Desktop\MyFinal\Lib\Python38\lib\site-packages\pandas\core\frame.py", line 7327, in nlargest
    return algorithms.SelectNFrame(self, n=n, keep=keep, columns=columns).nlargest()
  File "C:\Users\pavat\Desktop\MyFinal\Lib\Python38\lib\site-packages\pandas\core\algorithms.py", line 1273, in nlargest
    return self.compute("nlargest")
  File "C:\Users\pavat\Desktop\MyFinal\Lib\Python38\lib\site-packages\pandas\core\algorithms.py", line 1404, in compute
    raise TypeError(
TypeError: Column 'Risk_Score' has dtype object, cannot use method 'nlargest' with this dtype

2026-03-04 18:51:57,466 | INFO | 127.0.0.1 - - [04/Mar/2026 18:51:57] "[35m[1mPOST /api/predict/batch HTTP/1.1[0m" 500 -
2026-03-04 18:53:29,669 | INFO |  * Detected change in 'C:\\Users\\pavat\\Desktop\\HRReactWeb_AppV26\\HRReactWeb_AppV26\\Employee_Retention\\API.py', reloading
2026-03-04 18:53:29,670 | INFO |  * Detected change in 'C:\\Users\\pavat\\Desktop\\HRReactWeb_AppV26\\HRReactWeb_AppV26\\Employee_Retention\\API.py', reloading
2026-03-04 18:53:30,157 | INFO |  * Restarting with watchdog (windowsapi)
2026-03-04 18:53:32,477 | INFO | Starting Employee Attrition Prediction API...
2026-03-04 18:53:32,477 | INFO | Model path: Employee_Retention/employee_attrition_model.pkl
2026-03-04 18:53:32,489 | WARNING |  * Debugger is active!
2026-03-04 18:53:32,494 | INFO |  * Debugger PIN: 796-502-977
2026-03-04 18:53:35,756 | INFO | 127.0.0.1 - - [04/Mar/2026 18:53:35] "GET /api/test HTTP/1.1" 200 -
2026-03-04 18:53:43,363 | INFO | 127.0.0.1 - - [04/Mar/2026 18:53:43] "GET /api/test HTTP/1.1" 200 -
2026-03-04 18:53:53,050 | ERROR | Preview error for row 0: 'OneHotEncoder' object has no attribute '_drop_idx_after_grouping'
2026-03-04 18:53:53,073 | ERROR | Preview error for row 1: 'OneHotEncoder' object has no attribute '_drop_idx_after_grouping'
2026-03-04 18:53:53,094 | ERROR | Preview error for row 2: 'OneHotEncoder' object has no attribute '_drop_idx_after_grouping'
2026-03-04 18:53:53,115 | ERROR | Preview error for row 3: 'OneHotEncoder' object has no attribute '_drop_idx_after_grouping'
2026-03-04 18:53:53,117 | INFO | 127.0.0.1 - - [04/Mar/2026 18:53:53] "POST /api/predict/preview HTTP/1.1" 200 -
2026-03-04 18:53:54,751 | INFO | CSV loaded with 4 rows and columns: ['Age', 'BusinessTravel', 'JobRole', 'JobLevel', 'MonthlyIncome', 'OverTime']
2026-03-04 18:53:54,751 | INFO | Processing 4 employees for attrition prediction...
2026-03-04 18:53:54,752 | INFO | Predicting employee index 0...
2026-03-04 18:53:54,776 | ERROR | Error processing employee 0: 'OneHotEncoder' object has no attribute '_drop_idx_after_grouping'
2026-03-04 18:53:54,776 | INFO | Predicting employee index 1...
2026-03-04 18:53:54,801 | ERROR | Error processing employee 1: 'OneHotEncoder' object has no attribute '_drop_idx_after_grouping'
2026-03-04 18:53:54,802 | INFO | Predicting employee index 2...
2026-03-04 18:53:54,829 | ERROR | Error processing employee 2: 'OneHotEncoder' object has no attribute '_drop_idx_after_grouping'
2026-03-04 18:53:54,829 | INFO | Predicting employee index 3...
2026-03-04 18:53:54,859 | ERROR | Error processing employee 3: 'OneHotEncoder' object has no attribute '_drop_idx_after_grouping'
2026-03-04 18:53:54,881 | INFO | 127.0.0.1 - - [04/Mar/2026 18:53:54] "POST /api/predict/batch HTTP/1.1" 200 -
2026-03-04 18:54:10,114 | INFO | Results folder absolute path: C:\Users\pavat\Desktop\HRReactWeb_AppV26\HRReactWeb_AppV26\results
2026-03-04 18:54:10,114 | INFO | Download requested - filename: attrition_results_20260304_185354.csv
2026-03-04 18:54:10,115 | INFO | Full file path: C:\Users\pavat\Desktop\HRReactWeb_AppV26\HRReactWeb_AppV26\results\attrition_results_20260304_185354.csv
2026-03-04 18:54:10,115 | INFO | File found, size: 291 bytes
2026-03-04 18:54:10,115 | INFO | 127.0.0.1 - - [04/Mar/2026 18:54:10] "GET /api/download/attrition_results_20260304_185354.csv HTTP/1.1" 200 -
2026-03-04 18:55:55,424 | INFO |  * Detected change in 'C:\\Users\\pavat\\Desktop\\HRReactWeb_AppV26\\HRReactWeb_AppV26\\Employee_Retention\\API.py', reloading
2026-03-04 18:55:55,424 | INFO |  * Detected change in 'C:\\Users\\pavat\\Desktop\\HRReactWeb_AppV26\\HRReactWeb_AppV26\\Employee_Retention\\API.py', reloading
2026-03-04 18:55:55,425 | INFO |  * Detected change in 'C:\\Users\\pavat\\Desktop\\HRReactWeb_AppV26\\HRReactWeb_AppV26\\Employee_Retention\\API.py', reloading
2026-03-04 18:55:56,562 | INFO |  * Restarting with watchdog (windowsapi)
2026-03-04 18:55:58,735 | INFO | Starting Employee Attrition Prediction API...
2026-03-04 18:55:58,735 | INFO | Model path: Employee_Retention/employee_attrition_model.pkl
2026-03-04 18:55:58,742 | WARNING |  * Debugger is active!
2026-03-04 18:55:58,746 | INFO |  * Debugger PIN: 796-502-977
2026-03-04 18:56:30,836 | INFO | 127.0.0.1 - - [04/Mar/2026 18:56:30] "GET /api/test HTTP/1.1" 200 -
2026-03-04 18:56:51,260 | INFO | CSV loaded with 4 rows and columns: ['Age', 'BusinessTravel', 'JobRole', 'JobLevel', 'MonthlyIncome', 'OverTime']
2026-03-04 18:56:51,260 | INFO | Processing 4 employees for attrition prediction...
2026-03-04 18:56:51,261 | INFO | Predicting employee index 0...
2026-03-04 18:56:52,353 | ERROR | Error processing employee 0: 'OneHotEncoder' object has no attribute '_drop_idx_after_grouping'
2026-03-04 18:56:52,353 | INFO | Predicting employee index 1...
2026-03-04 18:56:52,374 | ERROR | Error processing employee 1: 'OneHotEncoder' object has no attribute '_drop_idx_after_grouping'
2026-03-04 18:56:52,375 | INFO | Predicting employee index 2...
2026-03-04 18:56:52,393 | ERROR | Error processing employee 2: 'OneHotEncoder' object has no attribute '_drop_idx_after_grouping'
2026-03-04 18:56:52,393 | INFO | Predicting employee index 3...
2026-03-04 18:56:52,412 | ERROR | Error processing employee 3: 'OneHotEncoder' object has no attribute '_drop_idx_after_grouping'
2026-03-04 18:56:52,417 | ERROR | Batch prediction error: Column 'Risk_Score' has dtype object, cannot use method 'nlargest' with this dtype
2026-03-04 18:56:52,422 | ERROR | Traceback (most recent call last):
  File "C:\Users\pavat\Desktop\HRReactWeb_AppV26\HRReactWeb_AppV26\Employee_Retention\API.py", line 155, in predict_batch
    high_risk_df = df[df['Risk_Label'] == 'High Risk'].nlargest(5,
  File "C:\Users\pavat\Desktop\MyFinal\Lib\Python38\lib\site-packages\pandas\core\frame.py", line 7327, in nlargest
    return algorithms.SelectNFrame(self, n=n, keep=keep, columns=columns).nlargest()
  File "C:\Users\pavat\Desktop\MyFinal\Lib\Python38\lib\site-packages\pandas\core\algorithms.py", line 1273, in nlargest
    return self.compute("nlargest")
  File "C:\Users\pavat\Desktop\MyFinal\Lib\Python38\lib\site-packages\pandas\core\algorithms.py", line 1404, in compute
    raise TypeError(
TypeError: Column 'Risk_Score' has dtype object, cannot use method 'nlargest' with this dtype

2026-03-04 18:56:52,424 | INFO | 127.0.0.1 - - [04/Mar/2026 18:56:52] "[35m[1mPOST /api/predict/batch HTTP/1.1[0m" 500 -
2026-03-04 18:56:54,863 | ERROR | Preview error for row 0: 'OneHotEncoder' object has no attribute '_drop_idx_after_grouping'
2026-03-04 18:56:54,889 | ERROR | Preview error for row 1: 'OneHotEncoder' object has no attribute '_drop_idx_after_grouping'
2026-03-04 18:56:54,915 | ERROR | Preview error for row 2: 'OneHotEncoder' object has no attribute '_drop_idx_after_grouping'
2026-03-04 18:56:54,933 | ERROR | Preview error for row 3: 'OneHotEncoder' object has no attribute '_drop_idx_after_grouping'
2026-03-04 18:56:54,935 | INFO | 127.0.0.1 - - [04/Mar/2026 18:56:54] "POST /api/predict/preview HTTP/1.1" 200 -
2026-03-04 18:56:56,240 | INFO | CSV loaded with 4 rows and columns: ['Age', 'BusinessTravel', 'JobRole', 'JobLevel', 'MonthlyIncome', 'OverTime']
2026-03-04 18:56:56,241 | INFO | Processing 4 employees for attrition prediction...
2026-03-04 18:56:56,241 | INFO | Predicting employee index 0...
2026-03-04 18:56:56,270 | ERROR | Error processing employee 0: 'OneHotEncoder' object has no attribute '_drop_idx_after_grouping'
2026-03-04 18:56:56,271 | INFO | Predicting employee index 1...
2026-03-04 18:56:56,300 | ERROR | Error processing employee 1: 'OneHotEncoder' object has no attribute '_drop_idx_after_grouping'
2026-03-04 18:56:56,301 | INFO | Predicting employee index 2...
2026-03-04 18:56:56,325 | ERROR | Error processing employee 2: 'OneHotEncoder' object has no attribute '_drop_idx_after_grouping'
2026-03-04 18:56:56,326 | INFO | Predicting employee index 3...
2026-03-04 18:56:56,353 | ERROR | Error processing employee 3: 'OneHotEncoder' object has no attribute '_drop_idx_after_grouping'
2026-03-04 18:56:56,361 | ERROR | Batch prediction error: Column 'Risk_Score' has dtype object, cannot use method 'nlargest' with this dtype
2026-03-04 18:56:56,364 | ERROR | Traceback (most recent call last):
  File "C:\Users\pavat\Desktop\HRReactWeb_AppV26\HRReactWeb_AppV26\Employee_Retention\API.py", line 155, in predict_batch
    high_risk_df = df[df['Risk_Label'] == 'High Risk'].nlargest(5,
  File "C:\Users\pavat\Desktop\MyFinal\Lib\Python38\lib\site-packages\pandas\core\frame.py", line 7327, in nlargest
    return algorithms.SelectNFrame(self, n=n, keep=keep, columns=columns).nlargest()
  File "C:\Users\pavat\Desktop\MyFinal\Lib\Python38\lib\site-packages\pandas\core\algorithms.py", line 1273, in nlargest
    return self.compute("nlargest")
  File "C:\Users\pavat\Desktop\MyFinal\Lib\Python38\lib\site-packages\pandas\core\algorithms.py", line 1404, in compute
    raise TypeError(
TypeError: Column 'Risk_Score' has dtype object, cannot use method 'nlargest' with this dtype

2026-03-04 18:56:56,366 | INFO | 127.0.0.1 - - [04/Mar/2026 18:56:56] "[35m[1mPOST /api/predict/batch HTTP/1.1[0m" 500 -
2026-03-04 18:56:59,822 | ERROR | Preview error for row 0: 'OneHotEncoder' object has no attribute '_drop_idx_after_grouping'
2026-03-04 18:56:59,847 | ERROR | Preview error for row 1: 'OneHotEncoder' object has no attribute '_drop_idx_after_grouping'
2026-03-04 18:56:59,871 | ERROR | Preview error for row 2: 'OneHotEncoder' object has no attribute '_drop_idx_after_grouping'
2026-03-04 18:56:59,897 | ERROR | Preview error for row 3: 'OneHotEncoder' object has no attribute '_drop_idx_after_grouping'
2026-03-04 18:56:59,900 | INFO | 127.0.0.1 - - [04/Mar/2026 18:56:59] "POST /api/predict/preview HTTP/1.1" 200 -
2026-03-04 18:58:12,699 | INFO |  * Detected change in 'C:\\Users\\pavat\\Desktop\\HRReactWeb_AppV26\\HRReactWeb_AppV26\\Employee_Retention\\base_config.py', reloading
2026-03-04 18:58:12,700 | INFO |  * Detected change in 'C:\\Users\\pavat\\Desktop\\HRReactWeb_AppV26\\HRReactWeb_AppV26\\Employee_Retention\\base_config.py', reloading
2026-03-04 18:58:12,700 | INFO |  * Detected change in 'C:\\Users\\pavat\\Desktop\\HRReactWeb_AppV26\\HRReactWeb_AppV26\\Employee_Retention\\base_config.py', reloading
2026-03-04 18:58:13,574 | INFO |  * Restarting with watchdog (windowsapi)
2026-03-04 18:58:16,002 | INFO | Starting Employee Attrition Prediction API...
2026-03-04 18:58:16,002 | INFO | Model path: None
2026-03-04 18:59:18,024 | INFO | Starting Employee Attrition Prediction API...
2026-03-04 18:59:18,024 | INFO | Model path: Employee_Retention/employee_attrition_model.pkl
2026-03-04 18:59:18,045 | INFO | [31m[1mWARNING: This is a development server. Do not use it in a production deployment. Use a production WSGI server instead.[0m
 * Running on all addresses (0.0.0.0)
 * Running on http://127.0.0.1:5003
 * Running on http://192.168.1.12:5003
2026-03-04 18:59:18,045 | INFO | [33mPress CTRL+C to quit[0m
2026-03-04 18:59:18,052 | INFO |  * Restarting with watchdog (windowsapi)
2026-03-04 18:59:20,330 | INFO | Starting Employee Attrition Prediction API...
2026-03-04 18:59:20,330 | INFO | Model path: Employee_Retention/employee_attrition_model.pkl
2026-03-04 18:59:20,343 | WARNING |  * Debugger is active!
2026-03-04 18:59:20,351 | INFO |  * Debugger PIN: 796-502-977
2026-03-04 18:59:47,818 | INFO | 127.0.0.1 - - [04/Mar/2026 18:59:47] "GET /api/test HTTP/1.1" 200 -
2026-03-04 19:01:19,884 | INFO | 127.0.0.1 - - [04/Mar/2026 19:01:19] "GET /api/test HTTP/1.1" 200 -
2026-03-04 19:01:47,167 | ERROR | Preview error for row 0: 'OneHotEncoder' object has no attribute '_drop_idx_after_grouping'
2026-03-04 19:01:47,194 | ERROR | Preview error for row 1: 'OneHotEncoder' object has no attribute '_drop_idx_after_grouping'
2026-03-04 19:01:47,217 | ERROR | Preview error for row 2: 'OneHotEncoder' object has no attribute '_drop_idx_after_grouping'
2026-03-04 19:01:47,244 | ERROR | Preview error for row 3: 'OneHotEncoder' object has no attribute '_drop_idx_after_grouping'
2026-03-04 19:01:47,246 | INFO | 127.0.0.1 - - [04/Mar/2026 19:01:47] "POST /api/predict/preview HTTP/1.1" 200 -
2026-03-04 19:01:50,950 | INFO | CSV loaded with 4 rows and columns: ['Age', 'BusinessTravel', 'JobRole', 'JobLevel', 'MonthlyIncome', 'OverTime']
2026-03-04 19:01:50,950 | INFO | Processing 4 employees for attrition prediction...
2026-03-04 19:01:50,950 | INFO | Predicting employee index 0...
2026-03-04 19:01:50,974 | ERROR | Error processing employee 0: 'OneHotEncoder' object has no attribute '_drop_idx_after_grouping'
2026-03-04 19:01:50,974 | INFO | Predicting employee index 1...
2026-03-04 19:01:50,995 | ERROR | Error processing employee 1: 'OneHotEncoder' object has no attribute '_drop_idx_after_grouping'
2026-03-04 19:01:50,995 | INFO | Predicting employee index 2...
2026-03-04 19:01:51,018 | ERROR | Error processing employee 2: 'OneHotEncoder' object has no attribute '_drop_idx_after_grouping'
2026-03-04 19:01:51,019 | INFO | Predicting employee index 3...
2026-03-04 19:01:51,040 | ERROR | Error processing employee 3: 'OneHotEncoder' object has no attribute '_drop_idx_after_grouping'
2026-03-04 19:01:51,048 | ERROR | Batch prediction error: Column 'Risk_Score' has dtype object, cannot use method 'nlargest' with this dtype
2026-03-04 19:01:51,051 | ERROR | Traceback (most recent call last):
  File "C:\Users\pavat\Desktop\HRReactWeb_AppV26\HRReactWeb_AppV26\Employee_Retention\API.py", line 155, in predict_batch
    high_risk_df = df[df['Risk_Label'] == 'High Risk'].nlargest(5,
  File "C:\Users\pavat\Desktop\MyFinal\Lib\Python38\lib\site-packages\pandas\core\frame.py", line 7327, in nlargest
    return algorithms.SelectNFrame(self, n=n, keep=keep, columns=columns).nlargest()
  File "C:\Users\pavat\Desktop\MyFinal\Lib\Python38\lib\site-packages\pandas\core\algorithms.py", line 1273, in nlargest
    return self.compute("nlargest")
  File "C:\Users\pavat\Desktop\MyFinal\Lib\Python38\lib\site-packages\pandas\core\algorithms.py", line 1404, in compute
    raise TypeError(
TypeError: Column 'Risk_Score' has dtype object, cannot use method 'nlargest' with this dtype

2026-03-04 19:01:51,053 | INFO | 127.0.0.1 - - [04/Mar/2026 19:01:51] "[35m[1mPOST /api/predict/batch HTTP/1.1[0m" 500 -
2026-03-04 19:07:28,655 | INFO |  * Detected change in 'C:\\Users\\pavat\\Desktop\\HRReactWeb_AppV26\\HRReactWeb_AppV26\\Employee_Retention\\API.py', reloading
2026-03-04 19:07:28,656 | INFO |  * Detected change in 'C:\\Users\\pavat\\Desktop\\HRReactWeb_AppV26\\HRReactWeb_AppV26\\Employee_Retention\\API.py', reloading
2026-03-04 19:07:28,656 | INFO |  * Detected change in 'C:\\Users\\pavat\\Desktop\\HRReactWeb_AppV26\\HRReactWeb_AppV26\\Employee_Retention\\API.py', reloading
2026-03-04 19:07:29,717 | INFO |  * Restarting with watchdog (windowsapi)
2026-03-04 19:07:32,083 | INFO | Starting Employee Attrition Prediction API...
2026-03-04 19:07:32,083 | INFO | Model path: Employee_Retention/employee_attrition_model.pkl
2026-03-04 19:07:32,092 | WARNING |  * Debugger is active!
2026-03-04 19:07:32,096 | INFO |  * Debugger PIN: 796-502-977
2026-03-04 19:07:32,833 | INFO |  * Detected change in 'C:\\Users\\pavat\\Desktop\\MyFinal\\Lib\\Python38\\Lib\\site-packages\\sklearn\\base.py', reloading
2026-03-04 19:07:33,260 | INFO |  * Restarting with watchdog (windowsapi)
2026-03-04 19:07:35,310 | INFO | Starting Employee Attrition Prediction API...
2026-03-04 19:07:35,311 | INFO | Model path: Employee_Retention/employee_attrition_model.pkl
2026-03-04 19:07:35,319 | WARNING |  * Debugger is active!
2026-03-04 19:07:35,323 | INFO |  * Debugger PIN: 796-502-977
2026-03-04 19:09:20,055 | INFO | 127.0.0.1 - - [04/Mar/2026 19:09:20] "GET /api/test HTTP/1.1" 200 -
2026-03-04 19:09:29,388 | ERROR | Preview error for row 0: 'OneHotEncoder' object has no attribute '_drop_idx_after_grouping'
2026-03-04 19:09:29,412 | ERROR | Preview error for row 1: 'OneHotEncoder' object has no attribute '_drop_idx_after_grouping'
2026-03-04 19:09:29,438 | ERROR | Preview error for row 2: 'OneHotEncoder' object has no attribute '_drop_idx_after_grouping'
2026-03-04 19:09:29,465 | ERROR | Preview error for row 3: 'OneHotEncoder' object has no attribute '_drop_idx_after_grouping'
2026-03-04 19:09:29,466 | INFO | 127.0.0.1 - - [04/Mar/2026 19:09:29] "POST /api/predict/preview HTTP/1.1" 200 -
2026-03-04 19:09:31,023 | INFO | CSV loaded with 4 rows and columns: ['Age', 'BusinessTravel', 'JobRole', 'JobLevel', 'MonthlyIncome', 'OverTime']
2026-03-04 19:09:31,023 | INFO | Processing 4 employees for attrition prediction...
2026-03-04 19:09:31,054 | ERROR | Error processing employee 0: 'OneHotEncoder' object has no attribute '_drop_idx_after_grouping'
2026-03-04 19:09:31,079 | ERROR | Error processing employee 1: 'OneHotEncoder' object has no attribute '_drop_idx_after_grouping'
2026-03-04 19:09:31,117 | ERROR | Error processing employee 2: 'OneHotEncoder' object has no attribute '_drop_idx_after_grouping'
2026-03-04 19:09:31,137 | ERROR | Error processing employee 3: 'OneHotEncoder' object has no attribute '_drop_idx_after_grouping'
2026-03-04 19:09:31,151 | INFO | 127.0.0.1 - - [04/Mar/2026 19:09:31] "POST /api/predict/batch HTTP/1.1" 200 -
2026-03-04 19:12:06,632 | INFO |  * Detected change in 'C:\\Users\\pavat\\Desktop\\HRReactWeb_AppV26\\HRReactWeb_AppV26\\Employee_Retention\\API.py', reloading
2026-03-04 19:12:06,634 | INFO |  * Detected change in 'C:\\Users\\pavat\\Desktop\\HRReactWeb_AppV26\\HRReactWeb_AppV26\\Employee_Retention\\API.py', reloading
2026-03-04 19:12:06,634 | INFO |  * Detected change in 'C:\\Users\\pavat\\Desktop\\HRReactWeb_AppV26\\HRReactWeb_AppV26\\Employee_Retention\\API.py', reloading
2026-03-04 19:12:06,990 | INFO |  * Restarting with watchdog (windowsapi)
2026-03-04 19:12:09,549 | INFO | Starting Employee Attrition Prediction API...
2026-03-04 19:12:09,549 | INFO | Model path: Employee_Retention/employee_attrition_model.pkl
2026-03-04 19:12:09,559 | WARNING |  * Debugger is active!
2026-03-04 19:12:09,563 | INFO |  * Debugger PIN: 796-502-977
2026-03-04 19:12:09,923 | INFO |  * Detected change in 'C:\\Users\\pavat\\Desktop\\HRReactWeb_AppV26\\HRReactWeb_AppV26\\Dynamic_Interview\\InterviewDataProcessor.py', reloading
2026-03-04 19:12:10,742 | INFO |  * Restarting with watchdog (windowsapi)
2026-03-04 19:12:12,781 | INFO | Starting Employee Attrition Prediction API...
2026-03-04 19:12:12,781 | INFO | Model path: Employee_Retention/employee_attrition_model.pkl
2026-03-04 19:12:12,790 | WARNING |  * Debugger is active!
2026-03-04 19:12:12,793 | INFO |  * Debugger PIN: 796-502-977
2026-03-04 19:14:24,035 | INFO |  * Detected change in 'C:\\Users\\pavat\\Desktop\\MyFinal\\Lib\\Python38\\Lib\\site-packages\\pandocfilters-1.4.3.dist-info.zip', reloading
2026-03-04 19:14:24,401 | INFO |  * Restarting with watchdog (windowsapi)
2026-03-04 19:14:27,760 | INFO | Starting Employee Attrition Prediction API...
2026-03-04 19:14:27,760 | INFO | Model path: Employee_Retention/employee_attrition_model.pkl
2026-03-04 19:14:27,776 | WARNING |  * Debugger is active!
2026-03-04 19:14:27,785 | INFO |  * Debugger PIN: 796-502-977
2026-03-04 19:14:27,834 | INFO |  * Detected change in 'C:\\Users\\pavat\\Desktop\\MyFinal\\Lib\\Python38\\Lib\\site-packages\\pandas\\core\\tools\\datetimes.py', reloading
2026-03-04 19:14:27,849 | INFO |  * Detected change in 'C:\\Users\\pavat\\Desktop\\MyFinal\\Lib\\Python38\\Lib\\site-packages\\pandas\\core\\tools\\numeric.py', reloading
2026-03-04 19:14:27,861 | INFO |  * Detected change in 'C:\\Users\\pavat\\Desktop\\MyFinal\\Lib\\Python38\\Lib\\site-packages\\pandas\\core\\tools\\timedeltas.py', reloading
2026-03-04 19:14:27,874 | INFO |  * Detected change in 'C:\\Users\\pavat\\Desktop\\MyFinal\\Lib\\Python38\\Lib\\site-packages\\pandas\\core\\tools\\times.py', reloading
2026-03-04 19:14:27,928 | INFO |  * Detected change in 'C:\\Users\\pavat\\Desktop\\MyFinal\\Lib\\Python38\\Lib\\site-packages\\pandas\\core\\util\\hashing.py', reloading
2026-03-04 19:14:27,942 | INFO |  * Detected change in 'C:\\Users\\pavat\\Desktop\\MyFinal\\Lib\\Python38\\Lib\\site-packages\\pandas\\core\\util\\numba_.py', reloading
2026-03-04 19:14:27,978 | INFO |  * Detected change in 'C:\\Users\\pavat\\Desktop\\MyFinal\\Lib\\Python38\\Lib\\site-packages\\pandas\\core\\window\\common.py', reloading
2026-03-04 19:14:27,990 | INFO |  * Detected change in 'C:\\Users\\pavat\\Desktop\\MyFinal\\Lib\\Python38\\Lib\\site-packages\\pandas\\core\\window\\doc.py', reloading
2026-03-04 19:14:28,004 | INFO |  * Detected change in 'C:\\Users\\pavat\\Desktop\\MyFinal\\Lib\\Python38\\Lib\\site-packages\\pandas\\core\\window\\ewm.py', reloading
2026-03-04 19:14:28,020 | INFO |  * Detected change in 'C:\\Users\\pavat\\Desktop\\MyFinal\\Lib\\Python38\\Lib\\site-packages\\pandas\\core\\window\\expanding.py', reloading
2026-03-04 19:14:28,035 | INFO |  * Detected change in 'C:\\Users\\pavat\\Desktop\\MyFinal\\Lib\\Python38\\Lib\\site-packages\\pandas\\core\\window\\numba_.py', reloading
2026-03-04 19:14:28,053 | INFO |  * Detected change in 'C:\\Users\\pavat\\Desktop\\MyFinal\\Lib\\Python38\\Lib\\site-packages\\pandas\\core\\window\\online.py', reloading
2026-03-04 19:14:28,065 | INFO |  * Detected change in 'C:\\Users\\pavat\\Desktop\\MyFinal\\Lib\\Python38\\Lib\\site-packages\\pandas\\core\\window\\rolling.py', reloading
2026-03-04 19:14:28,083 | INFO |  * Detected change in 'C:\\Users\\pavat\\Desktop\\MyFinal\\Lib\\Python38\\Lib\\site-packages\\pandas\\core\\window\\__init__.py', reloading
2026-03-04 19:14:28,163 | INFO |  * Detected change in 'C:\\Users\\pavat\\Desktop\\MyFinal\\Lib\\Python38\\Lib\\site-packages\\pandas\\core\\_numba\\executor.py', reloading
2026-03-04 19:14:28,176 | INFO |  * Detected change in 'C:\\Users\\pavat\\Desktop\\MyFinal\\Lib\\Python38\\Lib\\site-packages\\pandas\\core\\_numba\\kernels\\mean_.py', reloading
2026-03-04 19:14:28,194 | INFO |  * Detected change in 'C:\\Users\\pavat\\Desktop\\MyFinal\\Lib\\Python38\\Lib\\site-packages\\pandas\\core\\_numba\\kernels\\min_max_.py', reloading
2026-03-04 19:14:28,209 | INFO |  * Detected change in 'C:\\Users\\pavat\\Desktop\\MyFinal\\Lib\\Python38\\Lib\\site-packages\\pandas\\core\\_numba\\kernels\\shared.py', reloading
2026-03-04 19:14:28,223 | INFO |  * Detected change in 'C:\\Users\\pavat\\Desktop\\MyFinal\\Lib\\Python38\\Lib\\site-packages\\pandas\\core\\_numba\\kernels\\sum_.py', reloading
2026-03-04 19:14:28,239 | INFO |  * Detected change in 'C:\\Users\\pavat\\Desktop\\MyFinal\\Lib\\Python38\\Lib\\site-packages\\pandas\\core\\_numba\\kernels\\var_.py', reloading
2026-03-04 19:14:28,257 | INFO |  * Detected change in 'C:\\Users\\pavat\\Desktop\\MyFinal\\Lib\\Python38\\Lib\\site-packages\\pandas\\core\\_numba\\kernels\\__init__.py', reloading
2026-03-04 19:14:28,761 | INFO |  * Detected change in 'C:\\Users\\pavat\\Desktop\\MyFinal\\Lib\\Python38\\Lib\\site-packages\\pandas\\errors\\__init__.py', reloading
2026-03-04 19:14:28,801 | INFO |  * Detected change in 'C:\\Users\\pavat\\Desktop\\MyFinal\\Lib\\Python38\\Lib\\site-packages\\pandas\\io\\api.py', reloading
2026-03-04 19:14:28,820 | INFO |  * Detected change in 'C:\\Users\\pavat\\Desktop\\MyFinal\\Lib\\Python38\\Lib\\site-packages\\pandas\\io\\clipboard\\__init__.py', reloading
2026-03-04 19:14:29,136 | INFO |  * Restarting with watchdog (windowsapi)
2026-03-04 19:14:34,229 | INFO | Starting Employee Attrition Prediction API...
2026-03-04 19:14:34,229 | INFO | Model path: Employee_Retention/employee_attrition_model.pkl
2026-03-04 19:14:34,244 | WARNING |  * Debugger is active!
2026-03-04 19:14:34,253 | INFO |  * Debugger PIN: 796-502-977
2026-03-04 19:14:34,317 | INFO |  * Detected change in 'C:\\Users\\pavat\\Desktop\\MyFinal\\Lib\\Python38\\Lib\\site-packages\\pandas\\tests\\arrays\\sparse\\test_accessor.py', reloading
2026-03-04 19:14:34,329 | INFO |  * Detected change in 'C:\\Users\\pavat\\Desktop\\MyFinal\\Lib\\Python38\\Lib\\site-packages\\pandas\\tests\\arrays\\sparse\\test_arithmetics.py', reloading
2026-03-04 19:14:34,342 | INFO |  * Detected change in 'C:\\Users\\pavat\\Desktop\\MyFinal\\Lib\\Python38\\Lib\\site-packages\\pandas\\tests\\arrays\\sparse\\test_array.py', reloading
2026-03-04 19:14:34,356 | INFO |  * Detected change in 'C:\\Users\\pavat\\Desktop\\MyFinal\\Lib\\Python38\\Lib\\site-packages\\pandas\\tests\\arrays\\sparse\\test_astype.py', reloading
2026-03-04 19:14:34,367 | INFO |  * Detected change in 'C:\\Users\\pavat\\Desktop\\MyFinal\\Lib\\Python38\\Lib\\site-packages\\pandas\\tests\\arrays\\sparse\\test_combine_concat.py', reloading
2026-03-04 19:14:34,378 | INFO |  * Detected change in 'C:\\Users\\pavat\\Desktop\\MyFinal\\Lib\\Python38\\Lib\\site-packages\\pandas\\tests\\arrays\\sparse\\test_constructors.py', reloading
2026-03-04 19:14:34,391 | INFO |  * Detected change in 'C:\\Users\\pavat\\Desktop\\MyFinal\\Lib\\Python38\\Lib\\site-packages\\pandas\\tests\\arrays\\sparse\\test_dtype.py', reloading
2026-03-04 19:14:34,404 | INFO |  * Detected change in 'C:\\Users\\pavat\\Desktop\\MyFinal\\Lib\\Python38\\Lib\\site-packages\\pandas\\tests\\arrays\\sparse\\test_indexing.py', reloading
2026-03-04 19:14:34,415 | INFO |  * Detected change in 'C:\\Users\\pavat\\Desktop\\MyFinal\\Lib\\Python38\\Lib\\site-packages\\pandas\\tests\\arrays\\sparse\\test_libsparse.py', reloading
2026-03-04 19:14:34,426 | INFO |  * Detected change in 'C:\\Users\\pavat\\Desktop\\MyFinal\\Lib\\Python38\\Lib\\site-packages\\pandas\\tests\\arrays\\sparse\\test_reductions.py', reloading
2026-03-04 19:14:34,439 | INFO |  * Detected change in 'C:\\Users\\pavat\\Desktop\\MyFinal\\Lib\\Python38\\Lib\\site-packages\\pandas\\tests\\arrays\\sparse\\test_unary.py', reloading
2026-03-04 19:14:34,571 | INFO |  * Detected change in 'C:\\Users\\pavat\\Desktop\\MyFinal\\Lib\\Python38\\Lib\\site-packages\\pandas\\tests\\arrays\\string_\\test_string.py', reloading
2026-03-04 19:14:34,586 | INFO |  * Detected change in 'C:\\Users\\pavat\\Desktop\\MyFinal\\Lib\\Python38\\Lib\\site-packages\\pandas\\tests\\arrays\\string_\\test_string_arrow.py', reloading
2026-03-04 19:14:34,624 | INFO |  * Detected change in 'C:\\Users\\pavat\\Desktop\\MyFinal\\Lib\\Python38\\Lib\\site-packages\\pandas\\tests\\arrays\\test_array.py', reloading
2026-03-04 19:14:34,636 | INFO |  * Detected change in 'C:\\Users\\pavat\\Desktop\\MyFinal\\Lib\\Python38\\Lib\\site-packages\\pandas\\tests\\arrays\\test_datetimelike.py', reloading
2026-03-04 19:14:34,652 | INFO |  * Detected change in 'C:\\Users\\pavat\\Desktop\\MyFinal\\Lib\\Python38\\Lib\\site-packages\\pandas\\tests\\arrays\\test_datetimes.py', reloading
2026-03-04 19:14:34,665 | INFO |  * Detected change in 'C:\\Users\\pavat\\Desktop\\MyFinal\\Lib\\Python38\\Lib\\site-packages\\pandas\\tests\\arrays\\test_ndarray_backed.py', reloading
2026-03-04 19:14:34,676 | INFO |  * Detected change in 'C:\\Users\\pavat\\Desktop\\MyFinal\\Lib\\Python38\\Lib\\site-packages\\pandas\\tests\\arrays\\test_period.py', reloading
2026-03-04 19:14:34,690 | INFO |  * Detected change in 'C:\\Users\\pavat\\Desktop\\MyFinal\\Lib\\Python38\\Lib\\site-packages\\pandas\\tests\\arrays\\test_timedeltas.py', reloading
2026-03-04 19:14:34,703 | INFO |  * Detected change in 'C:\\Users\\pavat\\Desktop\\MyFinal\\Lib\\Python38\\Lib\\site-packages\\pandas\\tests\\arrays\\timedeltas\\test_constructors.py', reloading
2026-03-04 19:14:34,714 | INFO |  * Detected change in 'C:\\Users\\pavat\\Desktop\\MyFinal\\Lib\\Python38\\Lib\\site-packages\\pandas\\tests\\arrays\\timedeltas\\test_reductions.py', reloading
2026-03-04 19:14:34,838 | INFO |  * Detected change in 'C:\\Users\\pavat\\Desktop\\MyFinal\\Lib\\Python38\\Lib\\site-packages\\pandas\\tests\\base\\common.py', reloading
2026-03-04 19:14:34,850 | INFO |  * Detected change in 'C:\\Users\\pavat\\Desktop\\MyFinal\\Lib\\Python38\\Lib\\site-packages\\pandas\\tests\\base\\test_constructors.py', reloading
2026-03-04 19:14:34,867 | INFO |  * Detected change in 'C:\\Users\\pavat\\Desktop\\MyFinal\\Lib\\Python38\\Lib\\site-packages\\pandas\\tests\\base\\test_conversion.py', reloading
2026-03-04 19:14:34,887 | INFO |  * Detected change in 'C:\\Users\\pavat\\Desktop\\MyFinal\\Lib\\Python38\\Lib\\site-packages\\pandas\\tests\\base\\test_fillna.py', reloading
2026-03-04 19:14:34,905 | INFO |  * Detected change in 'C:\\Users\\pavat\\Desktop\\MyFinal\\Lib\\Python38\\Lib\\site-packages\\pandas\\tests\\base\\test_misc.py', reloading
2026-03-04 19:14:34,926 | INFO |  * Detected change in 'C:\\Users\\pavat\\Desktop\\MyFinal\\Lib\\Python38\\Lib\\site-packages\\pandas\\tests\\base\\test_transpose.py', reloading
2026-03-04 19:14:34,941 | INFO |  * Detected change in 'C:\\Users\\pavat\\Desktop\\MyFinal\\Lib\\Python38\\Lib\\site-packages\\pandas\\tests\\base\\test_unique.py', reloading
2026-03-04 19:14:34,957 | INFO |  * Detected change in 'C:\\Users\\pavat\\Desktop\\MyFinal\\Lib\\Python38\\Lib\\site-packages\\pandas\\tests\\base\\test_value_counts.py', reloading
2026-03-04 19:14:35,067 | INFO |  * Detected change in 'C:\\Users\\pavat\\Desktop\\MyFinal\\Lib\\Python38\\Lib\\site-packages\\pandas\\tests\\computation\\test_compat.py', reloading
2026-03-04 19:14:35,080 | INFO |  * Detected change in 'C:\\Users\\pavat\\Desktop\\MyFinal\\Lib\\Python38\\Lib\\site-packages\\pandas\\tests\\computation\\test_eval.py', reloading
2026-03-04 19:14:35,139 | INFO |  * Detected change in 'C:\\Users\\pavat\\Desktop\\MyFinal\\Lib\\Python38\\Lib\\site-packages\\pandas\\tests\\config\\test_config.py', reloading
2026-03-04 19:14:35,155 | INFO |  * Detected change in 'C:\\Users\\pavat\\Desktop\\MyFinal\\Lib\\Python38\\Lib\\site-packages\\pandas\\tests\\config\\test_localization.py', reloading
2026-03-04 19:14:35,203 | INFO |  * Detected change in 'C:\\Users\\pavat\\Desktop\\MyFinal\\Lib\\Python38\\Lib\\site-packages\\pandas\\tests\\construction\\test_extract_array.py', reloading
2026-03-04 19:14:35,235 | INFO |  * Detected change in 'C:\\Users\\pavat\\Desktop\\MyFinal\\Lib\\Python38\\Lib\\site-packages\\pandas\\tests\\copy_view\\test_indexing.py', reloading
2026-03-04 19:14:35,248 | INFO |  * Detected change in 'C:\\Users\\pavat\\Desktop\\MyFinal\\Lib\\Python38\\Lib\\site-packages\\pandas\\tests\\copy_view\\test_internals.py', reloading
2026-03-04 19:14:35,258 | INFO |  * Detected change in 'C:\\Users\\pavat\\Desktop\\MyFinal\\Lib\\Python38\\Lib\\site-packages\\pandas\\tests\\copy_view\\test_methods.py', reloading
2026-03-04 19:14:35,270 | INFO |  * Detected change in 'C:\\Users\\pavat\\Desktop\\MyFinal\\Lib\\Python38\\Lib\\site-packages\\pandas\\tests\\copy_view\\test_setitem.py', reloading
2026-03-04 19:14:35,283 | INFO |  * Detected change in 'C:\\Users\\pavat\\Desktop\\MyFinal\\Lib\\Python38\\Lib\\site-packages\\pandas\\tests\\copy_view\\util.py', reloading
2026-03-04 19:14:35,475 | INFO |  * Restarting with watchdog (windowsapi)
2026-03-04 19:14:42,299 | INFO | Starting Employee Attrition Prediction API...
2026-03-04 19:14:42,300 | INFO | Model path: Employee_Retention/employee_attrition_model.pkl
2026-03-04 19:14:42,329 | WARNING |  * Debugger is active!
2026-03-04 19:14:42,345 | INFO |  * Debugger PIN: 796-502-977
2026-03-04 19:14:42,404 | INFO |  * Detected change in 'C:\\Users\\pavat\\Desktop\\MyFinal\\Lib\\Python38\\Lib\\site-packages\\pandas\\tests\\frame\\test_validate.py', reloading
2026-03-04 19:14:42,767 | INFO |  * Detected change in 'C:\\Users\\pavat\\Desktop\\MyFinal\\Lib\\Python38\\Lib\\site-packages\\pandas\\tests\\generic\\test_duplicate_labels.py', reloading
2026-03-04 19:14:42,787 | INFO |  * Detected change in 'C:\\Users\\pavat\\Desktop\\MyFinal\\Lib\\Python38\\Lib\\site-packages\\pandas\\tests\\generic\\test_finalize.py', reloading
2026-03-04 19:14:42,810 | INFO |  * Detected change in 'C:\\Users\\pavat\\Desktop\\MyFinal\\Lib\\Python38\\Lib\\site-packages\\pandas\\tests\\generic\\test_frame.py', reloading
2026-03-04 19:14:42,828 | INFO |  * Detected change in 'C:\\Users\\pavat\\Desktop\\MyFinal\\Lib\\Python38\\Lib\\site-packages\\pandas\\tests\\generic\\test_generic.py', reloading
2026-03-04 19:14:42,849 | INFO |  * Detected change in 'C:\\Users\\pavat\\Desktop\\MyFinal\\Lib\\Python38\\Lib\\site-packages\\pandas\\tests\\generic\\test_label_or_level_utils.py', reloading
2026-03-04 19:14:42,867 | INFO |  * Detected change in 'C:\\Users\\pavat\\Desktop\\MyFinal\\Lib\\Python38\\Lib\\site-packages\\pandas\\tests\\generic\\test_series.py', reloading
2026-03-04 19:14:42,884 | INFO |  * Detected change in 'C:\\Users\\pavat\\Desktop\\MyFinal\\Lib\\Python38\\Lib\\site-packages\\pandas\\tests\\generic\\test_to_xarray.py', reloading
2026-03-04 19:14:43,012 | INFO |  * Detected change in 'C:\\Users\\pavat\\Desktop\\MyFinal\\Lib\\Python38\\Lib\\site-packages\\pandas\\tests\\groupby\\aggregate\\test_aggregate.py', reloading
2026-03-04 19:14:43,040 | INFO |  * Detected change in 'C:\\Users\\pavat\\Desktop\\MyFinal\\Lib\\Python38\\Lib\\site-packages\\pandas\\tests\\groupby\\aggregate\\test_cython.py', reloading
2026-03-04 19:14:43,063 | INFO |  * Detected change in 'C:\\Users\\pavat\\Desktop\\MyFinal\\Lib\\Python38\\Lib\\site-packages\\pandas\\tests\\groupby\\aggregate\\test_numba.py', reloading
2026-03-04 19:14:43,082 | INFO |  * Detected change in 'C:\\Users\\pavat\\Desktop\\MyFinal\\Lib\\Python38\\Lib\\site-packages\\pandas\\tests\\groupby\\aggregate\\test_other.py', reloading
2026-03-04 19:14:43,171 | INFO |  * Detected change in 'C:\\Users\\pavat\\Desktop\\MyFinal\\Lib\\Python38\\Lib\\site-packages\\pandas\\tests\\groupby\\conftest.py', reloading
2026-03-04 19:14:43,191 | INFO |  * Detected change in 'C:\\Users\\pavat\\Desktop\\MyFinal\\Lib\\Python38\\Lib\\site-packages\\pandas\\tests\\groupby\\test_allowlist.py', reloading
2026-03-04 19:14:43,217 | INFO |  * Detected change in 'C:\\Users\\pavat\\Desktop\\MyFinal\\Lib\\Python38\\Lib\\site-packages\\pandas\\tests\\groupby\\test_any_all.py', reloading
2026-03-04 19:14:43,240 | INFO |  * Detected change in 'C:\\Users\\pavat\\Desktop\\MyFinal\\Lib\\Python38\\Lib\\site-packages\\pandas\\tests\\groupby\\test_apply.py', reloading
2026-03-04 19:14:43,267 | INFO |  * Detected change in 'C:\\Users\\pavat\\Desktop\\MyFinal\\Lib\\Python38\\Lib\\site-packages\\pandas\\tests\\groupby\\test_apply_mutate.py', reloading
2026-03-04 19:14:43,287 | INFO |  * Detected change in 'C:\\Users\\pavat\\Desktop\\MyFinal\\Lib\\Python38\\Lib\\site-packages\\pandas\\tests\\groupby\\test_bin_groupby.py', reloading
2026-03-04 19:14:43,310 | INFO |  * Detected change in 'C:\\Users\\pavat\\Desktop\\MyFinal\\Lib\\Python38\\Lib\\site-packages\\pandas\\tests\\groupby\\test_categorical.py', reloading
2026-03-04 19:14:43,342 | INFO |  * Detected change in 'C:\\Users\\pavat\\Desktop\\MyFinal\\Lib\\Python38\\Lib\\site-packages\\pandas\\tests\\groupby\\test_counting.py', reloading
2026-03-04 19:14:43,366 | INFO |  * Detected change in 'C:\\Users\\pavat\\Desktop\\MyFinal\\Lib\\Python38\\Lib\\site-packages\\pandas\\tests\\groupby\\test_filters.py', reloading
2026-03-04 19:14:43,391 | INFO |  * Detected change in 'C:\\Users\\pavat\\Desktop\\MyFinal\\Lib\\Python38\\Lib\\site-packages\\pandas\\tests\\groupby\\test_frame_value_counts.py', reloading
2026-03-04 19:14:43,418 | INFO |  * Detected change in 'C:\\Users\\pavat\\Desktop\\MyFinal\\Lib\\Python38\\Lib\\site-packages\\pandas\\tests\\groupby\\test_function.py', reloading
2026-03-04 19:14:43,720 | INFO |  * Restarting with watchdog (windowsapi)
2026-03-04 19:14:52,429 | INFO | Starting Employee Attrition Prediction API...
2026-03-04 19:14:52,429 | INFO | Model path: Employee_Retention/employee_attrition_model.pkl
2026-03-04 19:14:52,456 | WARNING |  * Debugger is active!
2026-03-04 19:14:52,472 | INFO |  * Debugger PIN: 796-502-977
2026-03-04 19:14:52,551 | INFO |  * Detected change in 'C:\\Users\\pavat\\Desktop\\MyFinal\\Lib\\Python38\\Lib\\site-packages\\pandas\\tests\\io\\conftest.py', reloading
2026-03-04 19:14:52,787 | INFO |  * Detected change in 'C:\\Users\\pavat\\Desktop\\MyFinal\\Lib\\Python38\\Lib\\site-packages\\pandas\\tests\\io\\excel\\conftest.py', reloading
2026-03-04 19:14:52,808 | INFO |  * Detected change in 'C:\\Users\\pavat\\Desktop\\MyFinal\\Lib\\Python38\\Lib\\site-packages\\pandas\\tests\\io\\excel\\test_odf.py', reloading
2026-03-04 19:14:52,830 | INFO |  * Detected change in 'C:\\Users\\pavat\\Desktop\\MyFinal\\Lib\\Python38\\Lib\\site-packages\\pandas\\tests\\io\\excel\\test_odswriter.py', reloading
2026-03-04 19:14:52,851 | INFO |  * Detected change in 'C:\\Users\\pavat\\Desktop\\MyFinal\\Lib\\Python38\\Lib\\site-packages\\pandas\\tests\\io\\excel\\test_openpyxl.py', reloading
2026-03-04 19:14:52,875 | INFO |  * Detected change in 'C:\\Users\\pavat\\Desktop\\MyFinal\\Lib\\Python38\\Lib\\site-packages\\pandas\\tests\\io\\excel\\test_readers.py', reloading
2026-03-04 19:14:52,899 | INFO |  * Detected change in 'C:\\Users\\pavat\\Desktop\\MyFinal\\Lib\\Python38\\Lib\\site-packages\\pandas\\tests\\io\\excel\\test_style.py', reloading
2026-03-04 19:14:52,919 | INFO |  * Detected change in 'C:\\Users\\pavat\\Desktop\\MyFinal\\Lib\\Python38\\Lib\\site-packages\\pandas\\tests\\io\\excel\\test_writers.py', reloading
2026-03-04 19:14:52,939 | INFO |  * Detected change in 'C:\\Users\\pavat\\Desktop\\MyFinal\\Lib\\Python38\\Lib\\site-packages\\pandas\\tests\\io\\excel\\test_xlrd.py', reloading
2026-03-04 19:14:52,967 | INFO |  * Detected change in 'C:\\Users\\pavat\\Desktop\\MyFinal\\Lib\\Python38\\Lib\\site-packages\\pandas\\tests\\io\\excel\\test_xlsxwriter.py', reloading
2026-03-04 19:14:52,985 | INFO |  * Detected change in 'C:\\Users\\pavat\\Desktop\\MyFinal\\Lib\\Python38\\Lib\\site-packages\\pandas\\tests\\io\\excel\\test_xlwt.py', reloading
2026-03-04 19:14:53,006 | INFO |  * Detected change in 'C:\\Users\\pavat\\Desktop\\MyFinal\\Lib\\Python38\\Lib\\site-packages\\pandas\\tests\\io\\excel\\__init__.py', reloading
2026-03-04 19:14:53,211 | INFO |  * Detected change in 'C:\\Users\\pavat\\Desktop\\MyFinal\\Lib\\Python38\\Lib\\site-packages\\pandas\\tests\\io\\formats\\style\\test_bar.py', reloading
2026-03-04 19:14:53,232 | INFO |  * Detected change in 'C:\\Users\\pavat\\Desktop\\MyFinal\\Lib\\Python38\\Lib\\site-packages\\pandas\\tests\\io\\formats\\style\\test_deprecated.py', reloading
2026-03-04 19:14:53,254 | INFO |  * Detected change in 'C:\\Users\\pavat\\Desktop\\MyFinal\\Lib\\Python38\\Lib\\site-packages\\pandas\\tests\\io\\formats\\style\\test_exceptions.py', reloading
2026-03-04 19:14:53,272 | INFO |  * Detected change in 'C:\\Users\\pavat\\Desktop\\MyFinal\\Lib\\Python38\\Lib\\site-packages\\pandas\\tests\\io\\formats\\style\\test_format.py', reloading
2026-03-04 19:14:53,292 | INFO |  * Detected change in 'C:\\Users\\pavat\\Desktop\\MyFinal\\Lib\\Python38\\Lib\\site-packages\\pandas\\tests\\io\\formats\\style\\test_highlight.py', reloading
2026-03-04 19:14:53,310 | INFO |  * Detected change in 'C:\\Users\\pavat\\Desktop\\MyFinal\\Lib\\Python38\\Lib\\site-packages\\pandas\\tests\\io\\formats\\style\\test_html.py', reloading
2026-03-04 19:14:53,341 | INFO |  * Detected change in 'C:\\Users\\pavat\\Desktop\\MyFinal\\Lib\\Python38\\Lib\\site-packages\\pandas\\tests\\io\\formats\\style\\test_matplotlib.py', reloading
2026-03-04 19:14:53,359 | INFO |  * Detected change in 'C:\\Users\\pavat\\Desktop\\MyFinal\\Lib\\Python38\\Lib\\site-packages\\pandas\\tests\\io\\formats\\style\\test_non_unique.py', reloading
2026-03-04 19:14:53,376 | INFO |  * Detected change in 'C:\\Users\\pavat\\Desktop\\MyFinal\\Lib\\Python38\\Lib\\site-packages\\pandas\\tests\\io\\formats\\style\\test_style.py', reloading
2026-03-04 19:14:53,404 | INFO |  * Detected change in 'C:\\Users\\pavat\\Desktop\\MyFinal\\Lib\\Python38\\Lib\\site-packages\\pandas\\tests\\io\\formats\\style\\test_tooltip.py', reloading
2026-03-04 19:14:53,422 | INFO |  * Detected change in 'C:\\Users\\pavat\\Desktop\\MyFinal\\Lib\\Python38\\Lib\\site-packages\\pandas\\tests\\io\\formats\\style\\test_to_latex.py', reloading
2026-03-04 19:14:53,445 | INFO |  * Detected change in 'C:\\Users\\pavat\\Desktop\\MyFinal\\Lib\\Python38\\Lib\\site-packages\\pandas\\tests\\io\\formats\\style\\test_to_string.py', reloading
2026-03-04 19:14:53,791 | INFO |  * Restarting with watchdog (windowsapi)
2026-03-04 19:15:01,783 | INFO | Starting Employee Attrition Prediction API...
2026-03-04 19:15:01,783 | INFO | Model path: Employee_Retention/employee_attrition_model.pkl
2026-03-04 19:15:01,813 | WARNING |  * Debugger is active!
2026-03-04 19:15:01,829 | INFO |  * Debugger PIN: 796-502-977
2026-03-04 19:15:01,951 | INFO |  * Detected change in 'C:\\Users\\pavat\\Desktop\\MyFinal\\Lib\\Python38\\Lib\\site-packages\\pandas\\tests\\series\\accessors\\test_cat_accessor.py', reloading
2026-03-04 19:15:01,972 | INFO |  * Detected change in 'C:\\Users\\pavat\\Desktop\\MyFinal\\Lib\\Python38\\Lib\\site-packages\\pandas\\tests\\series\\accessors\\test_dt_accessor.py', reloading
2026-03-04 19:15:01,993 | INFO |  * Detected change in 'C:\\Users\\pavat\\Desktop\\MyFinal\\Lib\\Python38\\Lib\\site-packages\\pandas\\tests\\series\\accessors\\test_sparse_accessor.py', reloading
2026-03-04 19:15:02,009 | INFO |  * Detected change in 'C:\\Users\\pavat\\Desktop\\MyFinal\\Lib\\Python38\\Lib\\site-packages\\pandas\\tests\\series\\accessors\\test_str_accessor.py', reloading
2026-03-04 19:15:02,104 | INFO |  * Detected change in 'C:\\Users\\pavat\\Desktop\\MyFinal\\Lib\\Python38\\Lib\\site-packages\\pandas\\tests\\series\\indexing\\test_datetime.py', reloading
2026-03-04 19:15:02,122 | INFO |  * Detected change in 'C:\\Users\\pavat\\Desktop\\MyFinal\\Lib\\Python38\\Lib\\site-packages\\pandas\\tests\\series\\indexing\\test_delitem.py', reloading
2026-03-04 19:15:02,138 | INFO |  * Detected change in 'C:\\Users\\pavat\\Desktop\\MyFinal\\Lib\\Python38\\Lib\\site-packages\\pandas\\tests\\series\\indexing\\test_get.py', reloading
2026-03-04 19:15:02,154 | INFO |  * Detected change in 'C:\\Users\\pavat\\Desktop\\MyFinal\\Lib\\Python38\\Lib\\site-packages\\pandas\\tests\\series\\indexing\\test_getitem.py', reloading
2026-03-04 19:15:02,172 | INFO |  * Detected change in 'C:\\Users\\pavat\\Desktop\\MyFinal\\Lib\\Python38\\Lib\\site-packages\\pandas\\tests\\series\\indexing\\test_indexing.py', reloading
2026-03-04 19:15:02,189 | INFO |  * Detected change in 'C:\\Users\\pavat\\Desktop\\MyFinal\\Lib\\Python38\\Lib\\site-packages\\pandas\\tests\\series\\indexing\\test_mask.py', reloading
2026-03-04 19:15:02,204 | INFO |  * Detected change in 'C:\\Users\\pavat\\Desktop\\MyFinal\\Lib\\Python38\\Lib\\site-packages\\pandas\\tests\\series\\indexing\\test_setitem.py', reloading
2026-03-04 19:15:02,230 | INFO |  * Detected change in 'C:\\Users\\pavat\\Desktop\\MyFinal\\Lib\\Python38\\Lib\\site-packages\\pandas\\tests\\series\\indexing\\test_set_value.py', reloading
2026-03-04 19:15:02,246 | INFO |  * Detected change in 'C:\\Users\\pavat\\Desktop\\MyFinal\\Lib\\Python38\\Lib\\site-packages\\pandas\\tests\\series\\indexing\\test_take.py', reloading
2026-03-04 19:15:02,262 | INFO |  * Detected change in 'C:\\Users\\pavat\\Desktop\\MyFinal\\Lib\\Python38\\Lib\\site-packages\\pandas\\tests\\series\\indexing\\test_where.py', reloading
2026-03-04 19:15:02,283 | INFO |  * Detected change in 'C:\\Users\\pavat\\Desktop\\MyFinal\\Lib\\Python38\\Lib\\site-packages\\pandas\\tests\\series\\indexing\\test_xs.py', reloading
2026-03-04 19:15:02,455 | INFO |  * Detected change in 'C:\\Users\\pavat\\Desktop\\MyFinal\\Lib\\Python38\\Lib\\site-packages\\pandas\\tests\\series\\methods\\test_align.py', reloading
2026-03-04 19:15:02,471 | INFO |  * Detected change in 'C:\\Users\\pavat\\Desktop\\MyFinal\\Lib\\Python38\\Lib\\site-packages\\pandas\\tests\\series\\methods\\test_append.py', reloading
2026-03-04 19:15:02,488 | INFO |  * Detected change in 'C:\\Users\\pavat\\Desktop\\MyFinal\\Lib\\Python38\\Lib\\site-packages\\pandas\\tests\\series\\methods\\test_argsort.py', reloading
2026-03-04 19:15:02,506 | INFO |  * Detected change in 'C:\\Users\\pavat\\Desktop\\MyFinal\\Lib\\Python38\\Lib\\site-packages\\pandas\\tests\\series\\methods\\test_asof.py', reloading
2026-03-04 19:15:02,523 | INFO |  * Detected change in 'C:\\Users\\pavat\\Desktop\\MyFinal\\Lib\\Python38\\Lib\\site-packages\\pandas\\tests\\series\\methods\\test_astype.py', reloading
2026-03-04 19:15:02,543 | INFO |  * Detected change in 'C:\\Users\\pavat\\Desktop\\MyFinal\\Lib\\Python38\\Lib\\site-packages\\pandas\\tests\\series\\methods\\test_autocorr.py', reloading
2026-03-04 19:15:02,559 | INFO |  * Detected change in 'C:\\Users\\pavat\\Desktop\\MyFinal\\Lib\\Python38\\Lib\\site-packages\\pandas\\tests\\series\\methods\\test_between.py', reloading
2026-03-04 19:15:02,574 | INFO |  * Detected change in 'C:\\Users\\pavat\\Desktop\\MyFinal\\Lib\\Python38\\Lib\\site-packages\\pandas\\tests\\series\\methods\\test_clip.py', reloading
2026-03-04 19:15:02,590 | INFO |  * Detected change in 'C:\\Users\\pavat\\Desktop\\MyFinal\\Lib\\Python38\\Lib\\site-packages\\pandas\\tests\\series\\methods\\test_combine.py', reloading
2026-03-04 19:15:02,604 | INFO |  * Detected change in 'C:\\Users\\pavat\\Desktop\\MyFinal\\Lib\\Python38\\Lib\\site-packages\\pandas\\tests\\series\\methods\\test_combine_first.py', reloading
2026-03-04 19:15:02,620 | INFO |  * Detected change in 'C:\\Users\\pavat\\Desktop\\MyFinal\\Lib\\Python38\\Lib\\site-packages\\pandas\\tests\\series\\methods\\test_compare.py', reloading
2026-03-04 19:15:02,637 | INFO |  * Detected change in 'C:\\Users\\pavat\\Desktop\\MyFinal\\Lib\\Python38\\Lib\\site-packages\\pandas\\tests\\series\\methods\\test_convert.py', reloading
2026-03-04 19:15:02,652 | INFO |  * Detected change in 'C:\\Users\\pavat\\Desktop\\MyFinal\\Lib\\Python38\\Lib\\site-packages\\pandas\\tests\\series\\methods\\test_convert_dtypes.py', reloading
2026-03-04 19:15:02,669 | INFO |  * Detected change in 'C:\\Users\\pavat\\Desktop\\MyFinal\\Lib\\Python38\\Lib\\site-packages\\pandas\\tests\\series\\methods\\test_copy.py', reloading
2026-03-04 19:15:02,684 | INFO |  * Detected change in 'C:\\Users\\pavat\\Desktop\\MyFinal\\Lib\\Python38\\Lib\\site-packages\\pandas\\tests\\series\\methods\\test_count.py', reloading
2026-03-04 19:15:02,701 | INFO |  * Detected change in 'C:\\Users\\pavat\\Desktop\\MyFinal\\Lib\\Python38\\Lib\\site-packages\\pandas\\tests\\series\\methods\\test_cov_corr.py', reloading
2026-03-04 19:15:02,718 | INFO |  * Detected change in 'C:\\Users\\pavat\\Desktop\\MyFinal\\Lib\\Python38\\Lib\\site-packages\\pandas\\tests\\series\\methods\\test_describe.py', reloading
2026-03-04 19:15:02,736 | INFO |  * Detected change in 'C:\\Users\\pavat\\Desktop\\MyFinal\\Lib\\Python38\\Lib\\site-packages\\pandas\\tests\\series\\methods\\test_diff.py', reloading
2026-03-04 19:15:02,752 | INFO |  * Detected change in 'C:\\Users\\pavat\\Desktop\\MyFinal\\Lib\\Python38\\Lib\\site-packages\\pandas\\tests\\series\\methods\\test_drop.py', reloading
2026-03-04 19:15:02,769 | INFO |  * Detected change in 'C:\\Users\\pavat\\Desktop\\MyFinal\\Lib\\Python38\\Lib\\site-packages\\pandas\\tests\\series\\methods\\test_dropna.py', reloading
2026-03-04 19:15:02,790 | INFO |  * Detected change in 'C:\\Users\\pavat\\Desktop\\MyFinal\\Lib\\Python38\\Lib\\site-packages\\pandas\\tests\\series\\methods\\test_drop_duplicates.py', reloading
2026-03-04 19:15:02,807 | INFO |  * Detected change in 'C:\\Users\\pavat\\Desktop\\MyFinal\\Lib\\Python38\\Lib\\site-packages\\pandas\\tests\\series\\methods\\test_dtypes.py', reloading
2026-03-04 19:15:02,824 | INFO |  * Detected change in 'C:\\Users\\pavat\\Desktop\\MyFinal\\Lib\\Python38\\Lib\\site-packages\\pandas\\tests\\series\\methods\\test_duplicated.py', reloading
2026-03-04 19:15:02,839 | INFO |  * Detected change in 'C:\\Users\\pavat\\Desktop\\MyFinal\\Lib\\Python38\\Lib\\site-packages\\pandas\\tests\\series\\methods\\test_equals.py', reloading
2026-03-04 19:15:02,855 | INFO |  * Detected change in 'C:\\Users\\pavat\\Desktop\\MyFinal\\Lib\\Python38\\Lib\\site-packages\\pandas\\tests\\series\\methods\\test_explode.py', reloading
2026-03-04 19:15:02,872 | INFO |  * Detected change in 'C:\\Users\\pavat\\Desktop\\MyFinal\\Lib\\Python38\\Lib\\site-packages\\pandas\\tests\\series\\methods\\test_fillna.py', reloading
2026-03-04 19:15:02,893 | INFO |  * Detected change in 'C:\\Users\\pavat\\Desktop\\MyFinal\\Lib\\Python38\\Lib\\site-packages\\pandas\\tests\\series\\methods\\test_get_numeric_data.py', reloading
2026-03-04 19:15:03,166 | INFO |  * Restarting with watchdog (windowsapi)
2026-03-04 19:15:10,083 | INFO | Starting Employee Attrition Prediction API...
2026-03-04 19:15:10,084 | INFO | Model path: Employee_Retention/employee_attrition_model.pkl
2026-03-04 19:15:10,105 | WARNING |  * Debugger is active!
2026-03-04 19:15:10,119 | INFO |  * Debugger PIN: 796-502-977
2026-03-04 19:15:10,552 | INFO |  * Detected change in 'C:\\Users\\pavat\\Desktop\\MyFinal\\Lib\\Python38\\Lib\\site-packages\\pandocfilters-1.4.3.dist-info.zip', reloading
2026-03-04 19:15:11,410 | INFO |  * Restarting with watchdog (windowsapi)
2026-03-04 19:15:18,922 | INFO | Starting Employee Attrition Prediction API...
2026-03-04 19:15:18,922 | INFO | Model path: Employee_Retention/employee_attrition_model.pkl
2026-03-04 19:15:18,944 | WARNING |  * Debugger is active!
2026-03-04 19:15:18,953 | INFO |  * Debugger PIN: 796-502-977
2026-03-04 19:15:41,546 | INFO |  * Detected change in 'C:\\Users\\pavat\\Desktop\\MyFinal\\Lib\\Python38\\Lib\\site-packages\\pip\\_vendor\\pyparsing\\core.py', reloading
2026-03-04 19:15:41,592 | INFO |  * Detected change in 'C:\\Users\\pavat\\Desktop\\MyFinal\\Lib\\Python38\\Lib\\site-packages\\pip\\_vendor\\packaging\\markers.py', reloading
2026-03-04 19:15:42,615 | INFO |  * Restarting with watchdog (windowsapi)
2026-03-04 19:15:48,688 | INFO | Starting Employee Attrition Prediction API...
2026-03-04 19:15:48,688 | INFO | Model path: Employee_Retention/employee_attrition_model.pkl
2026-03-04 19:15:48,710 | WARNING |  * Debugger is active!
2026-03-04 19:15:48,726 | INFO |  * Debugger PIN: 796-502-977
2026-03-04 19:15:49,352 | INFO |  * Detected change in 'C:\\Users\\pavat\\Desktop\\MyFinal\\Lib\\Python38\\Lib\\site-packages\\pandas\\api\\extensions\\__init__.py', reloading
2026-03-04 19:15:49,354 | INFO |  * Detected change in 'C:\\Users\\pavat\\Desktop\\MyFinal\\Lib\\Python38\\Lib\\site-packages\\pandas\\api\\extensions\\__init__.py', reloading
2026-03-04 19:15:49,355 | INFO |  * Detected change in 'C:\\Users\\pavat\\Desktop\\MyFinal\\Lib\\Python38\\Lib\\site-packages\\pandas\\api\\extensions\\__init__.py', reloading
2026-03-04 19:15:49,356 | INFO |  * Detected change in 'C:\\Users\\pavat\\Desktop\\MyFinal\\Lib\\Python38\\Lib\\site-packages\\pandas\\api\\extensions\\__init__.py', reloading
2026-03-04 19:15:49,760 | INFO |  * Detected change in 'C:\\Users\\pavat\\Desktop\\MyFinal\\Lib\\Python38\\Lib\\site-packages\\pandas\\api\\indexers\\__init__.py', reloading
2026-03-04 19:15:49,761 | INFO |  * Detected change in 'C:\\Users\\pavat\\Desktop\\MyFinal\\Lib\\Python38\\Lib\\site-packages\\pandas\\api\\indexers\\__init__.py', reloading
2026-03-04 19:15:49,954 | INFO |  * Restarting with watchdog (windowsapi)
2026-03-04 19:15:52,936 | INFO | Starting Employee Attrition Prediction API...
2026-03-04 19:15:52,936 | INFO | Model path: Employee_Retention/employee_attrition_model.pkl
2026-03-04 19:15:52,949 | WARNING |  * Debugger is active!
2026-03-04 19:15:52,955 | INFO |  * Debugger PIN: 796-502-977
2026-03-04 19:15:53,438 | INFO |  * Detected change in 'C:\\Users\\pavat\\Desktop\\MyFinal\\Lib\\Python38\\Lib\\site-packages\\pandas\\api\\__init__.py', reloading
2026-03-04 19:15:53,440 | INFO |  * Detected change in 'C:\\Users\\pavat\\Desktop\\MyFinal\\Lib\\Python38\\Lib\\site-packages\\pandas\\api\\__init__.py', reloading
2026-03-04 19:15:53,910 | INFO |  * Detected change in 'C:\\Users\\pavat\\Desktop\\MyFinal\\Lib\\Python38\\Lib\\site-packages\\pandas\\api\\__init__.py', reloading
2026-03-04 19:15:53,911 | INFO |  * Detected change in 'C:\\Users\\pavat\\Desktop\\MyFinal\\Lib\\Python38\\Lib\\site-packages\\pandas\\api\\__init__.py', reloading
2026-03-04 19:15:53,912 | INFO |  * Detected change in 'C:\\Users\\pavat\\Desktop\\MyFinal\\Lib\\Python38\\Lib\\site-packages\\pandas\\api\\__init__.py', reloading
2026-03-04 19:15:53,914 | INFO |  * Detected change in 'C:\\Users\\pavat\\Desktop\\MyFinal\\Lib\\Python38\\Lib\\site-packages\\pandas\\api\\__init__.py', reloading
2026-03-04 19:15:54,190 | INFO |  * Restarting with watchdog (windowsapi)
2026-03-05 00:12:46,948 | INFO | Starting Employee Attrition Prediction API...
2026-03-05 00:12:46,948 | INFO | Model path: Employee_Retention/employee_attrition_model.pkl
2026-03-05 00:12:47,072 | INFO | [31m[1mWARNING: This is a development server. Do not use it in a production deployment. Use a production WSGI server instead.[0m
 * Running on all addresses (0.0.0.0)
 * Running on http://127.0.0.1:5003
 * Running on http://192.168.8.155:5003
2026-03-05 00:12:47,072 | INFO | [33mPress CTRL+C to quit[0m
2026-03-05 00:12:47,093 | INFO |  * Restarting with watchdog (windowsapi)
2026-03-05 00:12:51,353 | INFO | Starting Employee Attrition Prediction API...
2026-03-05 00:12:51,353 | INFO | Model path: Employee_Retention/employee_attrition_model.pkl
2026-03-05 00:12:51,374 | WARNING |  * Debugger is active!
2026-03-05 00:12:51,384 | INFO |  * Debugger PIN: 403-625-082
2026-03-05 08:17:57,247 | INFO |  * Detected change in 'C:\\Users\\pavat\\Downloads\\Python3_UpdateV8_2025_N\\Python38\\Lib\\logging\\__init__.py', reloading
2026-03-05 08:17:57,293 | INFO |  * Detected change in 'C:\\Users\\pavat\\Downloads\\Python3_UpdateV8_2025_N\\Python38\\Lib\\site-packages\\flask\\__init__.py', reloading
2026-03-05 08:17:57,295 | INFO |  * Detected change in 'C:\\Users\\pavat\\Downloads\\Python3_UpdateV8_2025_N\\Python38\\Lib\\site-packages\\pandas\\__init__.py', reloading
2026-03-05 08:17:57,301 | INFO |  * Detected change in 'C:\\Users\\pavat\\Downloads\\Python3_UpdateV8_2025_N\\Python38\\Lib\\site-packages\\flask_cors\\__init__.py', reloading
2026-03-05 08:17:57,301 | INFO |  * Detected change in 'C:\\Users\\pavat\\Downloads\\Python3_UpdateV8_2025_N\\Python38\\Lib\\site-packages\\flask\\json\\__init__.py', reloading
2026-03-05 08:17:57,517 | INFO |  * Detected change in 'C:\\Users\\pavat\\Downloads\\Python3_UpdateV8_2025_N\\Python38\\Lib\\site-packages\\werkzeug\\__init__.py', reloading
2026-03-05 08:17:57,530 | INFO |  * Detected change in 'C:\\Users\\pavat\\Downloads\\Python3_UpdateV8_2025_N\\Python38\\Lib\\site-packages\\werkzeug\\wrappers\\__init__.py', reloading
2026-03-05 08:17:58,899 | INFO |  * Restarting with watchdog (windowsapi)
2026-03-05 08:18:02,668 | INFO | Starting Employee Attrition Prediction API...
2026-03-05 08:18:02,668 | INFO | Model path: Employee_Retention/employee_attrition_model.pkl
2026-03-05 08:18:02,708 | WARNING |  * Debugger is active!
2026-03-05 08:18:02,712 | INFO |  * Debugger PIN: 403-625-082
2026-03-05 08:18:03,246 | INFO |  * Detected change in 'C:\\Users\\pavat\\Downloads\\Python3_UpdateV8_2025_N\\Python38\\Lib\\site-packages\\tensorflow\\python\\framework\\registry.py', reloading
2026-03-05 08:18:03,261 | INFO |  * Detected change in 'C:\\Users\\pavat\\Downloads\\Python3_UpdateV8_2025_N\\Python38\\Lib\\site-packages\\tensorflow\\python\\framework\\ops.py', reloading
2026-03-05 08:18:03,298 | INFO |  * Detected change in 'C:\\Users\\pavat\\Downloads\\Python3_UpdateV8_2025_N\\Python38\\Lib\\site-packages\\tensorflow\\python\\ops\\array_ops.py', reloading
2026-03-05 08:18:03,318 | INFO |  * Detected change in 'C:\\Users\\pavat\\Downloads\\Python3_UpdateV8_2025_N\\Python38\\Lib\\site-packages\\torch\\cuda\\__init__.py', reloading
2026-03-05 08:18:03,343 | INFO |  * Detected change in 'C:\\Users\\pavat\\Downloads\\Python3_UpdateV8_2025_N\\Python38\\Lib\\site-packages\\torch\\__init__.py', reloading
2026-03-05 08:18:03,360 | INFO |  * Detected change in 'C:\\Users\\pavat\\Downloads\\Python3_UpdateV8_2025_N\\Python38\\Lib\\site-packages\\tensorflow\\python\\ops\\list_ops.py', reloading
2026-03-05 08:18:03,368 | INFO |  * Detected change in 'C:\\Users\\pavat\\Downloads\\Python3_UpdateV8_2025_N\\Python38\\Lib\\site-packages\\sentence_transformers\\datasets\\DenoisingAutoEncoderDataset.py', reloading
2026-03-05 08:18:03,385 | INFO |  * Detected change in 'C:\\Users\\pavat\\Downloads\\Python3_UpdateV8_2025_N\\Python38\\Lib\\site-packages\\sentence_transformers\\datasets\\__init__.py', reloading
2026-03-05 08:18:03,395 | INFO |  * Detected change in 'C:\\Users\\pavat\\Downloads\\Python3_UpdateV8_2025_N\\Python38\\Lib\\site-packages\\sentence_transformers\\__init__.py', reloading
2026-03-05 08:18:03,404 | INFO |  * Detected change in 'C:\\Users\\pavat\\Desktop\\HRReactWeb_AppV26\\HRReactWeb_AppV26\\Dynamic_Interview\\InterviewDataProcessor.py', reloading
2026-03-05 08:18:03,411 | INFO |  * Detected change in 'C:\\Users\\pavat\\Downloads\\Python3_UpdateV8_2025_N\\Python38\\Lib\\site-packages\\tensorflow\\python\\ops\\math_ops.py', reloading
2026-03-05 08:18:03,493 | INFO |  * Detected change in 'C:\\Users\\pavat\\Downloads\\Python3_UpdateV8_2025_N\\Python38\\Lib\\site-packages\\tensorflow\\python\\ops\\control_flow_ops.py', reloading
2026-03-05 08:18:03,524 | INFO |  * Detected change in 'C:\\Users\\pavat\\Downloads\\Python3_UpdateV8_2025_N\\Python38\\Lib\\site-packages\\tensorflow\\python\\ops\\check_ops.py', reloading
2026-03-05 08:18:03,582 | INFO |  * Detected change in 'C:\\Users\\pavat\\Downloads\\Python3_UpdateV8_2025_N\\Python38\\Lib\\site-packages\\tensorflow\\python\\ops\\ragged\\ragged_tensor.py', reloading
2026-03-05 08:18:03,593 | INFO |  * Detected change in 'C:\\Users\\pavat\\Downloads\\Python3_UpdateV8_2025_N\\Python38\\Lib\\site-packages\\torch\\nn\\functional.py', reloading
2026-03-05 08:18:03,682 | INFO |  * Detected change in 'C:\\Users\\pavat\\Downloads\\Python3_UpdateV8_2025_N\\Python38\\Lib\\site-packages\\torch\\nn\\modules\\rnn.py', reloading
2026-03-05 08:18:03,737 | INFO |  * Detected change in 'C:\\Users\\pavat\\Downloads\\Python3_UpdateV8_2025_N\\Python38\\Lib\\site-packages\\tensorflow\\python\\ops\\resource_variable_ops.py', reloading
2026-03-05 08:18:03,861 | INFO |  * Restarting with watchdog (windowsapi)
2026-03-05 08:18:05,931 | INFO | Starting Employee Attrition Prediction API...
2026-03-05 08:18:05,932 | INFO | Model path: Employee_Retention/employee_attrition_model.pkl
2026-03-05 08:18:05,947 | WARNING |  * Debugger is active!
2026-03-05 08:18:05,952 | INFO |  * Debugger PIN: 403-625-082
2026-03-05 08:18:06,758 | INFO |  * Detected change in 'C:\\Users\\pavat\\Downloads\\Python3_UpdateV8_2025_N\\Python38\\Lib\\site-packages\\tensorflow\\python\\ops\\cudnn_rnn_grad.py', reloading
2026-03-05 08:18:06,789 | INFO |  * Detected change in 'C:\\Users\\pavat\\Downloads\\Python3_UpdateV8_2025_N\\Python38\\Lib\\site-packages\\tensorflow\\python\\ops\\rnn_grad.py', reloading
2026-03-05 08:18:06,810 | INFO |  * Detected change in 'C:\\Users\\pavat\\Downloads\\Python3_UpdateV8_2025_N\\Python38\\Lib\\site-packages\\tensorflow\\python\\ops\\sparse_grad.py', reloading
2026-03-05 08:18:06,835 | INFO |  * Detected change in 'C:\\Users\\pavat\\Downloads\\Python3_UpdateV8_2025_N\\Python38\\Lib\\site-packages\\tensorflow\\python\\ops\\state_grad.py', reloading
2026-03-05 08:18:06,870 | INFO |  * Detected change in 'C:\\Users\\pavat\\Downloads\\Python3_UpdateV8_2025_N\\Python38\\Lib\\site-packages\\tensorflow\\python\\ops\\proto_ops.py', reloading
2026-03-05 08:18:07,104 | INFO |  * Restarting with watchdog (windowsapi)
2026-03-05 08:18:09,567 | INFO | Starting Employee Attrition Prediction API...
2026-03-05 08:18:09,567 | INFO | Model path: Employee_Retention/employee_attrition_model.pkl
2026-03-05 08:18:09,578 | WARNING |  * Debugger is active!
2026-03-05 08:18:09,583 | INFO |  * Debugger PIN: 403-625-082
2026-03-05 08:18:11,479 | INFO |  * Detected change in 'C:\\Users\\pavat\\Downloads\\Python3_UpdateV8_2025_N\\Python38\\Lib\\json\\__init__.py', reloading
2026-03-05 08:18:12,000 | INFO |  * Restarting with watchdog (windowsapi)
2026-03-05 08:18:16,716 | INFO | Starting Employee Attrition Prediction API...
2026-03-05 08:18:16,717 | INFO | Model path: Employee_Retention/employee_attrition_model.pkl
2026-03-05 08:18:16,729 | WARNING |  * Debugger is active!
2026-03-05 08:18:16,735 | INFO |  * Debugger PIN: 403-625-082
2026-03-05 08:18:20,727 | INFO |  * Detected change in 'C:\\Users\\pavat\\Downloads\\Python3_UpdateV8_2025_N\\Python38\\Lib\\site-packages\\openai\\__init__.py', reloading
2026-03-05 08:18:20,983 | INFO |  * Restarting with watchdog (windowsapi)
2026-03-05 08:18:24,768 | INFO | Starting Employee Attrition Prediction API...
2026-03-05 08:18:24,768 | INFO | Model path: Employee_Retention/employee_attrition_model.pkl
2026-03-05 08:18:24,786 | WARNING |  * Debugger is active!
2026-03-05 08:18:24,793 | INFO |  * Debugger PIN: 403-625-082
2026-03-05 08:18:32,881 | INFO |  * Detected change in 'C:\\Users\\pavat\\Downloads\\Python3_UpdateV8_2025_N\\Python38\\Lib\\site-packages\\pdfplumber\\__init__.py', reloading
2026-03-05 08:18:33,491 | INFO |  * Restarting with watchdog (windowsapi)
2026-03-05 08:18:37,019 | INFO | Starting Employee Attrition Prediction API...
2026-03-05 08:18:37,019 | INFO | Model path: Employee_Retention/employee_attrition_model.pkl
2026-03-05 08:18:37,030 | WARNING |  * Debugger is active!
2026-03-05 08:18:37,037 | INFO |  * Debugger PIN: 403-625-082
2026-03-05 08:19:29,584 | INFO |  * Detected change in 'C:\\Users\\pavat\\Downloads\\Python3_UpdateV8_2025_N\\Python38\\Lib\\site-packages\\keras\\__init__.py', reloading
2026-03-05 08:19:29,590 | INFO |  * Detected change in 'C:\\Users\\pavat\\Downloads\\Python3_UpdateV8_2025_N\\Python38\\Lib\\site-packages\\tensorflow\\__init__.py', reloading
2026-03-05 08:19:29,604 | INFO |  * Detected change in 'C:\\Users\\pavat\\Downloads\\Python3_UpdateV8_2025_N\\Python38\\Lib\\site-packages\\keras\\api\\__init__.py', reloading
2026-03-05 08:19:29,620 | INFO |  * Detected change in 'C:\\Users\\pavat\\Downloads\\Python3_UpdateV8_2025_N\\Python38\\Lib\\site-packages\\keras\\api\\_v2\\__init__.py', reloading
2026-03-05 08:19:29,636 | INFO |  * Detected change in 'C:\\Users\\pavat\\Downloads\\Python3_UpdateV8_2025_N\\Python38\\Lib\\site-packages\\keras\\api\\_v2\\keras\\__init__.py', reloading
2026-03-05 08:19:29,656 | INFO |  * Detected change in 'C:\\Users\\pavat\\Downloads\\Python3_UpdateV8_2025_N\\Python38\\Lib\\site-packages\\keras\\api\\_v2\\keras\\models\\__init__.py', reloading
2026-03-05 08:19:29,657 | INFO |  * Detected change in 'C:\\Users\\pavat\\Downloads\\Python3_UpdateV8_2025_N\\Python38\\Lib\\site-packages\\tensorflow\\keras\\__init__.py', reloading
2026-03-05 08:19:29,678 | INFO |  * Detected change in 'C:\\Users\\pavat\\Downloads\\Python3_UpdateV8_2025_N\\Python38\\Lib\\site-packages\\tensorflow\\keras\\models\\__init__.py', reloading
2026-03-05 08:19:29,700 | INFO |  * Detected change in 'C:\\Users\\pavat\\Downloads\\Python3_UpdateV8_2025_N\\Python38\\Lib\\site-packages\\tensorflow\\python\\__init__.py', reloading
2026-03-05 08:19:29,721 | INFO |  * Detected change in 'C:\\Users\\pavat\\Downloads\\Python3_UpdateV8_2025_N\\Python38\\Lib\\site-packages\\tensorflow\\python\\keras\\__init__.py', reloading
2026-03-05 08:19:30,674 | INFO |  * Restarting with watchdog (windowsapi)
2026-03-05 08:19:33,445 | INFO | Starting Employee Attrition Prediction API...
2026-03-05 08:19:33,445 | INFO | Model path: Employee_Retention/employee_attrition_model.pkl
2026-03-05 08:19:33,457 | WARNING |  * Debugger is active!
2026-03-05 08:19:33,461 | INFO |  * Debugger PIN: 403-625-082
2026-03-05 08:20:05,008 | INFO |  * Detected change in 'C:\\Users\\pavat\\Desktop\\HRReactWeb_AppV26\\HRReactWeb_AppV26\\Performance_Productivity\\model_utils.py', reloading
2026-03-05 08:20:05,008 | INFO |  * Detected change in 'C:\\Users\\pavat\\Desktop\\HRReactWeb_AppV26\\HRReactWeb_AppV26\\Performance_Productivity\\model_utils.py', reloading
2026-03-05 08:20:05,008 | INFO |  * Detected change in 'C:\\Users\\pavat\\Desktop\\HRReactWeb_AppV26\\HRReactWeb_AppV26\\Performance_Productivity\\model_utils.py', reloading
2026-03-05 08:20:05,010 | INFO |  * Detected change in 'C:\\Users\\pavat\\Desktop\\HRReactWeb_AppV26\\HRReactWeb_AppV26\\Performance_Productivity\\model_utils.py', reloading
2026-03-05 08:20:06,044 | INFO |  * Restarting with watchdog (windowsapi)
2026-03-05 08:20:09,886 | INFO | Starting Employee Attrition Prediction API...
2026-03-05 08:20:09,886 | INFO | Model path: Employee_Retention/employee_attrition_model.pkl
2026-03-05 08:20:09,905 | WARNING |  * Debugger is active!
2026-03-05 08:20:09,916 | INFO |  * Debugger PIN: 403-625-082
2026-03-05 08:20:17,224 | INFO |  * Detected change in 'C:\\Users\\pavat\\Downloads\\Python3_UpdateV8_2025_N\\Python38\\Lib\\site-packages\\keras\\utils\\traceback_utils.py', reloading
2026-03-05 08:20:17,266 | INFO |  * Detected change in 'C:\\Users\\pavat\\Downloads\\Python3_UpdateV8_2025_N\\Python38\\Lib\\site-packages\\keras\\saving\\save.py', reloading
2026-03-05 08:20:18,157 | INFO |  * Restarting with watchdog (windowsapi)
2026-03-05 08:20:20,987 | INFO | Starting Employee Attrition Prediction API...
2026-03-05 08:20:20,987 | INFO | Model path: Employee_Retention/employee_attrition_model.pkl
2026-03-05 08:20:20,999 | WARNING |  * Debugger is active!
2026-03-05 08:20:21,004 | INFO |  * Debugger PIN: 403-625-082
2026-03-05 08:21:43,268 | INFO |  * Detected change in 'C:\\Users\\pavat\\Desktop\\HRReactWeb_AppV26\\HRReactWeb_AppV26\\Performance_Productivity\\model_utils.py', reloading
2026-03-05 08:21:43,269 | INFO |  * Detected change in 'C:\\Users\\pavat\\Desktop\\HRReactWeb_AppV26\\HRReactWeb_AppV26\\Performance_Productivity\\model_utils.py', reloading
2026-03-05 08:21:43,270 | INFO |  * Detected change in 'C:\\Users\\pavat\\Desktop\\HRReactWeb_AppV26\\HRReactWeb_AppV26\\Performance_Productivity\\model_utils.py', reloading
2026-03-05 08:21:43,271 | INFO |  * Detected change in 'C:\\Users\\pavat\\Desktop\\HRReactWeb_AppV26\\HRReactWeb_AppV26\\Performance_Productivity\\model_utils.py', reloading
2026-03-05 08:21:43,917 | INFO |  * Restarting with watchdog (windowsapi)
2026-03-05 08:21:47,439 | INFO | Starting Employee Attrition Prediction API...
2026-03-05 08:21:47,439 | INFO | Model path: Employee_Retention/employee_attrition_model.pkl
2026-03-05 08:21:47,450 | WARNING |  * Debugger is active!
2026-03-05 08:21:47,455 | INFO |  * Debugger PIN: 403-625-082
2026-03-05 08:25:58,646 | INFO |  * Detected change in 'C:\\Users\\pavat\\Downloads\\Python3_UpdateV8_2025_N\\Python38\\Lib\\site-packages\\django\\__init__.py', reloading
2026-03-05 08:25:58,668 | INFO |  * Detected change in 'C:\\Users\\pavat\\Downloads\\Python3_UpdateV8_2025_N\\Python38\\Lib\\site-packages\\django\\apps\\__init__.py', reloading
2026-03-05 08:25:59,564 | INFO |  * Restarting with watchdog (windowsapi)
2026-03-05 08:26:02,638 | INFO | Starting Employee Attrition Prediction API...
2026-03-05 08:26:02,638 | INFO | Model path: Employee_Retention/employee_attrition_model.pkl
2026-03-05 08:26:02,651 | WARNING |  * Debugger is active!
2026-03-05 08:26:02,657 | INFO |  * Debugger PIN: 403-625-082
2026-03-05 08:26:08,996 | INFO |  * Detected change in 'C:\\Users\\pavat\\Downloads\\Python3_UpdateV8_2025_N\\Python38\\Lib\\site-packages\\quantities\\units\\__init__.py', reloading
2026-03-05 08:26:09,046 | INFO |  * Detected change in 'C:\\Users\\pavat\\Downloads\\Python3_UpdateV8_2025_N\\Python38\\Lib\\site-packages\\ttkbootstrap\\__init__.py', reloading
2026-03-05 08:26:09,080 | INFO |  * Detected change in 'C:\\Users\\pavat\\Downloads\\Python3_UpdateV8_2025_N\\Python38\\Lib\\tkinter\\__init__.py', reloading
2026-03-05 08:26:10,092 | INFO |  * Restarting with watchdog (windowsapi)
2026-03-05 08:26:15,917 | INFO | Starting Employee Attrition Prediction API...
2026-03-05 08:26:15,917 | INFO | Model path: Employee_Retention/employee_attrition_model.pkl
2026-03-05 08:26:15,939 | WARNING |  * Debugger is active!
2026-03-05 08:26:15,953 | INFO |  * Debugger PIN: 403-625-082
2026-03-05 08:26:17,530 | INFO |  * Detected change in 'C:\\Users\\pavat\\Desktop\\HRReactWeb_AppV26\\HRReactWeb_AppV26\\Employee_Retention\\base_config.py', reloading
2026-03-05 08:26:17,530 | INFO |  * Detected change in 'C:\\Users\\pavat\\Desktop\\HRReactWeb_AppV26\\HRReactWeb_AppV26\\Employee_Retention\\base_config.py', reloading
2026-03-05 08:26:17,531 | INFO |  * Detected change in 'C:\\Users\\pavat\\Desktop\\HRReactWeb_AppV26\\HRReactWeb_AppV26\\Employee_Retention\\base_config.py', reloading
2026-03-05 08:26:17,531 | INFO |  * Detected change in 'C:\\Users\\pavat\\Desktop\\HRReactWeb_AppV26\\HRReactWeb_AppV26\\Employee_Retention\\base_config.py', reloading
2026-03-05 08:26:18,199 | INFO |  * Restarting with watchdog (windowsapi)
2026-03-05 08:26:24,684 | INFO | Starting Employee Attrition Prediction API...
2026-03-05 08:26:24,686 | INFO | Model path: C:\Users\pavat\Desktop\HRReactWeb_AppV26\HRReactWeb_AppV26\Employee_Retention\employee_attrition_model.pkl
2026-03-05 08:26:24,722 | WARNING |  * Debugger is active!
2026-03-05 08:26:24,733 | INFO |  * Debugger PIN: 403-625-082
2026-03-05 08:29:10,678 | INFO |  * Detected change in 'C:\\Users\\pavat\\Desktop\\HRReactWeb_AppV26\\HRReactWeb_AppV26\\Employee_Retention\\API.py', reloading
2026-03-05 08:29:10,679 | INFO |  * Detected change in 'C:\\Users\\pavat\\Desktop\\HRReactWeb_AppV26\\HRReactWeb_AppV26\\Employee_Retention\\API.py', reloading
2026-03-05 08:29:10,679 | INFO |  * Detected change in 'C:\\Users\\pavat\\Desktop\\HRReactWeb_AppV26\\HRReactWeb_AppV26\\Employee_Retention\\API.py', reloading
2026-03-05 08:29:11,333 | INFO |  * Restarting with watchdog (windowsapi)
2026-03-05 08:29:18,168 | INFO | Starting Employee Attrition Prediction API...
2026-03-05 08:29:18,168 | INFO | Model path from config: C:\Users\pavat\Desktop\HRReactWeb_AppV26\HRReactWeb_AppV26\Employee_Retention\employee_attrition_model.pkl
2026-03-05 08:29:18,168 | INFO | Absolute model path: C:\Users\pavat\Desktop\HRReactWeb_AppV26\HRReactWeb_AppV26\Employee_Retention\employee_attrition_model.pkl
2026-03-05 08:29:18,168 | INFO | File exists? True
2026-03-05 08:29:18,184 | WARNING |  * Debugger is active!
2026-03-05 08:29:18,192 | INFO |  * Debugger PIN: 403-625-082
2026-03-05 08:30:33,522 | INFO |  * Detected change in 'C:\\Users\\pavat\\Downloads\\Python3_UpdateV8_2025_N\\Python38\\Lib\\site-packages\\matplotlib\\__init__.py', reloading
2026-03-05 08:30:33,528 | INFO |  * Detected change in 'C:\\Users\\pavat\\Downloads\\Python3_UpdateV8_2025_N\\Python38\\Lib\\site-packages\\sklearn\\__init__.py', reloading
2026-03-05 08:30:33,556 | INFO |  * Detected change in 'C:\\Users\\pavat\\Downloads\\Python3_UpdateV8_2025_N\\Python38\\Lib\\site-packages\\sklearn\\metrics\\__init__.py', reloading
2026-03-05 08:30:33,561 | INFO |  * Detected change in 'C:\\Users\\pavat\\Downloads\\Python3_UpdateV8_2025_N\\Python38\\Lib\\site-packages\\sklearn\\preprocessing\\__init__.py', reloading
2026-03-05 08:30:33,566 | INFO |  * Detected change in 'C:\\Users\\pavat\\Downloads\\Python3_UpdateV8_2025_N\\Python38\\Lib\\site-packages\\sklearn\\compose\\__init__.py', reloading
2026-03-05 08:30:33,570 | INFO |  * Detected change in 'C:\\Users\\pavat\\Downloads\\Python3_UpdateV8_2025_N\\Python38\\Lib\\site-packages\\sklearn\\impute\\__init__.py', reloading
2026-03-05 08:30:33,626 | INFO |  * Detected change in 'C:\\Users\\pavat\\Downloads\\Python3_UpdateV8_2025_N\\Python38\\Lib\\site-packages\\sklearn\\ensemble\\__init__.py', reloading
2026-03-05 08:30:33,630 | INFO |  * Detected change in 'C:\\Users\\pavat\\Downloads\\Python3_UpdateV8_2025_N\\Python38\\Lib\\site-packages\\sklearn\\model_selection\\__init__.py', reloading
2026-03-05 08:30:33,765 | INFO |  * Detected change in 'C:\\Users\\pavat\\Downloads\\Python3_UpdateV8_2025_N\\Python38\\Lib\\site-packages\\seaborn\\__init__.py', reloading
2026-03-05 08:30:34,121 | INFO |  * Restarting with watchdog (windowsapi)
2026-03-05 08:30:38,039 | INFO | Starting Employee Attrition Prediction API...
2026-03-05 08:30:38,040 | INFO | Model path from config: C:\Users\pavat\Desktop\HRReactWeb_AppV26\HRReactWeb_AppV26\Employee_Retention\employee_attrition_model.pkl
2026-03-05 08:30:38,040 | INFO | Absolute model path: C:\Users\pavat\Desktop\HRReactWeb_AppV26\HRReactWeb_AppV26\Employee_Retention\employee_attrition_model.pkl
2026-03-05 08:30:38,040 | INFO | File exists? True
2026-03-05 08:30:38,058 | WARNING |  * Debugger is active!
2026-03-05 08:30:38,066 | INFO |  * Debugger PIN: 403-625-082
2026-03-05 08:30:41,672 | INFO |  * Detected change in 'C:\\Users\\pavat\\Downloads\\Python3_UpdateV8_2025_N\\Python38\\Lib\\site-packages\\plotly\\__init__.py', reloading
2026-03-05 08:30:42,298 | INFO |  * Restarting with watchdog (windowsapi)
2026-03-05 08:30:47,524 | INFO | Starting Employee Attrition Prediction API...
2026-03-05 08:30:47,524 | INFO | Model path from config: C:\Users\pavat\Desktop\HRReactWeb_AppV26\HRReactWeb_AppV26\Employee_Retention\employee_attrition_model.pkl
2026-03-05 08:30:47,524 | INFO | Absolute model path: C:\Users\pavat\Desktop\HRReactWeb_AppV26\HRReactWeb_AppV26\Employee_Retention\employee_attrition_model.pkl
2026-03-05 08:30:47,525 | INFO | File exists? True
2026-03-05 08:30:47,544 | WARNING |  * Debugger is active!
2026-03-05 08:30:47,553 | INFO |  * Debugger PIN: 403-625-082
2026-03-05 08:32:04,278 | INFO |  * Detected change in 'C:\\Users\\pavat\\Desktop\\HRReactWeb_AppV26\\HRReactWeb_AppV26\\Employee_Retention\\base_config.py', reloading
2026-03-05 08:32:04,280 | INFO |  * Detected change in 'C:\\Users\\pavat\\Desktop\\HRReactWeb_AppV26\\HRReactWeb_AppV26\\Employee_Retention\\base_config.py', reloading
2026-03-05 08:32:04,280 | INFO |  * Detected change in 'C:\\Users\\pavat\\Desktop\\HRReactWeb_AppV26\\HRReactWeb_AppV26\\Employee_Retention\\base_config.py', reloading
2026-03-05 08:32:04,282 | INFO |  * Detected change in 'C:\\Users\\pavat\\Desktop\\HRReactWeb_AppV26\\HRReactWeb_AppV26\\Employee_Retention\\base_config.py', reloading
2026-03-05 08:32:04,474 | INFO |  * Restarting with watchdog (windowsapi)
2026-03-05 08:32:09,659 | INFO | Starting Employee Attrition Prediction API...
2026-03-05 08:32:09,659 | INFO | Model path from config: Employee_Retention/employee_attrition_model.pkl
2026-03-05 08:32:09,659 | INFO | Absolute model path: C:\Users\pavat\Desktop\HRReactWeb_AppV26\HRReactWeb_AppV26\Employee_Retention\employee_attrition_model.pkl
2026-03-05 08:32:09,660 | INFO | File exists? True
2026-03-05 08:32:09,688 | WARNING |  * Debugger is active!
2026-03-05 08:32:09,701 | INFO |  * Debugger PIN: 403-625-082
2026-03-05 08:32:58,923 | INFO |  * Detected change in 'C:\\Users\\pavat\\Desktop\\HRReactWeb_AppV26\\HRReactWeb_AppV26\\Employee_Retention\\base_config.py', reloading
2026-03-05 08:32:58,924 | INFO |  * Detected change in 'C:\\Users\\pavat\\Desktop\\HRReactWeb_AppV26\\HRReactWeb_AppV26\\Employee_Retention\\base_config.py', reloading
2026-03-05 08:32:58,926 | INFO |  * Detected change in 'C:\\Users\\pavat\\Desktop\\HRReactWeb_AppV26\\HRReactWeb_AppV26\\Employee_Retention\\base_config.py', reloading
2026-03-05 08:32:58,926 | INFO |  * Detected change in 'C:\\Users\\pavat\\Desktop\\HRReactWeb_AppV26\\HRReactWeb_AppV26\\Employee_Retention\\base_config.py', reloading
2026-03-05 08:32:59,328 | INFO |  * Restarting with watchdog (windowsapi)
2026-03-05 08:40:15,610 | INFO | Starting Employee Attrition Prediction API...
2026-03-05 08:40:15,611 | INFO | Model path from config: Employee_Retention/employee_attrition_model.pkl
2026-03-05 08:40:15,611 | INFO | Absolute model path: C:\Users\pavat\Desktop\HRReactWeb_AppV26\HRReactWeb_AppV26\Employee_Retention\employee_attrition_model.pkl
2026-03-05 08:40:15,611 | INFO | File exists? True
2026-03-05 08:40:15,653 | INFO | [31m[1mWARNING: This is a development server. Do not use it in a production deployment. Use a production WSGI server instead.[0m
 * Running on all addresses (0.0.0.0)
 * Running on http://127.0.0.1:5003
 * Running on http://192.168.8.155:5003
2026-03-05 08:40:15,653 | INFO | [33mPress CTRL+C to quit[0m
2026-03-05 08:40:15,668 | INFO |  * Restarting with watchdog (windowsapi)
2026-03-05 08:40:20,011 | INFO | Starting Employee Attrition Prediction API...
2026-03-05 08:40:20,011 | INFO | Model path from config: Employee_Retention/employee_attrition_model.pkl
2026-03-05 08:40:20,012 | INFO | Absolute model path: C:\Users\pavat\Desktop\HRReactWeb_AppV26\HRReactWeb_AppV26\Employee_Retention\employee_attrition_model.pkl
2026-03-05 08:40:20,012 | INFO | File exists? True
2026-03-05 08:40:20,040 | WARNING |  * Debugger is active!
2026-03-05 08:40:20,052 | INFO |  * Debugger PIN: 403-625-082
2026-03-05 08:40:21,433 | INFO | 127.0.0.1 - - [05/Mar/2026 08:40:21] "GET /api/test HTTP/1.1" 200 -
2026-03-05 08:40:51,395 | INFO | 127.0.0.1 - - [05/Mar/2026 08:40:51] "GET /api/test HTTP/1.1" 200 -
2026-03-05 08:41:52,284 | INFO |  * Detected change in 'C:\\Users\\pavat\\Downloads\\Python3_UpdateV8_2025_N\\Python38\\Lib\\site-packages\\keras\\engine\\training.py', reloading
2026-03-05 08:41:53,259 | INFO |  * Restarting with watchdog (windowsapi)
2026-03-05 08:42:01,032 | INFO | Starting Employee Attrition Prediction API...
2026-03-05 08:42:01,033 | INFO | Model path from config: Employee_Retention/employee_attrition_model.pkl
2026-03-05 08:42:01,033 | INFO | Absolute model path: C:\Users\pavat\Desktop\HRReactWeb_AppV26\HRReactWeb_AppV26\Employee_Retention\employee_attrition_model.pkl
2026-03-05 08:42:01,033 | INFO | File exists? True
2026-03-05 08:42:01,054 | WARNING |  * Debugger is active!
2026-03-05 08:42:01,070 | INFO |  * Debugger PIN: 403-625-082
2026-03-05 08:42:12,167 | INFO |  * Detected change in 'C:\\Users\\pavat\\Downloads\\Python3_UpdateV8_2025_N\\Python38\\Lib\\site-packages\\sklearn\\preprocessing\\_encoders.py', reloading
2026-03-05 08:42:12,484 | INFO |  * Restarting with watchdog (windowsapi)
2026-03-05 08:42:18,421 | INFO | Starting Employee Attrition Prediction API...
2026-03-05 08:42:18,421 | INFO | Model path from config: Employee_Retention/employee_attrition_model.pkl
2026-03-05 08:42:18,422 | INFO | Absolute model path: C:\Users\pavat\Desktop\HRReactWeb_AppV26\HRReactWeb_AppV26\Employee_Retention\employee_attrition_model.pkl
2026-03-05 08:42:18,422 | INFO | File exists? True
2026-03-05 08:42:18,441 | WARNING |  * Debugger is active!
2026-03-05 08:42:18,461 | INFO |  * Debugger PIN: 403-625-082
2026-03-05 08:44:27,678 | INFO | 127.0.0.1 - - [05/Mar/2026 08:44:27] "GET /api/test HTTP/1.1" 200 -
2026-03-05 08:44:46,473 | INFO | 127.0.0.1 - - [05/Mar/2026 08:44:46] "POST /api/predict/preview HTTP/1.1" 200 -
2026-03-05 08:44:49,194 | INFO | CSV loaded with 4 rows and columns: ['Age', 'BusinessTravel', 'JobRole', 'JobLevel', 'MonthlyIncome', 'OverTime']
2026-03-05 08:44:49,194 | INFO | Processing 4 employees for attrition prediction...
2026-03-05 08:44:49,194 | INFO | Predicting employee index 0...
2026-03-05 08:44:49,213 | INFO | Predicting employee index 1...
2026-03-05 08:44:49,234 | INFO | Predicting employee index 2...
2026-03-05 08:44:49,255 | INFO | Predicting employee index 3...
2026-03-05 08:44:49,289 | INFO | 127.0.0.1 - - [05/Mar/2026 08:44:49] "POST /api/predict/batch HTTP/1.1" 200 -
2026-03-05 08:44:52,538 | INFO | Results folder absolute path: C:\Users\pavat\Desktop\HRReactWeb_AppV26\HRReactWeb_AppV26\results
2026-03-05 08:44:52,538 | INFO | Download requested - filename: attrition_results_20260305_084449.csv
2026-03-05 08:44:52,539 | INFO | Full file path: C:\Users\pavat\Desktop\HRReactWeb_AppV26\HRReactWeb_AppV26\results\attrition_results_20260305_084449.csv
2026-03-05 08:44:52,539 | INFO | File found, size: 327 bytes
2026-03-05 08:44:52,541 | INFO | 127.0.0.1 - - [05/Mar/2026 08:44:52] "GET /api/download/attrition_results_20260305_084449.csv HTTP/1.1" 200 -
2026-03-05 08:46:03,804 | INFO | 127.0.0.1 - - [05/Mar/2026 08:46:03] "GET /api/test HTTP/1.1" 200 -
2026-03-05 08:46:12,662 | INFO | 127.0.0.1 - - [05/Mar/2026 08:46:12] "POST /api/predict/preview HTTP/1.1" 200 -
2026-03-05 08:46:15,786 | INFO | CSV loaded with 4 rows and columns: ['Age', 'BusinessTravel', 'JobRole', 'JobLevel', 'MonthlyIncome', 'OverTime']
2026-03-05 08:46:15,786 | INFO | Processing 4 employees for attrition prediction...
2026-03-05 08:46:15,787 | INFO | Predicting employee index 0...
2026-03-05 08:46:15,803 | INFO | Predicting employee index 1...
2026-03-05 08:46:15,825 | INFO | Predicting employee index 2...
2026-03-05 08:46:15,849 | INFO | Predicting employee index 3...
2026-03-05 08:46:15,896 | INFO | 127.0.0.1 - - [05/Mar/2026 08:46:15] "POST /api/predict/batch HTTP/1.1" 200 -
2026-03-05 08:46:22,850 | INFO | Results folder absolute path: C:\Users\pavat\Desktop\HRReactWeb_AppV26\HRReactWeb_AppV26\results
2026-03-05 08:46:22,850 | INFO | Download requested - filename: attrition_results_20260305_084615.csv
2026-03-05 08:46:22,850 | INFO | Full file path: C:\Users\pavat\Desktop\HRReactWeb_AppV26\HRReactWeb_AppV26\results\attrition_results_20260305_084615.csv
2026-03-05 08:46:22,850 | INFO | File found, size: 327 bytes
2026-03-05 08:46:22,852 | INFO | 127.0.0.1 - - [05/Mar/2026 08:46:22] "GET /api/download/attrition_results_20260305_084615.csv HTTP/1.1" 200 -
2026-03-05 08:48:33,147 | INFO | 127.0.0.1 - - [05/Mar/2026 08:48:33] "GET /api/test HTTP/1.1" 200 -
2026-03-05 08:48:36,248 | INFO | 127.0.0.1 - - [05/Mar/2026 08:48:36] "GET /api/test HTTP/1.1" 200 -
2026-03-05 08:48:38,155 | INFO | 127.0.0.1 - - [05/Mar/2026 08:48:38] "GET /api/test HTTP/1.1" 200 -
2026-03-05 08:48:39,876 | INFO | 127.0.0.1 - - [05/Mar/2026 08:48:39] "GET /api/test HTTP/1.1" 200 -
2026-03-05 08:48:41,945 | INFO | 127.0.0.1 - - [05/Mar/2026 08:48:41] "GET /api/test HTTP/1.1" 200 -
2026-03-05 10:24:26,521 | INFO |  * Detected change in 'C:\\Users\\pavat\\Downloads\\Python3_UpdateV8_2025_N\\Python38\\Lib\\site-packages\\keras\\engine\\training.py', reloading
2026-03-05 10:24:26,963 | INFO |  * Restarting with watchdog (windowsapi)
2026-03-05 10:24:29,419 | INFO | Starting Employee Attrition Prediction API...
2026-03-05 10:24:29,419 | INFO | Model path from config: Employee_Retention/employee_attrition_model.pkl
2026-03-05 10:24:29,419 | INFO | Absolute model path: C:\Users\pavat\Desktop\HRReactWeb_AppV26\HRReactWeb_AppV26\Employee_Retention\employee_attrition_model.pkl
2026-03-05 10:24:29,419 | INFO | File exists? True
2026-03-05 10:24:29,428 | WARNING |  * Debugger is active!
2026-03-05 10:24:29,432 | INFO |  * Debugger PIN: 403-625-082
2026-03-05 10:24:29,781 | INFO |  * Detected change in 'C:\\Users\\pavat\\Downloads\\Python3_UpdateV8_2025_N\\Python38\\Lib\\site-packages\\torch\\library.py', reloading
2026-03-05 10:24:29,782 | INFO |  * Detected change in 'C:\\Users\\pavat\\Downloads\\Python3_UpdateV8_2025_N\\Python38\\Lib\\site-packages\\torch\\_prims\\nvfuser_prims.py', reloading
2026-03-05 10:24:29,865 | INFO |  * Detected change in 'C:\\Users\\pavat\\Downloads\\Python3_UpdateV8_2025_N\\Python38\\Lib\\site-packages\\tensorflow\\python\\framework\\registry.py', reloading
2026-03-05 10:24:29,866 | INFO |  * Detected change in 'C:\\Users\\pavat\\Downloads\\Python3_UpdateV8_2025_N\\Python38\\Lib\\site-packages\\tensorflow\\python\\framework\\ops.py', reloading
2026-03-05 10:24:29,868 | INFO |  * Detected change in 'C:\\Users\\pavat\\Downloads\\Python3_UpdateV8_2025_N\\Python38\\Lib\\site-packages\\tensorflow\\python\\ops\\array_ops.py', reloading
2026-03-05 10:24:29,882 | INFO |  * Detected change in 'C:\\Users\\pavat\\Downloads\\Python3_UpdateV8_2025_N\\Python38\\Lib\\site-packages\\tensorflow\\python\\ops\\list_ops.py', reloading
2026-03-05 10:24:29,903 | INFO |  * Detected change in 'C:\\Users\\pavat\\Downloads\\Python3_UpdateV8_2025_N\\Python38\\Lib\\site-packages\\tensorflow\\python\\ops\\math_ops.py', reloading
2026-03-05 10:24:29,928 | INFO |  * Detected change in 'C:\\Users\\pavat\\Downloads\\Python3_UpdateV8_2025_N\\Python38\\Lib\\site-packages\\tensorflow\\python\\ops\\control_flow_ops.py', reloading
2026-03-05 10:24:29,930 | INFO |  * Detected change in 'C:\\Users\\pavat\\Downloads\\Python3_UpdateV8_2025_N\\Python38\\Lib\\site-packages\\tensorflow\\python\\ops\\check_ops.py', reloading
2026-03-05 10:24:29,939 | INFO |  * Detected change in 'C:\\Users\\pavat\\Downloads\\Python3_UpdateV8_2025_N\\Python38\\Lib\\site-packages\\tensorflow\\python\\ops\\ragged\\ragged_tensor.py', reloading
2026-03-05 10:24:30,037 | INFO |  * Detected change in 'C:\\Users\\pavat\\Downloads\\Python3_UpdateV8_2025_N\\Python38\\Lib\\site-packages\\tensorflow\\python\\ops\\resource_variable_ops.py', reloading
2026-03-05 10:24:30,064 | INFO |  * Detected change in 'C:\\Users\\pavat\\Downloads\\Python3_UpdateV8_2025_N\\Python38\\Lib\\site-packages\\tensorflow\\python\\ops\\bitwise_ops.py', reloading
2026-03-05 10:24:30,068 | INFO |  * Detected change in 'C:\\Users\\pavat\\Downloads\\Python3_UpdateV8_2025_N\\Python38\\Lib\\site-packages\\tensorflow\\python\\ops\\stateless_random_ops.py', reloading
2026-03-05 10:24:30,071 | INFO |  * Detected change in 'C:\\Users\\pavat\\Downloads\\Python3_UpdateV8_2025_N\\Python38\\Lib\\site-packages\\tensorflow\\python\\ops\\random_ops.py', reloading
2026-03-05 10:24:30,084 | INFO |  * Detected change in 'C:\\Users\\pavat\\Downloads\\Python3_UpdateV8_2025_N\\Python38\\Lib\\site-packages\\tensorflow\\python\\ops\\io_ops.py', reloading
2026-03-05 10:24:30,090 | INFO |  * Detected change in 'C:\\Users\\pavat\\Downloads\\Python3_UpdateV8_2025_N\\Python38\\Lib\\site-packages\\tensorflow\\python\\ops\\string_ops.py', reloading
2026-03-05 10:24:30,126 | INFO |  * Detected change in 'C:\\Users\\pavat\\Downloads\\Python3_UpdateV8_2025_N\\Python38\\Lib\\site-packages\\tensorflow\\python\\tpu\\ops\\tpu_ops.py', reloading
2026-03-05 10:24:30,150 | INFO |  * Detected change in 'C:\\Users\\pavat\\Downloads\\Python3_UpdateV8_2025_N\\Python38\\Lib\\site-packages\\tensorflow\\python\\training\\saver.py', reloading
2026-03-05 10:24:30,155 | INFO |  * Detected change in 'C:\\Users\\pavat\\Downloads\\Python3_UpdateV8_2025_N\\Python38\\Lib\\site-packages\\tensorflow\\python\\ops\\logging_ops.py', reloading
2026-03-05 10:24:30,161 | INFO |  * Detected change in 'C:\\Users\\pavat\\Downloads\\Python3_UpdateV8_2025_N\\Python38\\Lib\\site-packages\\tensorflow\\python\\ops\\script_ops.py', reloading
2026-03-05 10:24:30,168 | INFO |  * Detected change in 'C:\\Users\\pavat\\Downloads\\Python3_UpdateV8_2025_N\\Python38\\Lib\\site-packages\\tensorflow\\python\\data\\ops\\dataset_ops.py', reloading
2026-03-05 10:24:30,171 | INFO |  * Detected change in 'C:\\Users\\pavat\\Downloads\\Python3_UpdateV8_2025_N\\Python38\\Lib\\site-packages\\tensorflow\\python\\framework\\auto_control_deps.py', reloading
2026-03-05 10:24:30,221 | INFO |  * Detected change in 'C:\\Users\\pavat\\Downloads\\Python3_UpdateV8_2025_N\\Python38\\Lib\\site-packages\\tensorflow\\python\\ops\\lookup_ops.py', reloading
2026-03-05 10:24:30,246 | INFO |  * Detected change in 'C:\\Users\\pavat\\Downloads\\Python3_UpdateV8_2025_N\\Python38\\Lib\\site-packages\\tensorflow\\python\\ops\\special_math_ops.py', reloading
2026-03-05 10:24:30,268 | INFO |  * Detected change in 'C:\\Users\\pavat\\Downloads\\Python3_UpdateV8_2025_N\\Python38\\Lib\\site-packages\\tensorflow\\python\\ops\\nn_ops.py', reloading
2026-03-05 10:24:30,325 | INFO |  * Detected change in 'C:\\Users\\pavat\\Downloads\\Python3_UpdateV8_2025_N\\Python38\\Lib\\site-packages\\tensorflow\\python\\autograph\\utils\\ag_logging.py', reloading
2026-03-05 10:24:30,343 | INFO |  * Detected change in 'C:\\Users\\pavat\\Downloads\\Python3_UpdateV8_2025_N\\Python38\\Lib\\site-packages\\tensorflow\\python\\ops\\ragged\\ragged_math_ops.py', reloading
2026-03-05 10:24:30,346 | INFO |  * Detected change in 'C:\\Users\\pavat\\Downloads\\Python3_UpdateV8_2025_N\\Python38\\Lib\\site-packages\\tensorflow\\python\\ops\\parsing_ops.py', reloading
2026-03-05 10:24:30,387 | INFO |  * Detected change in 'C:\\Users\\pavat\\Downloads\\Python3_UpdateV8_2025_N\\Python38\\Lib\\site-packages\\tensorflow\\python\\ops\\nn_grad.py', reloading
2026-03-05 10:24:30,391 | INFO |  * Detected change in 'C:\\Users\\pavat\\Downloads\\Python3_UpdateV8_2025_N\\Python38\\Lib\\site-packages\\tensorflow\\python\\ops\\ctc_ops.py', reloading
2026-03-05 10:24:30,397 | INFO |  * Detected change in 'C:\\Users\\pavat\\Downloads\\Python3_UpdateV8_2025_N\\Python38\\Lib\\site-packages\\tensorflow\\python\\ops\\data_flow_grad.py', reloading
2026-03-05 10:24:30,410 | INFO |  * Detected change in 'C:\\Users\\pavat\\Downloads\\Python3_UpdateV8_2025_N\\Python38\\Lib\\site-packages\\tensorflow\\python\\ops\\sets_impl.py', reloading
2026-03-05 10:24:30,422 | INFO |  * Detected change in 'C:\\Users\\pavat\\Downloads\\Python3_UpdateV8_2025_N\\Python38\\Lib\\site-packages\\tensorflow\\python\\ops\\composite_tensor_ops.py', reloading
2026-03-05 10:24:30,450 | INFO |  * Detected change in 'C:\\Users\\pavat\\Downloads\\Python3_UpdateV8_2025_N\\Python38\\Lib\\site-packages\\torch\\_prims\\__init__.py', reloading
2026-03-05 10:24:30,455 | INFO |  * Detected change in 'C:\\Users\\pavat\\Downloads\\Python3_UpdateV8_2025_N\\Python38\\Lib\\site-packages\\tensorflow\\compiler\\tf2xla\\python\\xla.py', reloading
2026-03-05 10:24:30,602 | INFO |  * Restarting with watchdog (windowsapi)
2026-03-05 10:24:32,411 | INFO | Starting Employee Attrition Prediction API...
2026-03-05 10:24:32,411 | INFO | Model path from config: Employee_Retention/employee_attrition_model.pkl
2026-03-05 10:24:32,411 | INFO | Absolute model path: C:\Users\pavat\Desktop\HRReactWeb_AppV26\HRReactWeb_AppV26\Employee_Retention\employee_attrition_model.pkl
2026-03-05 10:24:32,411 | INFO | File exists? True
2026-03-05 10:24:32,417 | WARNING |  * Debugger is active!
2026-03-05 10:24:32,421 | INFO |  * Debugger PIN: 403-625-082
2026-03-05 10:24:32,443 | INFO |  * Detected change in 'C:\\Users\\pavat\\Downloads\\Python3_UpdateV8_2025_N\\Python38\\Lib\\site-packages\\tensorflow\\python\\ops\\ragged\\ragged_conversion_ops.py', reloading
2026-03-05 10:24:32,487 | INFO |  * Detected change in 'C:\\Users\\pavat\\Downloads\\Python3_UpdateV8_2025_N\\Python38\\Lib\\site-packages\\tensorflow\\python\\profiler\\internal\\flops_registry.py', reloading
2026-03-05 10:24:32,556 | INFO |  * Detected change in 'C:\\Users\\pavat\\Downloads\\Python3_UpdateV8_2025_N\\Python38\\Lib\\site-packages\\tensorflow\\python\\ops\\sdca_ops.py', reloading
2026-03-05 10:24:32,585 | INFO |  * Detected change in 'C:\\Users\\pavat\\Downloads\\Python3_UpdateV8_2025_N\\Python38\\Lib\\site-packages\\tensorflow\\python\\training\\checkpoint_ops.py', reloading
2026-03-05 10:24:32,667 | INFO |  * Detected change in 'C:\\Users\\pavat\\Downloads\\Python3_UpdateV8_2025_N\\Python38\\Lib\\site-packages\\tensorflow\\python\\debug\\lib\\debug_gradients.py', reloading
2026-03-05 10:24:32,719 | INFO |  * Detected change in 'C:\\Users\\pavat\\Downloads\\Python3_UpdateV8_2025_N\\Python38\\Lib\\site-packages\\tensorflow\\python\\debug\\lib\\dumping_callback.py', reloading
2026-03-05 10:24:33,219 | INFO |  * Detected change in 'C:\\Users\\pavat\\Downloads\\Python3_UpdateV8_2025_N\\Python38\\Lib\\site-packages\\tensorflow\\lite\\experimental\\microfrontend\\python\\ops\\audio_microfrontend_op.py', reloading
2026-03-05 10:24:33,569 | INFO |  * Restarting with watchdog (windowsapi)
2026-03-05 10:24:35,258 | INFO | Starting Employee Attrition Prediction API...
2026-03-05 10:24:35,258 | INFO | Model path from config: Employee_Retention/employee_attrition_model.pkl
2026-03-05 10:24:35,259 | INFO | Absolute model path: C:\Users\pavat\Desktop\HRReactWeb_AppV26\HRReactWeb_AppV26\Employee_Retention\employee_attrition_model.pkl
2026-03-05 10:24:35,259 | INFO | File exists? True
2026-03-05 10:24:35,266 | WARNING |  * Debugger is active!
2026-03-05 10:24:35,269 | INFO |  * Debugger PIN: 403-625-082
2026-03-05 10:24:35,612 | INFO |  * Detected change in 'C:\\Users\\pavat\\Downloads\\Python3_UpdateV8_2025_N\\Python38\\Lib\\site-packages\\sklearn\\base.py', reloading
2026-03-05 10:24:35,670 | INFO |  * Detected change in 'C:\\Users\\pavat\\Downloads\\Python3_UpdateV8_2025_N\\Python38\\Lib\\site-packages\\sklearn\\preprocessing\\_encoders.py', reloading
2026-03-05 10:24:36,393 | INFO |  * Restarting with watchdog (windowsapi)
2026-03-05 10:24:38,244 | INFO | Starting Employee Attrition Prediction API...
2026-03-05 10:24:38,244 | INFO | Model path from config: Employee_Retention/employee_attrition_model.pkl
2026-03-05 10:24:38,244 | INFO | Absolute model path: C:\Users\pavat\Desktop\HRReactWeb_AppV26\HRReactWeb_AppV26\Employee_Retention\employee_attrition_model.pkl
2026-03-05 10:24:38,244 | INFO | File exists? True
2026-03-05 10:24:38,250 | WARNING |  * Debugger is active!
2026-03-05 10:24:38,253 | INFO |  * Debugger PIN: 403-625-082
2026-03-05 10:25:31,232 | INFO | 127.0.0.1 - - [05/Mar/2026 10:25:31] "GET /api/test HTTP/1.1" 200 -
2026-03-05 10:25:49,709 | INFO | 127.0.0.1 - - [05/Mar/2026 10:25:49] "POST /api/predict/preview HTTP/1.1" 200 -
2026-03-05 10:25:51,777 | INFO | CSV loaded with 4 rows and columns: ['Age', 'BusinessTravel', 'JobRole', 'JobLevel', 'MonthlyIncome', 'OverTime']
2026-03-05 10:25:51,778 | INFO | Processing 4 employees for attrition prediction...
2026-03-05 10:25:51,778 | INFO | Predicting employee index 0...
2026-03-05 10:25:51,798 | INFO | Predicting employee index 1...
2026-03-05 10:25:51,815 | INFO | Predicting employee index 2...
2026-03-05 10:25:51,838 | INFO | Predicting employee index 3...
2026-03-05 10:25:51,865 | INFO | 127.0.0.1 - - [05/Mar/2026 10:25:51] "POST /api/predict/batch HTTP/1.1" 200 -
2026-03-05 10:26:01,433 | INFO | 127.0.0.1 - - [05/Mar/2026 10:26:01] "GET /api/test HTTP/1.1" 200 -
2026-03-05 10:29:11,803 | INFO | CSV loaded with 4 rows and columns: ['Age', 'BusinessTravel', 'JobRole', 'JobLevel', 'MonthlyIncome', 'OverTime']
2026-03-05 10:29:11,803 | INFO | Processing 4 employees for attrition prediction...
2026-03-05 10:29:11,804 | INFO | Predicting employee index 0...
2026-03-05 10:29:11,824 | INFO | Predicting employee index 1...
2026-03-05 10:29:11,846 | INFO | Predicting employee index 2...
2026-03-05 10:29:11,866 | INFO | Predicting employee index 3...
2026-03-05 10:29:11,893 | INFO | 127.0.0.1 - - [05/Mar/2026 10:29:11] "POST /api/predict/batch HTTP/1.1" 200 -
2026-03-05 10:29:16,953 | INFO | 127.0.0.1 - - [05/Mar/2026 10:29:16] "POST /api/predict/preview HTTP/1.1" 200 -
2026-03-05 10:31:04,404 | INFO | 127.0.0.1 - - [05/Mar/2026 10:31:04] "GET /api/test HTTP/1.1" 200 -
2026-03-05 10:31:11,595 | INFO | CSV loaded with 4 rows and columns: ['Age', 'BusinessTravel', 'JobRole', 'JobLevel', 'MonthlyIncome', 'OverTime']
2026-03-05 10:31:11,595 | INFO | Processing 4 employees for attrition prediction...
2026-03-05 10:31:11,595 | INFO | Predicting employee index 0...
2026-03-05 10:31:11,620 | INFO | Predicting employee index 1...
2026-03-05 10:31:11,641 | INFO | Predicting employee index 2...
2026-03-05 10:31:11,661 | INFO | Predicting employee index 3...
2026-03-05 10:31:11,689 | INFO | 127.0.0.1 - - [05/Mar/2026 10:31:11] "POST /api/predict/batch HTTP/1.1" 200 -
2026-03-05 10:31:17,480 | INFO | 127.0.0.1 - - [05/Mar/2026 10:31:17] "POST /api/predict/preview HTTP/1.1" 200 -
2026-03-05 10:31:37,912 | INFO | 127.0.0.1 - - [05/Mar/2026 10:31:37] "GET /api/test HTTP/1.1" 200 -
2026-03-05 10:31:59,297 | INFO | CSV loaded with 4 rows and columns: ['Age', 'BusinessTravel', 'JobRole', 'JobLevel', 'MonthlyIncome', 'OverTime']
2026-03-05 10:31:59,297 | INFO | Processing 4 employees for attrition prediction...
2026-03-05 10:31:59,297 | INFO | Predicting employee index 0...
2026-03-05 10:31:59,317 | INFO | Predicting employee index 1...
2026-03-05 10:31:59,336 | INFO | Predicting employee index 2...
2026-03-05 10:31:59,357 | INFO | Predicting employee index 3...
2026-03-05 10:31:59,382 | INFO | 127.0.0.1 - - [05/Mar/2026 10:31:59] "POST /api/predict/batch HTTP/1.1" 200 -
2026-03-05 10:32:03,195 | INFO | 127.0.0.1 - - [05/Mar/2026 10:32:03] "POST /api/predict/preview HTTP/1.1" 200 -
2026-03-05 10:34:02,311 | INFO | 127.0.0.1 - - [05/Mar/2026 10:34:02] "GET /api/test HTTP/1.1" 200 -
2026-03-05 10:34:12,785 | INFO | CSV loaded with 4 rows and columns: ['Age', 'BusinessTravel', 'JobRole', 'JobLevel', 'MonthlyIncome', 'OverTime']
2026-03-05 10:34:12,785 | INFO | Processing 4 employees for attrition prediction...
2026-03-05 10:34:12,786 | INFO | Predicting employee index 0...
2026-03-05 10:34:12,803 | INFO | Predicting employee index 1...
2026-03-05 10:34:12,824 | INFO | Predicting employee index 2...
2026-03-05 10:34:12,845 | INFO | Predicting employee index 3...
2026-03-05 10:34:12,872 | INFO | 127.0.0.1 - - [05/Mar/2026 10:34:12] "POST /api/predict/batch HTTP/1.1" 200 -
2026-03-05 10:34:17,639 | INFO | 127.0.0.1 - - [05/Mar/2026 10:34:17] "POST /api/predict/preview HTTP/1.1" 200 -
2026-03-05 10:37:07,292 | INFO | 127.0.0.1 - - [05/Mar/2026 10:37:07] "GET /api/test HTTP/1.1" 200 -
2026-03-05 10:37:17,609 | INFO | 127.0.0.1 - - [05/Mar/2026 10:37:17] "POST /api/predict/preview HTTP/1.1" 200 -
2026-03-05 10:37:24,160 | INFO | CSV loaded with 4 rows and columns: ['Age', 'BusinessTravel', 'JobRole', 'JobLevel', 'MonthlyIncome', 'OverTime']
2026-03-05 10:37:24,160 | INFO | Processing 4 employees for attrition prediction...
2026-03-05 10:37:24,160 | INFO | Predicting employee index 0...
2026-03-05 10:37:24,178 | INFO | Predicting employee index 1...
2026-03-05 10:37:24,198 | INFO | Predicting employee index 2...
2026-03-05 10:37:24,221 | INFO | Predicting employee index 3...
2026-03-05 10:37:24,247 | INFO | 127.0.0.1 - - [05/Mar/2026 10:37:24] "POST /api/predict/batch HTTP/1.1" 200 -
2026-03-05 10:42:56,912 | INFO |  * Detected change in 'C:\\Users\\pavat\\Desktop\\HRReactWeb_AppV26\\HRReactWeb_AppV26\\Cv_Screen\\config.py', reloading
2026-03-05 10:42:56,920 | INFO |  * Detected change in 'C:\\Users\\pavat\\Desktop\\HRReactWeb_AppV26\\HRReactWeb_AppV26\\Cv_Screen\\Data_Validators.py', reloading
2026-03-05 10:42:56,935 | INFO |  * Detected change in 'C:\\Users\\pavat\\Desktop\\HRReactWeb_AppV26\\HRReactWeb_AppV26\\Cv_Screen\\Prediction.py', reloading
2026-03-05 10:42:56,942 | INFO |  * Detected change in 'C:\\Users\\pavat\\Desktop\\HRReactWeb_AppV26\\HRReactWeb_AppV26\\Cv_Screen\\Prediction_advance.py', reloading
2026-03-05 10:42:56,950 | INFO |  * Detected change in 'C:\\Users\\pavat\\Desktop\\HRReactWeb_AppV26\\HRReactWeb_AppV26\\Cv_Screen\\preprocess.py', reloading
2026-03-05 10:42:56,955 | INFO |  * Detected change in 'C:\\Users\\pavat\\Desktop\\HRReactWeb_AppV26\\HRReactWeb_AppV26\\Cv_Screen\\Setup_File.py', reloading
2026-03-05 10:42:56,963 | INFO |  * Detected change in 'C:\\Users\\pavat\\Desktop\\HRReactWeb_AppV26\\HRReactWeb_AppV26\\Cv_Screen\\Train.py', reloading
2026-03-05 10:42:57,101 | INFO |  * Detected change in 'C:\\Users\\pavat\\Desktop\\HRReactWeb_AppV26\\HRReactWeb_AppV26\\Dynamic_Interview\\Config.py', reloading
2026-03-05 10:42:57,110 | INFO |  * Detected change in 'C:\\Users\\pavat\\Desktop\\HRReactWeb_AppV26\\HRReactWeb_AppV26\\Dynamic_Interview\\Data_Validators.py', reloading
2026-03-05 10:42:57,188 | INFO |  * Detected change in 'C:\\Users\\pavat\\Desktop\\HRReactWeb_AppV26\\HRReactWeb_AppV26\\Dynamic_Interview\\PredictModel.py', reloading
2026-03-05 10:42:57,206 | INFO |  * Detected change in 'C:\\Users\\pavat\\Desktop\\HRReactWeb_AppV26\\HRReactWeb_AppV26\\Dynamic_Interview\\QuestionGenerator.py', reloading
2026-03-05 10:42:57,299 | INFO |  * Detected change in 'C:\\Users\\pavat\\Desktop\\HRReactWeb_AppV26\\HRReactWeb_AppV26\\Dynamic_Interview\\test.py', reloading
2026-03-05 10:42:57,311 | INFO |  * Detected change in 'C:\\Users\\pavat\\Desktop\\HRReactWeb_AppV26\\HRReactWeb_AppV26\\Dynamic_Interview\\TrainModel.py', reloading
2026-03-05 10:42:57,756 | INFO |  * Restarting with watchdog (windowsapi)
2026-03-05 10:43:00,978 | INFO | Starting Employee Attrition Prediction API...
2026-03-05 10:43:00,978 | INFO | Model path from config: Employee_Retention/employee_attrition_model.pkl
2026-03-05 10:43:00,979 | INFO | Absolute model path: C:\Users\pavat\Desktop\HRReactWeb_AppV26\HRReactWeb_AppV26\Employee_Retention\employee_attrition_model.pkl
2026-03-05 10:43:00,979 | INFO | File exists? True
2026-03-05 10:43:00,995 | WARNING |  * Debugger is active!
2026-03-05 10:43:01,004 | INFO |  * Debugger PIN: 403-625-082
